Period,Node,increment,scale,value
14/11/2020 0:00,KIN0111,,,18.8
14/11/2020 0:00,KIN0112,,,10.6
14/11/2020 0:00,KIN0113,,,26.01
14/11/2020 0:30,KIN0111,,,18.8
14/11/2020 0:30,KIN0112,,,10.6
14/11/2020 0:30,KIN0113,,,26.01
14/11/2020 1:00,KIN0111,,,18.8
14/11/2020 1:00,KIN0112,,,10.6
14/11/2020 1:00,KIN0113,,,26.01
14/11/2020 1:30,KIN0111,,,18.8
14/11/2020 1:30,KIN0112,,,10.6
14/11/2020 1:30,KIN0113,,,26.01
14/11/2020 2:00,KIN0111,,,18.8
14/11/2020 2:00,KIN0112,,,10.6
14/11/2020 2:00,KIN0113,,,26.01
14/11/2020 2:30,KIN0111,,,18.8
14/11/2020 2:30,KIN0112,,,10.6
14/11/2020 2:30,KIN0113,,,26.01
14/11/2020 3:00,KIN0111,,,18.8
14/11/2020 3:00,KIN0112,,,11.6
14/11/2020 3:00,KIN0113,,,26.01
14/11/2020 3:30,KIN0111,,,18.8
14/11/2020 3:30,KIN0112,,,12
14/11/2020 3:30,KIN0113,,,31.57
14/11/2020 4:00,KIN0111,,,18.8
14/11/2020 4:00,KIN0112,,,12
14/11/2020 4:00,KIN0113,,,31.57
14/11/2020 4:30,KIN0111,,,18.8
14/11/2020 4:30,KIN0112,,,12
14/11/2020 4:30,KIN0113,,,31.57
14/11/2020 5:00,KIN0111,,,18.8
14/11/2020 5:00,KIN0112,,,12
14/11/2020 5:00,KIN0113,,,31.57
14/11/2020 5:30,KIN0111,,,18.8
14/11/2020 5:30,KIN0112,,,12
14/11/2020 5:30,KIN0113,,,31.57
14/11/2020 6:00,KIN0111,,,18.8
14/11/2020 6:00,KIN0112,,,13
14/11/2020 6:00,KIN0113,,,31.63
14/11/2020 6:30,KIN0111,,,18.8
14/11/2020 6:30,KIN0112,,,13
14/11/2020 6:30,KIN0113,,,31.63
14/11/2020 7:00,KIN0111,,,18.8
14/11/2020 7:00,KIN0112,,,13
14/11/2020 7:00,KIN0113,,,32.08
14/11/2020 7:30,KIN0111,,,18.8
14/11/2020 7:30,KIN0112,,,13
14/11/2020 7:30,KIN0113,,,32.08
14/11/2020 8:00,KIN0111,,,18.8
14/11/2020 8:00,KIN0112,,,13
14/11/2020 8:00,KIN0113,,,32.08
14/11/2020 8:30,KIN0111,,,18.8
14/11/2020 8:30,KIN0112,,,13
14/11/2020 8:30,KIN0113,,,32.08
14/11/2020 9:00,KIN0111,,,18.8
14/11/2020 9:00,KIN0112,,,13
14/11/2020 9:00,KIN0113,,,32.08
14/11/2020 9:30,KIN0111,,,18.8
14/11/2020 9:30,KIN0112,,,13
14/11/2020 9:30,KIN0113,,,32.14
14/11/2020 10:00,KIN0111,,,18.8
14/11/2020 10:00,KIN0112,,,13
14/11/2020 10:00,KIN0113,,,32.14
14/11/2020 10:30,KIN0111,,,18.8
14/11/2020 10:30,KIN0112,,,13
14/11/2020 10:30,KIN0113,,,32.14
14/11/2020 11:00,KIN0111,,,18.8
14/11/2020 11:00,KIN0112,,,13
14/11/2020 11:00,KIN0113,,,32.14
14/11/2020 11:30,KIN0111,,,18.8
14/11/2020 11:30,KIN0112,,,13
14/11/2020 11:30,KIN0113,,,32.14
14/11/2020 12:00,KIN0111,,,18.8
14/11/2020 12:00,KIN0112,,,13
14/11/2020 12:00,KIN0113,,,32.14
14/11/2020 12:30,KIN0111,,,18.8
14/11/2020 12:30,KIN0112,,,13
14/11/2020 12:30,KIN0113,,,32.14
14/11/2020 13:00,KIN0111,,,18.8
14/11/2020 13:00,KIN0112,,,13
14/11/2020 13:00,KIN0113,,,32.14
14/11/2020 13:30,KIN0111,,,18.8
14/11/2020 13:30,KIN0112,,,13
14/11/2020 13:30,KIN0113,,,32.14
14/11/2020 14:00,KIN0111,,,18.8
14/11/2020 14:00,KIN0112,,,13
14/11/2020 14:00,KIN0113,,,32.14
14/11/2020 14:30,KIN0111,,,18.8
14/11/2020 14:30,KIN0112,,,13
14/11/2020 14:30,KIN0113,,,32.14
14/11/2020 15:00,KIN0111,,,18.8
14/11/2020 15:00,KIN0112,,,13
14/11/2020 15:00,KIN0113,,,32.14
14/11/2020 15:30,KIN0111,,,18.8
14/11/2020 15:30,KIN0112,,,13
14/11/2020 15:30,KIN0113,,,32.14
14/11/2020 16:00,KIN0111,,,18.8
14/11/2020 16:00,KIN0112,,,13
14/11/2020 16:00,KIN0113,,,32.59
14/11/2020 16:30,KIN0111,,,18.8
14/11/2020 16:30,KIN0112,,,13
14/11/2020 16:30,KIN0113,,,32.59
14/11/2020 17:00,KIN0111,,,18.8
14/11/2020 17:00,KIN0112,,,13
14/11/2020 17:00,KIN0113,,,32.69
14/11/2020 17:30,KIN0111,,,18.8
14/11/2020 17:30,KIN0112,,,13
14/11/2020 17:30,KIN0113,,,32.69
14/11/2020 18:00,KIN0111,,,18.8
14/11/2020 18:00,KIN0112,,,13
14/11/2020 18:00,KIN0113,,,32.69
14/11/2020 18:30,KIN0111,,,18.8
14/11/2020 18:30,KIN0112,,,13
14/11/2020 18:30,KIN0113,,,32.69
14/11/2020 19:00,KIN0111,,,18.8
14/11/2020 19:00,KIN0112,,,13
14/11/2020 19:00,KIN0113,,,32.69
14/11/2020 19:30,KIN0111,,,18.8
14/11/2020 19:30,KIN0112,,,13
14/11/2020 19:30,KIN0113,,,32.79
14/11/2020 20:00,KIN0111,,,18.8
14/11/2020 20:00,KIN0112,,,13
14/11/2020 20:00,KIN0113,,,32.79
14/11/2020 20:30,KIN0111,,,18.8
14/11/2020 20:30,KIN0112,,,13
14/11/2020 20:30,KIN0113,,,32.89
14/11/2020 21:00,KIN0111,,,18.8
14/11/2020 21:00,KIN0112,,,13
14/11/2020 21:00,KIN0113,,,32.99
14/11/2020 21:30,KIN0111,,,18.8
14/11/2020 21:30,KIN0112,,,13
14/11/2020 21:30,KIN0113,,,32.99
14/11/2020 22:00,KIN0111,,,18.8
14/11/2020 22:00,KIN0112,,,13
14/11/2020 22:00,KIN0113,,,32.99
14/11/2020 22:30,KIN0111,,,18.8
14/11/2020 22:30,KIN0112,,,13
14/11/2020 22:30,KIN0113,,,33.19
14/11/2020 23:00,KIN0111,,,18.8
14/11/2020 23:00,KIN0112,,,13
14/11/2020 23:00,KIN0113,,,33.64
14/11/2020 23:30,KIN0111,,,18.8
14/11/2020 23:30,KIN0112,,,13
14/11/2020 23:30,KIN0113,,,33.64
15/11/2020 0:00,KIN0111,,,18.8
15/11/2020 0:00,KIN0112,,,13
15/11/2020 0:00,KIN0113,,,33.7
15/11/2020 0:30,KIN0111,,,18.8
15/11/2020 0:30,KIN0112,,,13
15/11/2020 0:30,KIN0113,,,33.7
15/11/2020 1:00,KIN0111,,,18.8
15/11/2020 1:00,KIN0112,,,13
15/11/2020 1:00,KIN0113,,,33.7
15/11/2020 1:30,KIN0111,,,18.8
15/11/2020 1:30,KIN0112,,,13
15/11/2020 1:30,KIN0113,,,33.7
15/11/2020 2:00,KIN0111,,,18.8
15/11/2020 2:00,KIN0112,,,13
15/11/2020 2:00,KIN0113,,,33.7
15/11/2020 2:30,KIN0111,,,18.8
15/11/2020 2:30,KIN0112,,,13
15/11/2020 2:30,KIN0113,,,33.7
15/11/2020 3:00,KIN0111,,,18.8
15/11/2020 3:00,KIN0112,,,13
15/11/2020 3:00,KIN0113,,,33.7
15/11/2020 3:30,KIN0111,,,18.8
15/11/2020 3:30,KIN0112,,,13
15/11/2020 3:30,KIN0113,,,33.8
15/11/2020 4:00,KIN0111,,,18.8
15/11/2020 4:00,KIN0112,,,13
15/11/2020 4:00,KIN0113,,,33.8
15/11/2020 4:30,KIN0111,,,18.8
15/11/2020 4:30,KIN0112,,,13
15/11/2020 4:30,KIN0113,,,33.8
15/11/2020 5:00,KIN0111,,,18.8
15/11/2020 5:00,KIN0112,,,13
15/11/2020 5:00,KIN0113,,,33.8
15/11/2020 5:30,KIN0111,,,18.8
15/11/2020 5:30,KIN0112,,,13
15/11/2020 5:30,KIN0113,,,33.8
15/11/2020 6:00,KIN0111,,,18.8
15/11/2020 6:00,KIN0112,,,13
15/11/2020 6:00,KIN0113,,,33.9
15/11/2020 6:30,KIN0111,,,18.8
15/11/2020 6:30,KIN0112,,,13
15/11/2020 6:30,KIN0113,,,34
15/11/2020 7:00,KIN0111,,,18.8
15/11/2020 7:00,KIN0112,,,13
15/11/2020 7:00,KIN0113,,,34.06
15/11/2020 7:30,KIN0111,,,18.8
15/11/2020 7:30,KIN0112,,,13
15/11/2020 7:30,KIN0113,,,34.06
15/11/2020 8:00,KIN0111,,,18.8
15/11/2020 8:00,KIN0112,,,13
15/11/2020 8:00,KIN0113,,,34.16
15/11/2020 8:30,KIN0111,,,18.8
15/11/2020 8:30,KIN0112,,,13
15/11/2020 8:30,KIN0113,,,34.26
15/11/2020 9:00,KIN0111,,,18.8
15/11/2020 9:00,KIN0112,,,13
15/11/2020 9:00,KIN0113,,,34.26
15/11/2020 9:30,KIN0111,,,18.8
15/11/2020 9:30,KIN0112,,,13
15/11/2020 9:30,KIN0113,,,34.26
15/11/2020 10:00,KIN0111,,,18.8
15/11/2020 10:00,KIN0112,,,13
15/11/2020 10:00,KIN0113,,,34.36
15/11/2020 10:30,KIN0111,,,18.8
15/11/2020 10:30,KIN0112,,,13
15/11/2020 10:30,KIN0113,,,34.36
15/11/2020 11:00,KIN0111,,,18.8
15/11/2020 11:00,KIN0112,,,13
15/11/2020 11:00,KIN0113,,,34.36
15/11/2020 11:30,KIN0111,,,18.8
15/11/2020 11:30,KIN0112,,,13
15/11/2020 11:30,KIN0113,,,34.46
15/11/2020 12:00,KIN0111,,,18.8
15/11/2020 12:00,KIN0112,,,13
15/11/2020 12:00,KIN0113,,,34.46
15/11/2020 12:30,KIN0111,,,18.8
15/11/2020 12:30,KIN0112,,,13
15/11/2020 12:30,KIN0113,,,34.46
15/11/2020 13:00,KIN0111,,,18.8
15/11/2020 13:00,KIN0112,,,13
15/11/2020 13:00,KIN0113,,,34.46
15/11/2020 13:30,KIN0111,,,18.8
15/11/2020 13:30,KIN0112,,,13
15/11/2020 13:30,KIN0113,,,34.46
15/11/2020 14:00,KIN0111,,,18.8
15/11/2020 14:00,KIN0112,,,13
15/11/2020 14:00,KIN0113,,,34.52
15/11/2020 14:30,KIN0111,,,18.8
15/11/2020 14:30,KIN0112,,,13
15/11/2020 14:30,KIN0113,,,34.52
15/11/2020 15:00,KIN0111,,,18.8
15/11/2020 15:00,KIN0112,,,13
15/11/2020 15:00,KIN0113,,,34.52
15/11/2020 15:30,KIN0111,,,18.8
15/11/2020 15:30,KIN0112,,,13
15/11/2020 15:30,KIN0113,,,34.52
15/11/2020 16:00,KIN0111,,,18.8
15/11/2020 16:00,KIN0112,,,13
15/11/2020 16:00,KIN0113,,,34.52
15/11/2020 16:30,KIN0111,,,18.8
15/11/2020 16:30,KIN0112,,,13
15/11/2020 16:30,KIN0113,,,34.52
15/11/2020 17:00,KIN0111,,,18.8
15/11/2020 17:00,KIN0112,,,13
15/11/2020 17:00,KIN0113,,,34.52
15/11/2020 17:30,KIN0111,,,18.8
15/11/2020 17:30,KIN0112,,,13
15/11/2020 17:30,KIN0113,,,34.52
15/11/2020 18:00,KIN0111,,,18.8
15/11/2020 18:00,KIN0112,,,13
15/11/2020 18:00,KIN0113,,,34.52
15/11/2020 18:30,KIN0111,,,18.8
15/11/2020 18:30,KIN0112,,,13
15/11/2020 18:30,KIN0113,,,34.52
15/11/2020 19:00,KIN0111,,,18.8
15/11/2020 19:00,KIN0112,,,13
15/11/2020 19:00,KIN0113,,,34.52
15/11/2020 19:30,KIN0111,,,18.8
15/11/2020 19:30,KIN0112,,,13
15/11/2020 19:30,KIN0113,,,34.52
15/11/2020 20:00,KIN0111,,,18.8
15/11/2020 20:00,KIN0112,,,13
15/11/2020 20:00,KIN0113,,,34.52
15/11/2020 20:30,KIN0111,,,18.8
15/11/2020 20:30,KIN0112,,,13
15/11/2020 20:30,KIN0113,,,34.52
15/11/2020 21:00,KIN0111,,,18.8
15/11/2020 21:00,KIN0112,,,13
15/11/2020 21:00,KIN0113,,,34.52
15/11/2020 21:30,KIN0111,,,18.8
15/11/2020 21:30,KIN0112,,,13
15/11/2020 21:30,KIN0113,,,34.52
15/11/2020 22:00,KIN0111,,,18.8
15/11/2020 22:00,KIN0112,,,13
15/11/2020 22:00,KIN0113,,,34.58
15/11/2020 22:30,KIN0111,,,18.8
15/11/2020 22:30,KIN0112,,,13
15/11/2020 22:30,KIN0113,,,34.76
15/11/2020 23:00,KIN0111,,,18.8
15/11/2020 23:00,KIN0112,,,13
15/11/2020 23:00,KIN0113,,,34.76
15/11/2020 23:30,KIN0111,,,18.8
15/11/2020 23:30,KIN0112,,,13
15/11/2020 23:30,KIN0113,,,34.76
16/11/2020 0:00,KIN0111,,,18.8
16/11/2020 0:00,KIN0112,,,13
16/11/2020 0:00,KIN0113,,,34.94
16/11/2020 0:30,KIN0111,,,18.8
16/11/2020 0:30,KIN0112,,,13
16/11/2020 0:30,KIN0113,,,34.94
16/11/2020 1:00,KIN0111,,,18.8
16/11/2020 1:00,KIN0112,,,13
16/11/2020 1:00,KIN0113,,,34.94
16/11/2020 1:30,KIN0111,,,18.8
16/11/2020 1:30,KIN0112,,,13
16/11/2020 1:30,KIN0113,,,35.12
16/11/2020 2:00,KIN0111,,,18.8
16/11/2020 2:00,KIN0112,,,13
16/11/2020 2:00,KIN0113,,,35.12
16/11/2020 2:30,KIN0111,,,18.8
16/11/2020 2:30,KIN0112,,,13
16/11/2020 2:30,KIN0113,,,35.12
16/11/2020 3:00,KIN0111,,,18.8
16/11/2020 3:00,KIN0112,,,13
16/11/2020 3:00,KIN0113,,,35.12
16/11/2020 3:30,KIN0111,,,18.8
16/11/2020 3:30,KIN0112,,,13
16/11/2020 3:30,KIN0113,,,35.3
16/11/2020 4:00,KIN0111,,,18.8
16/11/2020 4:00,KIN0112,,,13
16/11/2020 4:00,KIN0113,,,35.3
16/11/2020 4:30,KIN0111,,,18.8
16/11/2020 4:30,KIN0112,,,13
16/11/2020 4:30,KIN0113,,,35.3
16/11/2020 5:00,KIN0111,,,18.8
16/11/2020 5:00,KIN0112,,,13
16/11/2020 5:00,KIN0113,,,35.3
16/11/2020 5:30,KIN0111,,,18.8
16/11/2020 5:30,KIN0112,,,13
16/11/2020 5:30,KIN0113,,,35.48
16/11/2020 6:00,KIN0111,,,18.8
16/11/2020 6:00,KIN0112,,,13
16/11/2020 6:00,KIN0113,,,35.48
16/11/2020 6:30,KIN0111,,,18.8
16/11/2020 6:30,KIN0112,,,13
16/11/2020 6:30,KIN0113,,,35.48
16/11/2020 7:00,KIN0111,,,18.8
16/11/2020 7:00,KIN0112,,,13
16/11/2020 7:00,KIN0113,,,35.48
16/11/2020 7:30,KIN0111,,,18.8
16/11/2020 7:30,KIN0112,,,13
16/11/2020 7:30,KIN0113,,,35.66
16/11/2020 8:00,KIN0111,,,18.8
16/11/2020 8:00,KIN0112,,,13
16/11/2020 8:00,KIN0113,,,35.66
16/11/2020 8:30,KIN0111,,,18.8
16/11/2020 8:30,KIN0112,,,13
16/11/2020 8:30,KIN0113,,,35.66
16/11/2020 9:00,KIN0111,,,18.8
16/11/2020 9:00,KIN0112,,,13
16/11/2020 9:00,KIN0113,,,35.66
16/11/2020 9:30,KIN0111,,,18.8
16/11/2020 9:30,KIN0112,,,13
16/11/2020 9:30,KIN0113,,,35.84
16/11/2020 10:00,KIN0111,,,18.8
16/11/2020 10:00,KIN0112,,,13
16/11/2020 10:00,KIN0113,,,35.84
16/11/2020 10:30,KIN0111,,,18.8
16/11/2020 10:30,KIN0112,,,5
16/11/2020 10:30,KIN0113,,,17
16/11/2020 11:00,KIN0111,,,17.5
16/11/2020 11:00,KIN0112,,,5
16/11/2020 11:00,KIN0113,,,17
16/11/2020 11:30,KIN0111,,,17.5
16/11/2020 11:30,KIN0112,,,5
16/11/2020 11:30,KIN0113,,,17
16/11/2020 12:00,KIN0111,,,17.5
16/11/2020 12:00,KIN0112,,,5
16/11/2020 12:00,KIN0113,,,17
16/11/2020 12:30,KIN0111,,,17.5
16/11/2020 12:30,KIN0112,,,5
16/11/2020 12:30,KIN0113,,,17
16/11/2020 13:00,KIN0111,,,17.5
16/11/2020 13:00,KIN0112,,,5
16/11/2020 13:00,KIN0113,,,17
16/11/2020 13:30,KIN0111,,,17.5
16/11/2020 13:30,KIN0112,,,5
16/11/2020 13:30,KIN0113,,,17
16/11/2020 14:00,KIN0111,,,17.5
16/11/2020 14:00,KIN0112,,,5
16/11/2020 14:00,KIN0113,,,17
16/11/2020 14:30,KIN0111,,,17.5
16/11/2020 14:30,KIN0112,,,5
16/11/2020 14:30,KIN0113,,,17
16/11/2020 15:00,KIN0111,,,17.5
16/11/2020 15:00,KIN0112,,,5
16/11/2020 15:00,KIN0113,,,17
16/11/2020 15:30,KIN0111,,,17.5
16/11/2020 15:30,KIN0112,,,5
16/11/2020 15:30,KIN0113,,,17
16/11/2020 16:00,KIN0111,,,17.5
16/11/2020 16:00,KIN0112,,,5
16/11/2020 16:00,KIN0113,,,17
16/11/2020 16:30,KIN0111,,,17.5
16/11/2020 16:30,KIN0112,,,5
16/11/2020 16:30,KIN0113,,,17
16/11/2020 17:00,KIN0111,,,17.5
16/11/2020 17:00,KIN0112,,,5
16/11/2020 17:00,KIN0113,,,17
16/11/2020 17:30,KIN0111,,,17.5
16/11/2020 17:30,KIN0112,,,5
16/11/2020 17:30,KIN0113,,,17
16/11/2020 18:00,KIN0111,,,17.5
16/11/2020 18:00,KIN0112,,,5
16/11/2020 18:00,KIN0113,,,17
16/11/2020 18:30,KIN0111,,,17.5
16/11/2020 18:30,KIN0112,,,5
16/11/2020 18:30,KIN0113,,,17
16/11/2020 19:00,KIN0111,,,17.5
16/11/2020 19:00,KIN0112,,,5
16/11/2020 19:00,KIN0113,,,17
16/11/2020 19:30,KIN0111,,,17.5
16/11/2020 19:30,KIN0112,,,5
16/11/2020 19:30,KIN0113,,,17
16/11/2020 20:00,KIN0111,,,17.5
16/11/2020 20:00,KIN0112,,,5
16/11/2020 20:00,KIN0113,,,17
16/11/2020 20:30,KIN0111,,,17.5
16/11/2020 20:30,KIN0112,,,5
16/11/2020 20:30,KIN0113,,,17
16/11/2020 21:00,KIN0111,,,17.5
16/11/2020 21:00,KIN0112,,,5
16/11/2020 21:00,KIN0113,,,17
16/11/2020 21:30,KIN0111,,,17.5
16/11/2020 21:30,KIN0112,,,5
16/11/2020 21:30,KIN0113,,,17
16/11/2020 22:00,KIN0111,,,17.5
16/11/2020 22:00,KIN0112,,,5
16/11/2020 22:00,KIN0113,,,17
16/11/2020 22:30,KIN0111,,,17.5
16/11/2020 22:30,KIN0112,,,5
16/11/2020 22:30,KIN0113,,,17
16/11/2020 23:00,KIN0111,,,17.5
16/11/2020 23:00,KIN0112,,,5
16/11/2020 23:00,KIN0113,,,17
16/11/2020 23:30,KIN0111,,,17.5
16/11/2020 23:30,KIN0112,,,5
16/11/2020 23:30,KIN0113,,,17
17/11/2020 0:00,KIN0111,,,17.5
17/11/2020 0:00,KIN0112,,,5
17/11/2020 0:00,KIN0113,,,17
17/11/2020 0:30,KIN0111,,,17.5
17/11/2020 0:30,KIN0112,,,5
17/11/2020 0:30,KIN0113,,,17
17/11/2020 1:00,KIN0111,,,17.5
17/11/2020 1:00,KIN0112,,,5
17/11/2020 1:00,KIN0113,,,17
17/11/2020 1:30,KIN0111,,,17.5
17/11/2020 1:30,KIN0112,,,5
17/11/2020 1:30,KIN0113,,,17
17/11/2020 2:00,KIN0111,,,17.5
17/11/2020 2:00,KIN0112,,,5
17/11/2020 2:00,KIN0113,,,17
17/11/2020 2:30,KIN0111,,,17.5
17/11/2020 2:30,KIN0112,,,5
17/11/2020 2:30,KIN0113,,,17
17/11/2020 3:00,KIN0111,,,17.5
17/11/2020 3:00,KIN0112,,,5
17/11/2020 3:00,KIN0113,,,17
17/11/2020 3:30,KIN0111,,,17.5
17/11/2020 3:30,KIN0112,,,5
17/11/2020 3:30,KIN0113,,,17
17/11/2020 4:00,KIN0111,,,17.5
17/11/2020 4:00,KIN0112,,,5
17/11/2020 4:00,KIN0113,,,17
17/11/2020 4:30,KIN0111,,,17.5
17/11/2020 4:30,KIN0112,,,5
17/11/2020 4:30,KIN0113,,,17
17/11/2020 5:00,KIN0111,,,17.5
17/11/2020 5:00,KIN0112,,,5
17/11/2020 5:00,KIN0113,,,17
17/11/2020 5:30,KIN0111,,,17.5
17/11/2020 5:30,KIN0112,,,5
17/11/2020 5:30,KIN0113,,,17
17/11/2020 6:00,KIN0111,,,17.5
17/11/2020 6:00,KIN0112,,,5
17/11/2020 6:00,KIN0113,,,17
17/11/2020 6:30,KIN0111,,,17.5
17/11/2020 6:30,KIN0112,,,5
17/11/2020 6:30,KIN0113,,,17
17/11/2020 7:00,KIN0111,,,17.5
17/11/2020 7:00,KIN0112,,,5
17/11/2020 7:00,KIN0113,,,17
17/11/2020 7:30,KIN0111,,,17.5
17/11/2020 7:30,KIN0112,,,5
17/11/2020 7:30,KIN0113,,,17
17/11/2020 8:00,KIN0111,,,17.5
17/11/2020 8:00,KIN0112,,,5
17/11/2020 8:00,KIN0113,,,17
17/11/2020 8:30,KIN0111,,,17.5
17/11/2020 8:30,KIN0112,,,5
17/11/2020 8:30,KIN0113,,,17
17/11/2020 9:00,KIN0111,,,17.5
17/11/2020 9:00,KIN0112,,,5
17/11/2020 9:00,KIN0113,,,17
17/11/2020 9:30,KIN0111,,,17.5
17/11/2020 9:30,KIN0112,,,5
17/11/2020 9:30,KIN0113,,,17
17/11/2020 10:00,KIN0111,,,17.5
17/11/2020 10:00,KIN0112,,,5
17/11/2020 10:00,KIN0113,,,17
17/11/2020 10:30,KIN0111,,,17.5
17/11/2020 10:30,KIN0112,,,5
17/11/2020 10:30,KIN0113,,,17
17/11/2020 11:00,KIN0111,,,17.5
17/11/2020 11:00,KIN0112,,,5
17/11/2020 11:00,KIN0113,,,17
17/11/2020 11:30,KIN0111,,,17.5
17/11/2020 11:30,KIN0112,,,5
17/11/2020 11:30,KIN0113,,,17
17/11/2020 12:00,KIN0111,,,17.5
17/11/2020 12:00,KIN0112,,,5
17/11/2020 12:00,KIN0113,,,17
17/11/2020 12:30,KIN0111,,,17.5
17/11/2020 12:30,KIN0112,,,5
17/11/2020 12:30,KIN0113,,,17
17/11/2020 13:00,KIN0111,,,17.5
17/11/2020 13:00,KIN0112,,,5
17/11/2020 13:00,KIN0113,,,17
17/11/2020 13:30,KIN0111,,,17.5
17/11/2020 13:30,KIN0112,,,5
17/11/2020 13:30,KIN0113,,,17
17/11/2020 14:00,KIN0111,,,17.5
17/11/2020 14:00,KIN0112,,,5
17/11/2020 14:00,KIN0113,,,17
17/11/2020 14:30,KIN0111,,,17.5
17/11/2020 14:30,KIN0112,,,5
17/11/2020 14:30,KIN0113,,,17
17/11/2020 15:00,KIN0111,,,17.5
17/11/2020 15:00,KIN0112,,,5
17/11/2020 15:00,KIN0113,,,17
17/11/2020 15:30,KIN0111,,,17.5
17/11/2020 15:30,KIN0112,,,5
17/11/2020 15:30,KIN0113,,,17
17/11/2020 16:00,KIN0111,,,17.5
17/11/2020 16:00,KIN0112,,,5
17/11/2020 16:00,KIN0113,,,17
17/11/2020 16:30,KIN0111,,,17.5
17/11/2020 16:30,KIN0112,,,5
17/11/2020 16:30,KIN0113,,,17
17/11/2020 17:00,KIN0111,,,17.5
17/11/2020 17:00,KIN0112,,,5
17/11/2020 17:00,KIN0113,,,17
17/11/2020 17:30,KIN0111,,,17.5
17/11/2020 17:30,KIN0112,,,5
17/11/2020 17:30,KIN0113,,,17
17/11/2020 18:00,KIN0111,,,17.5
17/11/2020 18:00,KIN0112,,,5
17/11/2020 18:00,KIN0113,,,17
17/11/2020 18:30,KIN0111,,,17.5
17/11/2020 18:30,KIN0112,,,5
17/11/2020 18:30,KIN0113,,,17
17/11/2020 19:00,KIN0111,,,17.5
17/11/2020 19:00,KIN0112,,,5
17/11/2020 19:00,KIN0113,,,17
17/11/2020 19:30,KIN0111,,,17.5
17/11/2020 19:30,KIN0112,,,5
17/11/2020 19:30,KIN0113,,,17
17/11/2020 20:00,KIN0111,,,17.5
17/11/2020 20:00,KIN0112,,,5
17/11/2020 20:00,KIN0113,,,17
17/11/2020 20:30,KIN0111,,,17.5
17/11/2020 20:30,KIN0112,,,5
17/11/2020 20:30,KIN0113,,,17
17/11/2020 21:00,KIN0111,,,17.5
17/11/2020 21:00,KIN0112,,,5
17/11/2020 21:00,KIN0113,,,17
17/11/2020 21:30,KIN0111,,,17.5
17/11/2020 21:30,KIN0112,,,5
17/11/2020 21:30,KIN0113,,,17
17/11/2020 22:00,KIN0111,,,17.5
17/11/2020 22:00,KIN0112,,,5
17/11/2020 22:00,KIN0113,,,17
17/11/2020 22:30,KIN0111,,,17.5
17/11/2020 22:30,KIN0112,,,5
17/11/2020 22:30,KIN0113,,,17
17/11/2020 23:00,KIN0111,,,17.5
17/11/2020 23:00,KIN0112,,,5
17/11/2020 23:00,KIN0113,,,17
17/11/2020 23:30,KIN0111,,,17.5
17/11/2020 23:30,KIN0112,,,5
17/11/2020 23:30,KIN0113,,,17
18/11/2020 0:00,KIN0111,,,17.5
18/11/2020 0:00,KIN0112,,,5
18/11/2020 0:00,KIN0113,,,17
18/11/2020 0:30,KIN0111,,,17.5
18/11/2020 0:30,KIN0112,,,5
18/11/2020 0:30,KIN0113,,,17
18/11/2020 1:00,KIN0111,,,17.5
18/11/2020 1:00,KIN0112,,,5
18/11/2020 1:00,KIN0113,,,17
18/11/2020 1:30,KIN0111,,,17.5
18/11/2020 1:30,KIN0112,,,5
18/11/2020 1:30,KIN0113,,,17
18/11/2020 2:00,KIN0111,,,17.5
18/11/2020 2:00,KIN0112,,,5
18/11/2020 2:00,KIN0113,,,17
18/11/2020 2:30,KIN0111,,,17.5
18/11/2020 2:30,KIN0112,,,5
18/11/2020 2:30,KIN0113,,,17
18/11/2020 3:00,KIN0111,,,17.5
18/11/2020 3:00,KIN0112,,,5
18/11/2020 3:00,KIN0113,,,17
18/11/2020 3:30,KIN0111,,,17.5
18/11/2020 3:30,KIN0112,,,5
18/11/2020 3:30,KIN0113,,,17
18/11/2020 4:00,KIN0111,,,17.5
18/11/2020 4:00,KIN0112,,,5
18/11/2020 4:00,KIN0113,,,17
18/11/2020 4:30,KIN0111,,,17.5
18/11/2020 4:30,KIN0112,,,5
18/11/2020 4:30,KIN0113,,,17
18/11/2020 5:00,KIN0111,,,17.5
18/11/2020 5:00,KIN0112,,,5
18/11/2020 5:00,KIN0113,,,17
18/11/2020 5:30,KIN0111,,,17.5
18/11/2020 5:30,KIN0112,,,5
18/11/2020 5:30,KIN0113,,,17
18/11/2020 6:00,KIN0111,,,17.5
18/11/2020 6:00,KIN0112,,,5
18/11/2020 6:00,KIN0113,,,17
18/11/2020 6:30,KIN0111,,,17.5
18/11/2020 6:30,KIN0112,,,5
18/11/2020 6:30,KIN0113,,,17
18/11/2020 7:00,KIN0111,,,17.5
18/11/2020 7:00,KIN0112,,,5
18/11/2020 7:00,KIN0113,,,17
18/11/2020 7:30,KIN0111,,,17.5
18/11/2020 7:30,KIN0112,,,5
18/11/2020 7:30,KIN0113,,,17
18/11/2020 8:00,KIN0111,,,17.5
18/11/2020 8:00,KIN0112,,,5
18/11/2020 8:00,KIN0113,,,17
18/11/2020 8:30,KIN0111,,,17.5
18/11/2020 8:30,KIN0112,,,5
18/11/2020 8:30,KIN0113,,,17
18/11/2020 9:00,KIN0111,,,17.5
18/11/2020 9:00,KIN0112,,,5
18/11/2020 9:00,KIN0113,,,17
18/11/2020 9:30,KIN0111,,,17.5
18/11/2020 9:30,KIN0112,,,5
18/11/2020 9:30,KIN0113,,,17
18/11/2020 10:00,KIN0111,,,17.5
18/11/2020 10:00,KIN0112,,,5
18/11/2020 10:00,KIN0113,,,17
18/11/2020 10:30,KIN0111,,,17.5
18/11/2020 10:30,KIN0112,,,5
18/11/2020 10:30,KIN0113,,,17
18/11/2020 11:00,KIN0111,,,17.5
18/11/2020 11:00,KIN0112,,,5
18/11/2020 11:00,KIN0113,,,17
18/11/2020 11:30,KIN0111,,,17.5
18/11/2020 11:30,KIN0112,,,5
18/11/2020 11:30,KIN0113,,,17
18/11/2020 12:00,KIN0111,,,17.5
18/11/2020 12:00,KIN0112,,,5
18/11/2020 12:00,KIN0113,,,17
18/11/2020 12:30,KIN0111,,,17.5
18/11/2020 12:30,KIN0112,,,5
18/11/2020 12:30,KIN0113,,,17
18/11/2020 13:00,KIN0111,,,17.5
18/11/2020 13:00,KIN0112,,,5
18/11/2020 13:00,KIN0113,,,17
18/11/2020 13:30,KIN0111,,,17.5
18/11/2020 13:30,KIN0112,,,5
18/11/2020 13:30,KIN0113,,,17
18/11/2020 14:00,KIN0111,,,17.5
18/11/2020 14:00,KIN0112,,,5
18/11/2020 14:00,KIN0113,,,17
18/11/2020 14:30,KIN0111,,,17.5
18/11/2020 14:30,KIN0112,,,5
18/11/2020 14:30,KIN0113,,,17
18/11/2020 15:00,KIN0111,,,17.5
18/11/2020 15:00,KIN0112,,,5
18/11/2020 15:00,KIN0113,,,17
18/11/2020 15:30,KIN0111,,,17.5
18/11/2020 15:30,KIN0112,,,5
18/11/2020 15:30,KIN0113,,,17
18/11/2020 16:00,KIN0111,,,17.5
18/11/2020 16:00,KIN0112,,,5
18/11/2020 16:00,KIN0113,,,17
18/11/2020 16:30,KIN0111,,,17.5
18/11/2020 16:30,KIN0112,,,5
18/11/2020 16:30,KIN0113,,,17
18/11/2020 17:00,KIN0111,,,17.5
18/11/2020 17:00,KIN0112,,,5
18/11/2020 17:00,KIN0113,,,17
18/11/2020 17:30,KIN0111,,,17.5
18/11/2020 17:30,KIN0112,,,5
18/11/2020 17:30,KIN0113,,,17
18/11/2020 18:00,KIN0111,,,17.5
18/11/2020 18:00,KIN0112,,,5
18/11/2020 18:00,KIN0113,,,17
18/11/2020 18:30,KIN0111,,,17.5
18/11/2020 18:30,KIN0112,,,5
18/11/2020 18:30,KIN0113,,,17
18/11/2020 19:00,KIN0111,,,17.5
18/11/2020 19:00,KIN0112,,,5
18/11/2020 19:00,KIN0113,,,17
18/11/2020 19:30,KIN0111,,,17.5
18/11/2020 19:30,KIN0112,,,5
18/11/2020 19:30,KIN0113,,,17
18/11/2020 20:00,KIN0111,,,17.5
18/11/2020 20:00,KIN0112,,,5
18/11/2020 20:00,KIN0113,,,17
18/11/2020 20:30,KIN0111,,,17.5
18/11/2020 20:30,KIN0112,,,5
18/11/2020 20:30,KIN0113,,,17
18/11/2020 21:00,KIN0111,,,17.5
18/11/2020 21:00,KIN0112,,,5
18/11/2020 21:00,KIN0113,,,17
18/11/2020 21:30,KIN0111,,,17.5
18/11/2020 21:30,KIN0112,,,5
18/11/2020 21:30,KIN0113,,,17
18/11/2020 22:00,KIN0111,,,17.5
18/11/2020 22:00,KIN0112,,,5
18/11/2020 22:00,KIN0113,,,17
18/11/2020 22:30,KIN0111,,,17.5
18/11/2020 22:30,KIN0112,,,5
18/11/2020 22:30,KIN0113,,,17
18/11/2020 23:00,KIN0111,,,17.5
18/11/2020 23:00,KIN0112,,,5
18/11/2020 23:00,KIN0113,,,17
18/11/2020 23:30,KIN0111,,,17.5
18/11/2020 23:30,KIN0112,,,5
18/11/2020 23:30,KIN0113,,,17
19/11/2020 0:00,KIN0111,,,17.5
19/11/2020 0:00,KIN0112,,,5
19/11/2020 0:00,KIN0113,,,17
19/11/2020 0:30,KIN0111,,,17.5
19/11/2020 0:30,KIN0112,,,5
19/11/2020 0:30,KIN0113,,,17
19/11/2020 1:00,KIN0111,,,17.5
19/11/2020 1:00,KIN0112,,,5
19/11/2020 1:00,KIN0113,,,17
19/11/2020 1:30,KIN0111,,,17.5
19/11/2020 1:30,KIN0112,,,5
19/11/2020 1:30,KIN0113,,,17
19/11/2020 2:00,KIN0111,,,17.5
19/11/2020 2:00,KIN0112,,,5
19/11/2020 2:00,KIN0113,,,17
19/11/2020 2:30,KIN0111,,,17.5
19/11/2020 2:30,KIN0112,,,5
19/11/2020 2:30,KIN0113,,,17
19/11/2020 3:00,KIN0111,,,17.5
19/11/2020 3:00,KIN0112,,,5
19/11/2020 3:00,KIN0113,,,17
19/11/2020 3:30,KIN0111,,,17.5
19/11/2020 3:30,KIN0112,,,5
19/11/2020 3:30,KIN0113,,,17
19/11/2020 4:00,KIN0111,,,17.5
19/11/2020 4:00,KIN0112,,,5
19/11/2020 4:00,KIN0113,,,17
19/11/2020 4:30,KIN0111,,,17.5
19/11/2020 4:30,KIN0112,,,5
19/11/2020 4:30,KIN0113,,,17
19/11/2020 5:00,KIN0111,,,17.5
19/11/2020 5:00,KIN0112,,,5
19/11/2020 5:00,KIN0113,,,17
19/11/2020 5:30,KIN0111,,,17.5
19/11/2020 5:30,KIN0112,,,5
19/11/2020 5:30,KIN0113,,,17
19/11/2020 6:00,KIN0111,,,17.5
19/11/2020 6:00,KIN0112,,,5
19/11/2020 6:00,KIN0113,,,17
19/11/2020 6:30,KIN0111,,,17.5
19/11/2020 6:30,KIN0112,,,5
19/11/2020 6:30,KIN0113,,,17
19/11/2020 7:00,KIN0111,,,17.5
19/11/2020 7:00,KIN0112,,,5
19/11/2020 7:00,KIN0113,,,17
19/11/2020 7:30,KIN0111,,,17.5
19/11/2020 7:30,KIN0112,,,5
19/11/2020 7:30,KIN0113,,,17
19/11/2020 8:00,KIN0111,,,17.5
19/11/2020 8:00,KIN0112,,,5
19/11/2020 8:00,KIN0113,,,17
19/11/2020 8:30,KIN0111,,,17.5
19/11/2020 8:30,KIN0112,,,5
19/11/2020 8:30,KIN0113,,,17
19/11/2020 9:00,KIN0111,,,17.5
19/11/2020 9:00,KIN0112,,,5
19/11/2020 9:00,KIN0113,,,17
19/11/2020 9:30,KIN0111,,,17.5
19/11/2020 9:30,KIN0112,,,5
19/11/2020 9:30,KIN0113,,,17
19/11/2020 10:00,KIN0111,,,17.5
19/11/2020 10:00,KIN0112,,,5
19/11/2020 10:00,KIN0113,,,17
19/11/2020 10:30,KIN0111,,,17.5
19/11/2020 10:30,KIN0112,,,5
19/11/2020 10:30,KIN0113,,,17
19/11/2020 11:00,KIN0111,,,17.5
19/11/2020 11:00,KIN0112,,,5
19/11/2020 11:00,KIN0113,,,17
19/11/2020 11:30,KIN0111,,,17.5
19/11/2020 11:30,KIN0112,,,5
19/11/2020 11:30,KIN0113,,,17
19/11/2020 12:00,KIN0111,,,17.5
19/11/2020 12:00,KIN0112,,,5
19/11/2020 12:00,KIN0113,,,17
19/11/2020 12:30,KIN0111,,,17.5
19/11/2020 12:30,KIN0112,,,5
19/11/2020 12:30,KIN0113,,,17
19/11/2020 13:00,KIN0111,,,17.5
19/11/2020 13:00,KIN0112,,,5
19/11/2020 13:00,KIN0113,,,17
19/11/2020 13:30,KIN0111,,,17.5
19/11/2020 13:30,KIN0112,,,5
19/11/2020 13:30,KIN0113,,,17
19/11/2020 14:00,KIN0111,,,17.5
19/11/2020 14:00,KIN0112,,,5
19/11/2020 14:00,KIN0113,,,17
19/11/2020 14:30,KIN0111,,,17.5
19/11/2020 14:30,KIN0112,,,5
19/11/2020 14:30,KIN0113,,,17
19/11/2020 15:00,KIN0111,,,17.5
19/11/2020 15:00,KIN0112,,,5
19/11/2020 15:00,KIN0113,,,17
19/11/2020 15:30,KIN0111,,,17.5
19/11/2020 15:30,KIN0112,,,5
19/11/2020 15:30,KIN0113,,,17
19/11/2020 16:00,KIN0111,,,17.5
19/11/2020 16:00,KIN0112,,,5
19/11/2020 16:00,KIN0113,,,17
19/11/2020 16:30,KIN0111,,,17.5
19/11/2020 16:30,KIN0112,,,5
19/11/2020 16:30,KIN0113,,,17
19/11/2020 17:00,KIN0111,,,17.5
19/11/2020 17:00,KIN0112,,,5
19/11/2020 17:00,KIN0113,,,17
19/11/2020 17:30,KIN0111,,,17.5
19/11/2020 17:30,KIN0112,,,5
19/11/2020 17:30,KIN0113,,,17
19/11/2020 18:00,KIN0111,,,17.5
19/11/2020 18:00,KIN0112,,,5
19/11/2020 18:00,KIN0113,,,17
19/11/2020 18:30,KIN0111,,,17.5
19/11/2020 18:30,KIN0112,,,5
19/11/2020 18:30,KIN0113,,,17
19/11/2020 19:00,KIN0111,,,17.5
19/11/2020 19:00,KIN0112,,,5
19/11/2020 19:00,KIN0113,,,17
19/11/2020 19:30,KIN0111,,,17.5
19/11/2020 19:30,KIN0112,,,5
19/11/2020 19:30,KIN0113,,,17
19/11/2020 20:00,KIN0111,,,17.5
19/11/2020 20:00,KIN0112,,,5
19/11/2020 20:00,KIN0113,,,17
19/11/2020 20:30,KIN0111,,,17.5
19/11/2020 20:30,KIN0112,,,5
19/11/2020 20:30,KIN0113,,,17
19/11/2020 21:00,KIN0111,,,17.5
19/11/2020 21:00,KIN0112,,,5
19/11/2020 21:00,KIN0113,,,17
19/11/2020 21:30,KIN0111,,,17.5
19/11/2020 21:30,KIN0112,,,5
19/11/2020 21:30,KIN0113,,,17
19/11/2020 22:00,KIN0111,,,17.5
19/11/2020 22:00,KIN0112,,,5
19/11/2020 22:00,KIN0113,,,17
19/11/2020 22:30,KIN0111,,,17.5
19/11/2020 22:30,KIN0112,,,5
19/11/2020 22:30,KIN0113,,,17
19/11/2020 23:00,KIN0111,,,17.5
19/11/2020 23:00,KIN0112,,,5
19/11/2020 23:00,KIN0113,,,17
19/11/2020 23:30,KIN0111,,,17.5
19/11/2020 23:30,KIN0112,,,5
19/11/2020 23:30,KIN0113,,,17
20/11/2020 0:00,KIN0111,,,17.5
20/11/2020 0:00,KIN0112,,,5
20/11/2020 0:00,KIN0113,,,17
20/11/2020 0:30,KIN0111,,,17.5
20/11/2020 0:30,KIN0112,,,5
20/11/2020 0:30,KIN0113,,,17
20/11/2020 1:00,KIN0111,,,17.5
20/11/2020 1:00,KIN0112,,,5
20/11/2020 1:00,KIN0113,,,17
20/11/2020 1:30,KIN0111,,,17.5
20/11/2020 1:30,KIN0112,,,5
20/11/2020 1:30,KIN0113,,,17
20/11/2020 2:00,KIN0111,,,17.5
20/11/2020 2:00,KIN0112,,,5
20/11/2020 2:00,KIN0113,,,17
20/11/2020 2:30,KIN0111,,,17.5
20/11/2020 2:30,KIN0112,,,5
20/11/2020 2:30,KIN0113,,,17
20/11/2020 3:00,KIN0111,,,17.5
20/11/2020 3:00,KIN0112,,,5
20/11/2020 3:00,KIN0113,,,17
20/11/2020 3:30,KIN0111,,,17.5
20/11/2020 3:30,KIN0112,,,5
20/11/2020 3:30,KIN0113,,,17
20/11/2020 4:00,KIN0111,,,17.5
20/11/2020 4:00,KIN0112,,,5
20/11/2020 4:00,KIN0113,,,17
20/11/2020 4:30,KIN0111,,,17.5
20/11/2020 4:30,KIN0112,,,5
20/11/2020 4:30,KIN0113,,,17
20/11/2020 5:00,KIN0111,,,17.5
20/11/2020 5:00,KIN0112,,,5
20/11/2020 5:00,KIN0113,,,17
20/11/2020 5:30,KIN0111,,,17.5
20/11/2020 5:30,KIN0112,,,5
20/11/2020 5:30,KIN0113,,,17
20/11/2020 6:00,KIN0111,,,17.5
20/11/2020 6:00,KIN0112,,,5
20/11/2020 6:00,KIN0113,,,17
20/11/2020 6:30,KIN0111,,,17.5
20/11/2020 6:30,KIN0112,,,5
20/11/2020 6:30,KIN0113,,,17
20/11/2020 7:00,KIN0111,,,17.5
20/11/2020 7:00,KIN0112,,,5
20/11/2020 7:00,KIN0113,,,17
20/11/2020 7:30,KIN0111,,,17.5
20/11/2020 7:30,KIN0112,,,5
20/11/2020 7:30,KIN0113,,,17
20/11/2020 8:00,KIN0111,,,17.5
20/11/2020 8:00,KIN0112,,,5
20/11/2020 8:00,KIN0113,,,17
20/11/2020 8:30,KIN0111,,,17.5
20/11/2020 8:30,KIN0112,,,5
20/11/2020 8:30,KIN0113,,,17
20/11/2020 9:00,KIN0111,,,17.5
20/11/2020 9:00,KIN0112,,,5
20/11/2020 9:00,KIN0113,,,17
20/11/2020 9:30,KIN0111,,,17.5
20/11/2020 9:30,KIN0112,,,5
20/11/2020 9:30,KIN0113,,,17
20/11/2020 10:00,KIN0111,,,17.5
20/11/2020 10:00,KIN0112,,,5
20/11/2020 10:00,KIN0113,,,17
20/11/2020 10:30,KIN0111,,,17.5
20/11/2020 10:30,KIN0112,,,5
20/11/2020 10:30,KIN0113,,,17
20/11/2020 11:00,KIN0111,,,17.5
20/11/2020 11:00,KIN0112,,,5
20/11/2020 11:00,KIN0113,,,17
20/11/2020 11:30,KIN0111,,,17.5
20/11/2020 11:30,KIN0112,,,5
20/11/2020 11:30,KIN0113,,,17
20/11/2020 12:00,KIN0111,,,17.5
20/11/2020 12:00,KIN0112,,,5
20/11/2020 12:00,KIN0113,,,17
20/11/2020 12:30,KIN0111,,,17.5
20/11/2020 12:30,KIN0112,,,5
20/11/2020 12:30,KIN0113,,,17
20/11/2020 13:00,KIN0111,,,17.5
20/11/2020 13:00,KIN0112,,,5
20/11/2020 13:00,KIN0113,,,17
20/11/2020 13:30,KIN0111,,,17.5
20/11/2020 13:30,KIN0112,,,5
20/11/2020 13:30,KIN0113,,,17
20/11/2020 14:00,KIN0111,,,17.5
20/11/2020 14:00,KIN0112,,,5
20/11/2020 14:00,KIN0113,,,17
20/11/2020 14:30,KIN0111,,,17.5
20/11/2020 14:30,KIN0112,,,5
20/11/2020 14:30,KIN0113,,,17
20/11/2020 15:00,KIN0111,,,17.5
20/11/2020 15:00,KIN0112,,,5
20/11/2020 15:00,KIN0113,,,17
20/11/2020 15:30,KIN0111,,,17.5
20/11/2020 15:30,KIN0112,,,5
20/11/2020 15:30,KIN0113,,,17
20/11/2020 16:00,KIN0111,,,17.5
20/11/2020 16:00,KIN0112,,,5
20/11/2020 16:00,KIN0113,,,17
20/11/2020 16:30,KIN0111,,,17.5
20/11/2020 16:30,KIN0112,,,5
20/11/2020 16:30,KIN0113,,,17
20/11/2020 17:00,KIN0111,,,17.5
20/11/2020 17:00,KIN0112,,,5
20/11/2020 17:00,KIN0113,,,17
20/11/2020 17:30,KIN0111,,,17.5
20/11/2020 17:30,KIN0112,,,5
20/11/2020 17:30,KIN0113,,,17
20/11/2020 18:00,KIN0111,,,17.5
20/11/2020 18:00,KIN0112,,,5
20/11/2020 18:00,KIN0113,,,17
20/11/2020 18:30,KIN0111,,,17.5
20/11/2020 18:30,KIN0112,,,5
20/11/2020 18:30,KIN0113,,,17
20/11/2020 19:00,KIN0111,,,17.5
20/11/2020 19:00,KIN0112,,,5
20/11/2020 19:00,KIN0113,,,17
20/11/2020 19:30,KIN0111,,,17.5
20/11/2020 19:30,KIN0112,,,5
20/11/2020 19:30,KIN0113,,,17
20/11/2020 20:00,KIN0111,,,17.5
20/11/2020 20:00,KIN0112,,,5
20/11/2020 20:00,KIN0113,,,17
20/11/2020 20:30,KIN0111,,,17.5
20/11/2020 20:30,KIN0112,,,5
20/11/2020 20:30,KIN0113,,,17
20/11/2020 21:00,KIN0111,,,17.5
20/11/2020 21:00,KIN0112,,,5
20/11/2020 21:00,KIN0113,,,17
20/11/2020 21:30,KIN0111,,,17.5
20/11/2020 21:30,KIN0112,,,5
20/11/2020 21:30,KIN0113,,,17
20/11/2020 22:00,KIN0111,,,17.5
20/11/2020 22:00,KIN0112,,,5
20/11/2020 22:00,KIN0113,,,17
20/11/2020 22:30,KIN0111,,,17.5
20/11/2020 22:30,KIN0112,,,5
20/11/2020 22:30,KIN0113,,,17
20/11/2020 23:00,KIN0111,,,17.5
20/11/2020 23:00,KIN0112,,,5
20/11/2020 23:00,KIN0113,,,17
20/11/2020 23:30,KIN0111,,,17.5
20/11/2020 23:30,KIN0112,,,5
20/11/2020 23:30,KIN0113,,,17
21/11/2020 0:00,KIN0111,,,17.5
21/11/2020 0:00,KIN0112,,,5
21/11/2020 0:00,KIN0113,,,17
21/11/2020 0:30,KIN0111,,,17.5
21/11/2020 0:30,KIN0112,,,5
21/11/2020 0:30,KIN0113,,,17
21/11/2020 1:00,KIN0111,,,17.5
21/11/2020 1:00,KIN0112,,,5
21/11/2020 1:00,KIN0113,,,17
21/11/2020 1:30,KIN0111,,,17.5
21/11/2020 1:30,KIN0112,,,5
21/11/2020 1:30,KIN0113,,,17
21/11/2020 2:00,KIN0111,,,17.5
21/11/2020 2:00,KIN0112,,,5
21/11/2020 2:00,KIN0113,,,17
21/11/2020 2:30,KIN0111,,,17.5
21/11/2020 2:30,KIN0112,,,5
21/11/2020 2:30,KIN0113,,,17
21/11/2020 3:00,KIN0111,,,17.5
21/11/2020 3:00,KIN0112,,,5
21/11/2020 3:00,KIN0113,,,17
21/11/2020 3:30,KIN0111,,,17.5
21/11/2020 3:30,KIN0112,,,5
21/11/2020 3:30,KIN0113,,,17
21/11/2020 4:00,KIN0111,,,17.5
21/11/2020 4:00,KIN0112,,,5
21/11/2020 4:00,KIN0113,,,17
21/11/2020 4:30,KIN0111,,,17.5
21/11/2020 4:30,KIN0112,,,5
21/11/2020 4:30,KIN0113,,,17
21/11/2020 5:00,KIN0111,,,17.5
21/11/2020 5:00,KIN0112,,,5
21/11/2020 5:00,KIN0113,,,17
21/11/2020 5:30,KIN0111,,,17.5
21/11/2020 5:30,KIN0112,,,5
21/11/2020 5:30,KIN0113,,,17
21/11/2020 6:00,KIN0111,,,17.5
21/11/2020 6:00,KIN0112,,,5
21/11/2020 6:00,KIN0113,,,17
21/11/2020 6:30,KIN0111,,,17.5
21/11/2020 6:30,KIN0112,,,5
21/11/2020 6:30,KIN0113,,,17
21/11/2020 7:00,KIN0111,,,17.5
21/11/2020 7:00,KIN0112,,,5
21/11/2020 7:00,KIN0113,,,17
21/11/2020 7:30,KIN0111,,,17.5
21/11/2020 7:30,KIN0112,,,5
21/11/2020 7:30,KIN0113,,,17
21/11/2020 8:00,KIN0111,,,17.5
21/11/2020 8:00,KIN0112,,,5
21/11/2020 8:00,KIN0113,,,17
21/11/2020 8:30,KIN0111,,,17.5
21/11/2020 8:30,KIN0112,,,5
21/11/2020 8:30,KIN0113,,,17
21/11/2020 9:00,KIN0111,,,17.5
21/11/2020 9:00,KIN0112,,,5
21/11/2020 9:00,KIN0113,,,17
21/11/2020 9:30,KIN0111,,,17.5
21/11/2020 9:30,KIN0112,,,5
21/11/2020 9:30,KIN0113,,,17
21/11/2020 10:00,KIN0111,,,17.5
21/11/2020 10:00,KIN0112,,,5
21/11/2020 10:00,KIN0113,,,17
21/11/2020 10:30,KIN0111,,,17.5
21/11/2020 10:30,KIN0112,,,5
21/11/2020 10:30,KIN0113,,,17
21/11/2020 11:00,KIN0111,,,17.5
21/11/2020 11:00,KIN0112,,,5
21/11/2020 11:00,KIN0113,,,17
21/11/2020 11:30,KIN0111,,,17.5
21/11/2020 11:30,KIN0112,,,5
21/11/2020 11:30,KIN0113,,,17
21/11/2020 12:00,KIN0111,,,17.5
21/11/2020 12:00,KIN0112,,,5
21/11/2020 12:00,KIN0113,,,17
21/11/2020 12:30,KIN0111,,,17.5
21/11/2020 12:30,KIN0112,,,5
21/11/2020 12:30,KIN0113,,,17
21/11/2020 13:00,KIN0111,,,17.5
21/11/2020 13:00,KIN0112,,,5
21/11/2020 13:00,KIN0113,,,17
21/11/2020 13:30,KIN0111,,,17.5
21/11/2020 13:30,KIN0112,,,5
21/11/2020 13:30,KIN0113,,,17
21/11/2020 14:00,KIN0111,,,17.5
21/11/2020 14:00,KIN0112,,,5
21/11/2020 14:00,KIN0113,,,17
21/11/2020 14:30,KIN0111,,,17.5
21/11/2020 14:30,KIN0112,,,5
21/11/2020 14:30,KIN0113,,,17
21/11/2020 15:00,KIN0111,,,17.5
21/11/2020 15:00,KIN0112,,,5
21/11/2020 15:00,KIN0113,,,17
21/11/2020 15:30,KIN0111,,,17.5
21/11/2020 15:30,KIN0112,,,5
21/11/2020 15:30,KIN0113,,,17
21/11/2020 16:00,KIN0111,,,17.5
21/11/2020 16:00,KIN0112,,,5
21/11/2020 16:00,KIN0113,,,17
21/11/2020 16:30,KIN0111,,,17.5
21/11/2020 16:30,KIN0112,,,5
21/11/2020 16:30,KIN0113,,,17
21/11/2020 17:00,KIN0111,,,17.5
21/11/2020 17:00,KIN0112,,,5
21/11/2020 17:00,KIN0113,,,17
21/11/2020 17:30,KIN0111,,,17.5
21/11/2020 17:30,KIN0112,,,5
21/11/2020 17:30,KIN0113,,,17
21/11/2020 18:00,KIN0111,,,17.5
21/11/2020 18:00,KIN0112,,,5
21/11/2020 18:00,KIN0113,,,17
21/11/2020 18:30,KIN0111,,,17.5
21/11/2020 18:30,KIN0112,,,5
21/11/2020 18:30,KIN0113,,,17
21/11/2020 19:00,KIN0111,,,17.5
21/11/2020 19:00,KIN0112,,,5
21/11/2020 19:00,KIN0113,,,17
21/11/2020 19:30,KIN0111,,,17.5
21/11/2020 19:30,KIN0112,,,5
21/11/2020 19:30,KIN0113,,,17
21/11/2020 20:00,KIN0111,,,17.5
21/11/2020 20:00,KIN0112,,,5
21/11/2020 20:00,KIN0113,,,17
21/11/2020 20:30,KIN0111,,,17.5
21/11/2020 20:30,KIN0112,,,5
21/11/2020 20:30,KIN0113,,,17
21/11/2020 21:00,KIN0111,,,17.5
21/11/2020 21:00,KIN0112,,,5
21/11/2020 21:00,KIN0113,,,17
21/11/2020 21:30,KIN0111,,,17.5
21/11/2020 21:30,KIN0112,,,5
21/11/2020 21:30,KIN0113,,,17
21/11/2020 22:00,KIN0111,,,17.5
21/11/2020 22:00,KIN0112,,,5
21/11/2020 22:00,KIN0113,,,17
21/11/2020 22:30,KIN0111,,,17.5
21/11/2020 22:30,KIN0112,,,5
21/11/2020 22:30,KIN0113,,,17
21/11/2020 23:00,KIN0111,,,17.5
21/11/2020 23:00,KIN0112,,,5
21/11/2020 23:00,KIN0113,,,17
21/11/2020 23:30,KIN0111,,,17.5
21/11/2020 23:30,KIN0112,,,5
21/11/2020 23:30,KIN0113,,,17
22/11/2020 0:00,KIN0111,,,17.5
22/11/2020 0:00,KIN0112,,,5
22/11/2020 0:00,KIN0113,,,17
22/11/2020 0:30,KIN0111,,,17.5
22/11/2020 0:30,KIN0112,,,5
22/11/2020 0:30,KIN0113,,,17
22/11/2020 1:00,KIN0111,,,17.5
22/11/2020 1:00,KIN0112,,,5
22/11/2020 1:00,KIN0113,,,17
22/11/2020 1:30,KIN0111,,,17.5
22/11/2020 1:30,KIN0112,,,5
22/11/2020 1:30,KIN0113,,,17
22/11/2020 2:00,KIN0111,,,17.5
22/11/2020 2:00,KIN0112,,,5
22/11/2020 2:00,KIN0113,,,17
22/11/2020 2:30,KIN0111,,,17.5
22/11/2020 2:30,KIN0112,,,5
22/11/2020 2:30,KIN0113,,,17
22/11/2020 3:00,KIN0111,,,17.5
22/11/2020 3:00,KIN0112,,,5
22/11/2020 3:00,KIN0113,,,17
22/11/2020 3:30,KIN0111,,,17.5
22/11/2020 3:30,KIN0112,,,5
22/11/2020 3:30,KIN0113,,,17
22/11/2020 4:00,KIN0111,,,17.5
22/11/2020 4:00,KIN0112,,,5
22/11/2020 4:00,KIN0113,,,17
22/11/2020 4:30,KIN0111,,,17.5
22/11/2020 4:30,KIN0112,,,5
22/11/2020 4:30,KIN0113,,,17
22/11/2020 5:00,KIN0111,,,17.5
22/11/2020 5:00,KIN0112,,,5
22/11/2020 5:00,KIN0113,,,17
22/11/2020 5:30,KIN0111,,,17.5
22/11/2020 5:30,KIN0112,,,5
22/11/2020 5:30,KIN0113,,,17
22/11/2020 6:00,KIN0111,,,17.5
22/11/2020 6:00,KIN0112,,,5
22/11/2020 6:00,KIN0113,,,17
22/11/2020 6:30,KIN0111,,,17.5
22/11/2020 6:30,KIN0112,,,5
22/11/2020 6:30,KIN0113,,,17
22/11/2020 7:00,KIN0111,,,17.5
22/11/2020 7:00,KIN0112,,,5
22/11/2020 7:00,KIN0113,,,17
22/11/2020 7:30,KIN0111,,,17.5
22/11/2020 7:30,KIN0112,,,5
22/11/2020 7:30,KIN0113,,,17
22/11/2020 8:00,KIN0111,,,17.5
22/11/2020 8:00,KIN0112,,,5
22/11/2020 8:00,KIN0113,,,17
22/11/2020 8:30,KIN0111,,,17.5
22/11/2020 8:30,KIN0112,,,5
22/11/2020 8:30,KIN0113,,,17
22/11/2020 9:00,KIN0111,,,17.5
22/11/2020 9:00,KIN0112,,,5
22/11/2020 9:00,KIN0113,,,17
22/11/2020 9:30,KIN0111,,,17.5
22/11/2020 9:30,KIN0112,,,5
22/11/2020 9:30,KIN0113,,,17
22/11/2020 10:00,KIN0111,,,15.2
22/11/2020 10:00,KIN0112,,,13
22/11/2020 10:00,KIN0113,,,17
22/11/2020 10:30,KIN0111,,,15.2
22/11/2020 10:30,KIN0112,,,13
22/11/2020 10:30,KIN0113,,,30.4
22/11/2020 11:00,KIN0111,,,15.7
22/11/2020 11:00,KIN0112,,,13
22/11/2020 11:00,KIN0113,,,30.4
22/11/2020 11:30,KIN0111,,,16.1
22/11/2020 11:30,KIN0112,,,13
22/11/2020 11:30,KIN0113,,,30.4
22/11/2020 12:00,KIN0111,,,16.1
22/11/2020 12:00,KIN0112,,,13
22/11/2020 12:00,KIN0113,,,30.4
22/11/2020 12:30,KIN0111,,,16.1
22/11/2020 12:30,KIN0112,,,13
22/11/2020 12:30,KIN0113,,,30.4
22/11/2020 13:00,KIN0111,,,16.1
22/11/2020 13:00,KIN0112,,,13
22/11/2020 13:00,KIN0113,,,30.4
22/11/2020 13:30,KIN0111,,,16.1
22/11/2020 13:30,KIN0112,,,13
22/11/2020 13:30,KIN0113,,,30.4
22/11/2020 14:00,KIN0111,,,16.1
22/11/2020 14:00,KIN0112,,,13
22/11/2020 14:00,KIN0113,,,30.4
22/11/2020 14:30,KIN0111,,,16.1
22/11/2020 14:30,KIN0112,,,13
22/11/2020 14:30,KIN0113,,,30.4
22/11/2020 15:00,KIN0111,,,16.1
22/11/2020 15:00,KIN0112,,,13
22/11/2020 15:00,KIN0113,,,30.4
22/11/2020 15:30,KIN0111,,,16.1
22/11/2020 15:30,KIN0112,,,13
22/11/2020 15:30,KIN0113,,,30.4
22/11/2020 16:00,KIN0111,,,16.4
22/11/2020 16:00,KIN0112,,,13
22/11/2020 16:00,KIN0113,,,30.4
22/11/2020 16:30,KIN0111,,,16.4
22/11/2020 16:30,KIN0112,,,13
22/11/2020 16:30,KIN0113,,,30.4
22/11/2020 17:00,KIN0111,,,16.4
22/11/2020 17:00,KIN0112,,,13
22/11/2020 17:00,KIN0113,,,30.4
22/11/2020 17:30,KIN0111,,,16.4
22/11/2020 17:30,KIN0112,,,13
22/11/2020 17:30,KIN0113,,,32.63
22/11/2020 18:00,KIN0111,,,16.4
22/11/2020 18:00,KIN0112,,,13
22/11/2020 18:00,KIN0113,,,32.63
22/11/2020 18:30,KIN0111,,,16.4
22/11/2020 18:30,KIN0112,,,13
22/11/2020 18:30,KIN0113,,,33.43
22/11/2020 19:00,KIN0111,,,16.4
22/11/2020 19:00,KIN0112,,,13
22/11/2020 19:00,KIN0113,,,33.43
22/11/2020 19:30,KIN0111,,,16.4
22/11/2020 19:30,KIN0112,,,13
22/11/2020 19:30,KIN0113,,,33.43
22/11/2020 20:00,KIN0111,,,16.4
22/11/2020 20:00,KIN0112,,,13
22/11/2020 20:00,KIN0113,,,33.43
22/11/2020 20:30,KIN0111,,,16.4
22/11/2020 20:30,KIN0112,,,13
22/11/2020 20:30,KIN0113,,,33.43
22/11/2020 21:00,KIN0111,,,16.4
22/11/2020 21:00,KIN0112,,,13
22/11/2020 21:00,KIN0113,,,33.43
22/11/2020 21:30,KIN0111,,,16.4
22/11/2020 21:30,KIN0112,,,13
22/11/2020 21:30,KIN0113,,,33.43
22/11/2020 22:00,KIN0111,,,16.4
22/11/2020 22:00,KIN0112,,,13
22/11/2020 22:00,KIN0113,,,33.43
22/11/2020 22:30,KIN0111,,,16.4
22/11/2020 22:30,KIN0112,,,13
22/11/2020 22:30,KIN0113,,,33.43
22/11/2020 23:00,KIN0111,,,16.4
22/11/2020 23:00,KIN0112,,,13
22/11/2020 23:00,KIN0113,,,33.43
22/11/2020 23:30,KIN0111,,,16.4
22/11/2020 23:30,KIN0112,,,13
22/11/2020 23:30,KIN0113,,,33.43
