"DateTime","RunTime","Bus","Generation (MW)","Load (MW)","Price ($/MWh)","Deficit(MW)","Surplus(MW)"
"02-MAR-2023 21:50","02-MAR-2023 21:49:01","100",0.000,54.261,213.675,0.000,0.000
"02-MAR-2023 21:50","02-MAR-2023 21:49:01","101",0.000,0.000,213.077,0.000,0.000
"02-MAR-2023 21:50","02-MAR-2023 21:49:01","102",30.176,0.000,206.859,0.000,0.000
"02-MAR-2023 21:50","02-MAR-2023 21:49:01","103",9.824,0.000,206.859,0.000,0.000
"02-MAR-2023 21:50","02-MAR-2023 21:49:01","104",23.000,0.000,190.686,0.000,0.000
"02-MAR-2023 21:50","02-MAR-2023 21:49:01","105",23.000,0.000,190.686,0.000,0.000
"02-MAR-2023 21:50","02-MAR-2023 21:49:01","106",23.000,0.000,190.686,0.000,0.000
"02-MAR-2023 21:50","02-MAR-2023 21:49:01","107",0.000,0.000,206.859,0.000,0.000
"02-MAR-2023 21:50","02-MAR-2023 21:49:01","108",0.000,0.000,212.264,0.000,0.000
"02-MAR-2023 21:50","02-MAR-2023 21:49:01","109",0.000,0.000,212.267,0.000,0.000
"02-MAR-2023 21:50","02-MAR-2023 21:49:01","11",0.000,11.943,214.129,0.000,0.000
"02-MAR-2023 21:50","02-MAR-2023 21:49:01","110",0.000,0.000,210.378,0.000,0.000
"02-MAR-2023 21:50","02-MAR-2023 21:49:01","111",0.000,27.178,209.729,0.000,0.000
"02-MAR-2023 21:50","02-MAR-2023 21:49:01","112",0.000,0.000,208.995,0.000,0.000
"02-MAR-2023 21:50","02-MAR-2023 21:49:01","113",0.000,0.000,208.994,0.000,0.000
"02-MAR-2023 21:50","02-MAR-2023 21:49:01","114",0.000,12.789,208.726,0.000,0.000
"02-MAR-2023 21:50","02-MAR-2023 21:49:01","115",0.000,73.351,209.246,0.000,0.000
"02-MAR-2023 21:50","02-MAR-2023 21:49:01","116",0.000,0.000,208.899,0.000,0.000
"02-MAR-2023 21:50","02-MAR-2023 21:49:01","118",0.000,0.000,208.549,0.000,0.000
"02-MAR-2023 21:50","02-MAR-2023 21:49:01","119",0.000,0.000,208.757,0.000,0.000
"02-MAR-2023 21:50","02-MAR-2023 21:49:01","12",0.000,0.000,213.977,0.000,0.000
"02-MAR-2023 21:50","02-MAR-2023 21:49:01","120",0.000,17.021,211.759,0.000,0.000
"02-MAR-2023 21:50","02-MAR-2023 21:49:01","121",0.000,0.000,211.255,0.000,0.000
"02-MAR-2023 21:50","02-MAR-2023 21:49:01","122",0.000,1.505,208.183,0.000,0.000
"02-MAR-2023 21:50","02-MAR-2023 21:49:01","123",0.000,0.000,208.183,0.000,0.000
"02-MAR-2023 21:50","02-MAR-2023 21:49:01","124",0.000,0.000,208.183,0.000,0.000
"02-MAR-2023 21:50","02-MAR-2023 21:49:01","125",80.000,0.000,208.183,0.000,0.000
"02-MAR-2023 21:50","02-MAR-2023 21:49:01","126",0.000,0.000,208.183,0.000,0.000
"02-MAR-2023 21:50","02-MAR-2023 21:49:01","127",280.000,0.000,208.183,0.000,0.000
"02-MAR-2023 21:50","02-MAR-2023 21:49:01","128",0.000,13.166,208.275,0.000,0.000
"02-MAR-2023 21:50","02-MAR-2023 21:49:01","129",0.000,0.000,208.183,0.000,0.000
"02-MAR-2023 21:50","02-MAR-2023 21:49:01","130",0.000,10.344,211.012,0.000,0.000
"02-MAR-2023 21:50","02-MAR-2023 21:49:01","131",0.000,4.514,210.259,0.000,0.000
"02-MAR-2023 21:50","02-MAR-2023 21:49:01","132",33.800,15.600,197.869,0.000,0.000
"02-MAR-2023 21:50","02-MAR-2023 21:49:01","133",0.000,12.735,198.718,0.000,0.000
"02-MAR-2023 21:50","02-MAR-2023 21:49:01","134",0.000,7.711,198.504,0.000,0.000
"02-MAR-2023 21:50","02-MAR-2023 21:49:01","135",0.000,0.000,198.220,0.000,0.000
"02-MAR-2023 21:50","02-MAR-2023 21:49:01","136",0.000,0.000,198.057,0.000,0.000
"02-MAR-2023 21:50","02-MAR-2023 21:49:01","137",0.000,0.000,198.181,0.000,0.000
"02-MAR-2023 21:50","02-MAR-2023 21:49:01","138",14.667,0.000,208.819,0.000,0.000
"02-MAR-2023 21:50","02-MAR-2023 21:49:01","139",14.667,0.000,208.819,0.000,0.000
"02-MAR-2023 21:50","02-MAR-2023 21:49:01","140",14.667,0.000,208.819,0.000,0.000
"02-MAR-2023 21:50","02-MAR-2023 21:49:01","141",0.000,0.000,208.819,0.000,0.000
"02-MAR-2023 21:50","02-MAR-2023 21:49:01","142",0.000,22.287,217.310,0.000,0.000
"02-MAR-2023 21:50","02-MAR-2023 21:49:01","143",0.000,0.000,216.433,0.000,0.000
"02-MAR-2023 21:50","02-MAR-2023 21:49:01","144",0.000,0.000,208.350,0.000,0.000
"02-MAR-2023 21:50","02-MAR-2023 21:49:01","145",0.000,4.326,213.169,0.000,0.000
"02-MAR-2023 21:50","02-MAR-2023 21:49:01","146",0.000,0.000,212.632,0.000,0.000
"02-MAR-2023 21:50","02-MAR-2023 21:49:01","147",0.000,13.393,212.328,0.000,0.000
"02-MAR-2023 21:50","02-MAR-2023 21:49:01","148",0.000,18.808,211.839,0.000,0.000
"02-MAR-2023 21:50","02-MAR-2023 21:49:01","149",0.000,0.000,211.338,0.000,0.000
"02-MAR-2023 21:50","02-MAR-2023 21:49:01","15",0.000,62.725,212.639,0.000,0.000
"02-MAR-2023 21:50","02-MAR-2023 21:49:01","150",40.000,0.000,207.904,0.000,0.000
"02-MAR-2023 21:50","02-MAR-2023 21:49:01","151",0.000,11.547,207.904,0.000,0.000
"02-MAR-2023 21:50","02-MAR-2023 21:49:01","152",0.000,0.000,207.904,0.000,0.000
"02-MAR-2023 21:50","02-MAR-2023 21:49:01","153",0.000,0.000,207.904,0.000,0.000
"02-MAR-2023 21:50","02-MAR-2023 21:49:01","154",0.000,0.000,207.904,0.000,0.000
"02-MAR-2023 21:50","02-MAR-2023 21:49:01","155",0.000,0.000,207.904,0.000,0.000
"02-MAR-2023 21:50","02-MAR-2023 21:49:01","156",0.000,34.063,207.904,0.000,0.000
"02-MAR-2023 21:50","02-MAR-2023 21:49:01","157",0.000,0.000,207.794,0.000,0.000
"02-MAR-2023 21:50","02-MAR-2023 21:49:01","158",0.000,17.585,214.018,0.000,0.000
"02-MAR-2023 21:50","02-MAR-2023 21:49:01","159",0.000,0.000,213.923,0.000,0.000
"02-MAR-2023 21:50","02-MAR-2023 21:49:01","16",0.000,0.000,211.894,0.000,0.000
"02-MAR-2023 21:50","02-MAR-2023 21:49:01","160",0.000,17.585,216.046,0.000,0.000
"02-MAR-2023 21:50","02-MAR-2023 21:49:01","161",0.000,0.000,215.775,0.000,0.000
"02-MAR-2023 21:50","02-MAR-2023 21:49:01","162",0.000,0.000,195.275,0.000,0.000
"02-MAR-2023 21:50","02-MAR-2023 21:49:01","163",0.000,0.000,195.275,0.000,0.000
"02-MAR-2023 21:50","02-MAR-2023 21:49:01","164",0.000,10.127,195.275,0.000,0.000
"02-MAR-2023 21:50","02-MAR-2023 21:49:01","165",0.000,0.000,195.275,0.000,0.000
"02-MAR-2023 21:50","02-MAR-2023 21:49:01","166",0.000,0.000,195.275,0.000,0.000
"02-MAR-2023 21:50","02-MAR-2023 21:49:01","167",0.000,0.000,195.275,0.000,0.000
"02-MAR-2023 21:50","02-MAR-2023 21:49:01","168",23.107,0.000,199.970,0.000,0.000
"02-MAR-2023 21:50","02-MAR-2023 21:49:01","169",23.107,0.000,199.970,0.000,0.000
"02-MAR-2023 21:50","02-MAR-2023 21:49:01","17",0.000,0.000,211.912,0.000,0.000
"02-MAR-2023 21:50","02-MAR-2023 21:49:01","170",23.107,0.000,199.970,0.000,0.000
"02-MAR-2023 21:50","02-MAR-2023 21:49:01","171",0.000,0.000,199.970,0.000,0.000
"02-MAR-2023 21:50","02-MAR-2023 21:49:01","172",12.750,0.000,200.050,0.000,0.000
"02-MAR-2023 21:50","02-MAR-2023 21:49:01","173",12.750,0.000,200.050,0.000,0.000
"02-MAR-2023 21:50","02-MAR-2023 21:49:01","174",12.750,0.000,200.050,0.000,0.000
"02-MAR-2023 21:50","02-MAR-2023 21:49:01","175",12.750,0.000,200.050,0.000,0.000
"02-MAR-2023 21:50","02-MAR-2023 21:49:01","176",0.000,0.000,200.050,0.000,0.000
"02-MAR-2023 21:50","02-MAR-2023 21:49:01","178",0.000,36.500,200.200,0.000,0.000
"02-MAR-2023 21:50","02-MAR-2023 21:49:01","179",0.000,0.000,199.738,0.000,0.000
"02-MAR-2023 21:50","02-MAR-2023 21:49:01","18",0.000,0.000,212.028,0.000,0.000
"02-MAR-2023 21:50","02-MAR-2023 21:49:01","180",0.000,0.000,197.697,0.000,0.000
"02-MAR-2023 21:50","02-MAR-2023 21:49:01","181",0.000,0.000,199.737,0.000,0.000
"02-MAR-2023 21:50","02-MAR-2023 21:49:01","182",0.000,0.000,202.882,0.000,0.000
"02-MAR-2023 21:50","02-MAR-2023 21:49:01","183",105.000,0.000,196.819,0.000,0.000
"02-MAR-2023 21:50","02-MAR-2023 21:49:01","184",0.000,0.000,196.819,0.000,0.000
"02-MAR-2023 21:50","02-MAR-2023 21:49:01","185",0.000,18.400,196.705,0.000,0.000
"02-MAR-2023 21:50","02-MAR-2023 21:49:01","187",0.000,0.100,198.047,0.000,0.000
"02-MAR-2023 21:50","02-MAR-2023 21:49:01","188",0.000,14.880,196.623,0.000,0.000
"02-MAR-2023 21:50","02-MAR-2023 21:49:01","189",0.000,0.000,196.975,0.000,0.000
"02-MAR-2023 21:50","02-MAR-2023 21:49:01","19",0.000,0.000,211.967,0.000,0.000
"02-MAR-2023 21:50","02-MAR-2023 21:49:01","190",0.000,0.000,196.819,0.000,0.000
"02-MAR-2023 21:50","02-MAR-2023 21:49:01","191",0.000,0.000,197.944,0.000,0.000
"02-MAR-2023 21:50","02-MAR-2023 21:49:01","192",14.000,0.000,203.322,0.000,0.000
"02-MAR-2023 21:50","02-MAR-2023 21:49:01","193",0.000,0.000,203.322,0.000,0.000
"02-MAR-2023 21:50","02-MAR-2023 21:49:01","196",0.000,16.269,203.122,0.000,0.000
"02-MAR-2023 21:50","02-MAR-2023 21:49:01","197",0.000,0.000,202.596,0.000,0.000
"02-MAR-2023 21:50","02-MAR-2023 21:49:01","198",0.000,0.000,202.583,0.000,0.000
"02-MAR-2023 21:50","02-MAR-2023 21:49:01","199",0.000,0.000,202.675,0.000,0.000
"02-MAR-2023 21:50","02-MAR-2023 21:49:01","20",0.000,67.145,213.615,0.000,0.000
"02-MAR-2023 21:50","02-MAR-2023 21:49:01","200",0.000,0.000,201.593,0.000,0.000
"02-MAR-2023 21:50","02-MAR-2023 21:49:01","2001",0.000,0.000,0.000,0.000,0.000
"02-MAR-2023 21:50","02-MAR-2023 21:49:01","2002",0.000,0.000,0.000,0.000,0.000
"02-MAR-2023 21:50","02-MAR-2023 21:49:01","2003",0.000,0.000,0.000,0.000,0.000
"02-MAR-2023 21:50","02-MAR-2023 21:49:01","2004",0.000,0.000,0.000,0.000,0.000
"02-MAR-2023 21:50","02-MAR-2023 21:49:01","2005",0.000,0.000,0.000,0.000,0.000
"02-MAR-2023 21:50","02-MAR-2023 21:49:01","2006",0.000,0.000,0.000,0.000,0.000
"02-MAR-2023 21:50","02-MAR-2023 21:49:01","2007",0.000,0.000,0.000,0.000,0.000
"02-MAR-2023 21:50","02-MAR-2023 21:49:01","2008",0.000,0.000,0.000,0.000,0.000
"02-MAR-2023 21:50","02-MAR-2023 21:49:01","2009",0.000,0.000,0.000,0.000,0.000
"02-MAR-2023 21:50","02-MAR-2023 21:49:01","201",0.000,6.395,199.556,0.000,0.000
"02-MAR-2023 21:50","02-MAR-2023 21:49:01","2010",0.000,0.000,0.000,0.000,0.000
"02-MAR-2023 21:50","02-MAR-2023 21:49:01","2011",0.000,0.000,0.000,0.000,0.000
"02-MAR-2023 21:50","02-MAR-2023 21:49:01","2012",0.000,0.000,0.000,0.000,0.000
"02-MAR-2023 21:50","02-MAR-2023 21:49:01","2013",0.000,0.000,0.000,0.000,0.000
"02-MAR-2023 21:50","02-MAR-2023 21:49:01","2014",0.000,0.000,0.000,0.000,0.000
"02-MAR-2023 21:50","02-MAR-2023 21:49:01","2015",0.000,0.000,0.000,0.000,0.000
"02-MAR-2023 21:50","02-MAR-2023 21:49:01","2016",0.000,0.000,0.000,0.000,0.000
"02-MAR-2023 21:50","02-MAR-2023 21:49:01","2017",0.000,0.000,0.000,0.000,0.000
"02-MAR-2023 21:50","02-MAR-2023 21:49:01","2018",0.000,0.000,0.000,0.000,0.000
"02-MAR-2023 21:50","02-MAR-2023 21:49:01","2019",0.000,0.000,0.000,0.000,0.000
"02-MAR-2023 21:50","02-MAR-2023 21:49:01","202",0.000,0.000,198.979,0.000,0.000
"02-MAR-2023 21:50","02-MAR-2023 21:49:01","2020",0.000,0.000,0.000,0.000,0.000
"02-MAR-2023 21:50","02-MAR-2023 21:49:01","2021",0.000,0.000,0.000,0.000,0.000
"02-MAR-2023 21:50","02-MAR-2023 21:49:01","2022",0.000,0.000,0.000,0.000,0.000
"02-MAR-2023 21:50","02-MAR-2023 21:49:01","2023",0.000,0.000,0.000,0.000,0.000
"02-MAR-2023 21:50","02-MAR-2023 21:49:01","2024",0.000,0.000,0.000,0.000,0.000
"02-MAR-2023 21:50","02-MAR-2023 21:49:01","2025",0.000,0.000,0.000,0.000,0.000
"02-MAR-2023 21:50","02-MAR-2023 21:49:01","2026",0.000,0.000,0.000,0.000,0.000
"02-MAR-2023 21:50","02-MAR-2023 21:49:01","2027",0.000,0.000,0.000,0.000,0.000
"02-MAR-2023 21:50","02-MAR-2023 21:49:01","2028",0.000,0.000,0.000,0.000,0.000
"02-MAR-2023 21:50","02-MAR-2023 21:49:01","2029",0.000,0.000,0.000,0.000,0.000
"02-MAR-2023 21:50","02-MAR-2023 21:49:01","203",0.000,0.000,200.130,0.000,0.000
"02-MAR-2023 21:50","02-MAR-2023 21:49:01","2030",0.000,0.000,0.000,0.000,0.000
"02-MAR-2023 21:50","02-MAR-2023 21:49:01","2031",0.000,0.000,0.000,0.000,0.000
"02-MAR-2023 21:50","02-MAR-2023 21:49:01","2032",0.000,0.000,0.000,0.000,0.000
"02-MAR-2023 21:50","02-MAR-2023 21:49:01","2033",0.000,0.000,0.000,0.000,0.000
"02-MAR-2023 21:50","02-MAR-2023 21:49:01","2034",0.000,0.000,0.000,0.000,0.000
"02-MAR-2023 21:50","02-MAR-2023 21:49:01","2035",0.000,0.000,0.000,0.000,0.000
"02-MAR-2023 21:50","02-MAR-2023 21:49:01","2036",0.000,0.000,0.000,0.000,0.000
"02-MAR-2023 21:50","02-MAR-2023 21:49:01","2037",0.000,0.000,0.000,0.000,0.000
"02-MAR-2023 21:50","02-MAR-2023 21:49:01","2038",0.000,0.000,0.000,0.000,0.000
"02-MAR-2023 21:50","02-MAR-2023 21:49:01","2039",0.000,0.000,0.000,0.000,0.000
"02-MAR-2023 21:50","02-MAR-2023 21:49:01","204",32.267,0.000,195.275,0.000,0.000
"02-MAR-2023 21:50","02-MAR-2023 21:49:01","2040",0.000,0.000,0.000,0.000,0.000
"02-MAR-2023 21:50","02-MAR-2023 21:49:01","2041",0.000,0.000,0.000,0.000,0.000
"02-MAR-2023 21:50","02-MAR-2023 21:49:01","2042",0.000,0.000,0.000,0.000,0.000
"02-MAR-2023 21:50","02-MAR-2023 21:49:01","2043",0.000,0.000,0.000,0.000,0.000
"02-MAR-2023 21:50","02-MAR-2023 21:49:01","2044",0.000,0.000,0.000,0.000,0.000
"02-MAR-2023 21:50","02-MAR-2023 21:49:01","2045",0.000,0.000,0.000,0.000,0.000
"02-MAR-2023 21:50","02-MAR-2023 21:49:01","2046",0.000,0.000,0.000,0.000,0.000
"02-MAR-2023 21:50","02-MAR-2023 21:49:01","2047",0.000,0.000,0.000,0.000,0.000
"02-MAR-2023 21:50","02-MAR-2023 21:49:01","2048",0.000,0.000,0.000,0.000,0.000
"02-MAR-2023 21:50","02-MAR-2023 21:49:01","2049",0.000,0.000,0.000,0.000,0.000
"02-MAR-2023 21:50","02-MAR-2023 21:49:01","205",32.267,0.000,195.275,0.000,0.000
"02-MAR-2023 21:50","02-MAR-2023 21:49:01","2050",0.000,0.000,0.000,0.000,0.000
"02-MAR-2023 21:50","02-MAR-2023 21:49:01","2051",0.000,0.000,0.000,0.000,0.000
"02-MAR-2023 21:50","02-MAR-2023 21:49:01","2052",0.000,0.000,0.000,0.000,0.000
"02-MAR-2023 21:50","02-MAR-2023 21:49:01","2053",0.000,0.000,0.000,0.000,0.000
"02-MAR-2023 21:50","02-MAR-2023 21:49:01","2054",0.000,0.000,0.000,0.000,0.000
"02-MAR-2023 21:50","02-MAR-2023 21:49:01","2055",0.000,0.000,0.000,0.000,0.000
"02-MAR-2023 21:50","02-MAR-2023 21:49:01","2056",0.000,0.000,0.000,0.000,0.000
"02-MAR-2023 21:50","02-MAR-2023 21:49:01","2057",0.000,0.000,0.000,0.000,0.000
"02-MAR-2023 21:50","02-MAR-2023 21:49:01","2058",0.000,0.000,0.000,0.000,0.000
"02-MAR-2023 21:50","02-MAR-2023 21:49:01","2059",0.000,0.000,0.000,0.000,0.000
"02-MAR-2023 21:50","02-MAR-2023 21:49:01","206",0.000,1.013,195.275,0.000,0.000
"02-MAR-2023 21:50","02-MAR-2023 21:49:01","2060",0.000,0.000,0.000,0.000,0.000
"02-MAR-2023 21:50","02-MAR-2023 21:49:01","2061",0.000,0.000,0.000,0.000,0.000
"02-MAR-2023 21:50","02-MAR-2023 21:49:01","2062",0.000,0.000,0.000,0.000,0.000
"02-MAR-2023 21:50","02-MAR-2023 21:49:01","2063",0.000,0.000,0.000,0.000,0.000
"02-MAR-2023 21:50","02-MAR-2023 21:49:01","2064",0.000,0.000,0.000,0.000,0.000
"02-MAR-2023 21:50","02-MAR-2023 21:49:01","2065",0.000,0.000,0.000,0.000,0.000
"02-MAR-2023 21:50","02-MAR-2023 21:49:01","2066",0.000,0.000,0.000,0.000,0.000
"02-MAR-2023 21:50","02-MAR-2023 21:49:01","2067",0.000,0.000,0.000,0.000,0.000
"02-MAR-2023 21:50","02-MAR-2023 21:49:01","2068",0.000,0.000,0.000,0.000,0.000
"02-MAR-2023 21:50","02-MAR-2023 21:49:01","2069",0.000,0.000,0.000,0.000,0.000
"02-MAR-2023 21:50","02-MAR-2023 21:49:01","207",35.650,0.000,202.333,0.000,0.000
"02-MAR-2023 21:50","02-MAR-2023 21:49:01","2070",0.000,0.000,0.000,0.000,0.000
"02-MAR-2023 21:50","02-MAR-2023 21:49:01","2071",0.000,0.000,0.000,0.000,0.000
"02-MAR-2023 21:50","02-MAR-2023 21:49:01","2072",0.000,0.000,0.000,0.000,0.000
"02-MAR-2023 21:50","02-MAR-2023 21:49:01","2073",0.000,0.000,0.000,0.000,0.000
"02-MAR-2023 21:50","02-MAR-2023 21:49:01","2074",0.000,0.000,0.000,0.000,0.000
"02-MAR-2023 21:50","02-MAR-2023 21:49:01","2075",0.000,0.000,0.000,0.000,0.000
"02-MAR-2023 21:50","02-MAR-2023 21:49:01","2076",0.000,0.000,0.000,0.000,0.000
"02-MAR-2023 21:50","02-MAR-2023 21:49:01","2077",0.000,0.000,0.000,0.000,0.000
"02-MAR-2023 21:50","02-MAR-2023 21:49:01","2078",0.000,0.000,0.000,0.000,0.000
"02-MAR-2023 21:50","02-MAR-2023 21:49:01","2079",0.000,0.000,0.000,0.000,0.000
"02-MAR-2023 21:50","02-MAR-2023 21:49:01","208",32.350,0.000,202.333,0.000,0.000
"02-MAR-2023 21:50","02-MAR-2023 21:49:01","2080",0.000,0.000,0.000,0.000,0.000
"02-MAR-2023 21:50","02-MAR-2023 21:49:01","2081",0.000,0.000,0.000,0.000,0.000
"02-MAR-2023 21:50","02-MAR-2023 21:49:01","2082",0.000,0.000,0.000,0.000,0.000
"02-MAR-2023 21:50","02-MAR-2023 21:49:01","2083",0.000,0.000,0.000,0.000,0.000
"02-MAR-2023 21:50","02-MAR-2023 21:49:01","2084",0.000,0.000,0.000,0.000,0.000
"02-MAR-2023 21:50","02-MAR-2023 21:49:01","2085",0.000,0.000,0.000,0.000,0.000
"02-MAR-2023 21:50","02-MAR-2023 21:49:01","2086",0.000,0.000,0.000,0.000,0.000
"02-MAR-2023 21:50","02-MAR-2023 21:49:01","2087",0.000,0.000,0.000,0.000,0.000
"02-MAR-2023 21:50","02-MAR-2023 21:49:01","2088",0.000,0.000,0.000,0.000,0.000
"02-MAR-2023 21:50","02-MAR-2023 21:49:01","2089",0.000,0.000,0.000,0.000,0.000
"02-MAR-2023 21:50","02-MAR-2023 21:49:01","209",0.000,0.000,202.333,0.000,0.000
"02-MAR-2023 21:50","02-MAR-2023 21:49:01","2090",0.000,0.000,0.000,0.000,0.000
"02-MAR-2023 21:50","02-MAR-2023 21:49:01","2091",0.000,0.000,0.000,0.000,0.000
"02-MAR-2023 21:50","02-MAR-2023 21:49:01","2092",0.000,0.000,0.000,0.000,0.000
"02-MAR-2023 21:50","02-MAR-2023 21:49:01","2093",0.000,0.000,0.000,0.000,0.000
"02-MAR-2023 21:50","02-MAR-2023 21:49:01","2094",0.000,0.000,0.000,0.000,0.000
"02-MAR-2023 21:50","02-MAR-2023 21:49:01","2095",0.000,0.000,0.000,0.000,0.000
"02-MAR-2023 21:50","02-MAR-2023 21:49:01","2096",0.000,0.000,0.000,0.000,0.000
"02-MAR-2023 21:50","02-MAR-2023 21:49:01","2097",0.000,0.000,0.000,0.000,0.000
"02-MAR-2023 21:50","02-MAR-2023 21:49:01","2098",0.000,0.000,0.000,0.000,0.000
"02-MAR-2023 21:50","02-MAR-2023 21:49:01","2099",0.000,0.000,0.000,0.000,0.000
"02-MAR-2023 21:50","02-MAR-2023 21:49:01","21",0.000,0.000,213.034,0.000,0.000
"02-MAR-2023 21:50","02-MAR-2023 21:49:01","210",11.600,0.000,201.721,0.000,0.000
"02-MAR-2023 21:50","02-MAR-2023 21:49:01","2100",0.000,0.000,0.000,0.000,0.000
"02-MAR-2023 21:50","02-MAR-2023 21:49:01","2101",0.000,0.000,0.000,0.000,0.000
"02-MAR-2023 21:50","02-MAR-2023 21:49:01","2102",0.000,0.000,0.000,0.000,0.000
"02-MAR-2023 21:50","02-MAR-2023 21:49:01","2103",0.000,0.000,0.000,0.000,0.000
"02-MAR-2023 21:50","02-MAR-2023 21:49:01","2104",0.000,0.000,0.000,0.000,0.000
"02-MAR-2023 21:50","02-MAR-2023 21:49:01","2105",0.000,0.000,0.000,0.000,0.000
"02-MAR-2023 21:50","02-MAR-2023 21:49:01","2106",0.000,0.000,0.000,0.000,0.000
"02-MAR-2023 21:50","02-MAR-2023 21:49:01","2107",0.000,0.000,0.000,0.000,0.000
"02-MAR-2023 21:50","02-MAR-2023 21:49:01","2108",0.000,0.000,0.000,0.000,0.000
"02-MAR-2023 21:50","02-MAR-2023 21:49:01","2109",0.000,0.000,0.000,0.000,0.000
"02-MAR-2023 21:50","02-MAR-2023 21:49:01","211",11.600,0.000,201.721,0.000,0.000
"02-MAR-2023 21:50","02-MAR-2023 21:49:01","2110",0.000,0.000,0.000,0.000,0.000
"02-MAR-2023 21:50","02-MAR-2023 21:49:01","2111",0.000,0.000,0.000,0.000,0.000
"02-MAR-2023 21:50","02-MAR-2023 21:49:01","2112",0.000,0.000,0.000,0.000,0.000
"02-MAR-2023 21:50","02-MAR-2023 21:49:01","2113",0.000,0.000,0.000,0.000,0.000
"02-MAR-2023 21:50","02-MAR-2023 21:49:01","2114",0.000,0.000,0.000,0.000,0.000
"02-MAR-2023 21:50","02-MAR-2023 21:49:01","2115",0.000,0.000,0.000,0.000,0.000
"02-MAR-2023 21:50","02-MAR-2023 21:49:01","2116",0.000,0.000,0.000,0.000,0.000
"02-MAR-2023 21:50","02-MAR-2023 21:49:01","2117",0.000,0.000,0.000,0.000,0.000
"02-MAR-2023 21:50","02-MAR-2023 21:49:01","2118",0.000,0.000,0.000,0.000,0.000
"02-MAR-2023 21:50","02-MAR-2023 21:49:01","2119",0.000,0.000,0.000,0.000,0.000
"02-MAR-2023 21:50","02-MAR-2023 21:49:01","212",11.600,0.000,201.721,0.000,0.000
"02-MAR-2023 21:50","02-MAR-2023 21:49:01","2120",0.000,0.000,0.000,0.000,0.000
"02-MAR-2023 21:50","02-MAR-2023 21:49:01","2121",0.000,0.000,0.000,0.000,0.000
"02-MAR-2023 21:50","02-MAR-2023 21:49:01","2122",0.000,0.000,0.000,0.000,0.000
"02-MAR-2023 21:50","02-MAR-2023 21:49:01","2123",0.000,0.000,0.000,0.000,0.000
"02-MAR-2023 21:50","02-MAR-2023 21:49:01","2124",0.000,0.000,0.000,0.000,0.000
"02-MAR-2023 21:50","02-MAR-2023 21:49:01","2125",0.000,0.000,0.000,0.000,0.000
"02-MAR-2023 21:50","02-MAR-2023 21:49:01","2126",0.000,0.000,0.000,0.000,0.000
"02-MAR-2023 21:50","02-MAR-2023 21:49:01","2127",0.000,0.000,0.000,0.000,0.000
"02-MAR-2023 21:50","02-MAR-2023 21:49:01","2128",0.000,0.000,0.000,0.000,0.000
"02-MAR-2023 21:50","02-MAR-2023 21:49:01","2129",0.000,0.000,0.000,0.000,0.000
"02-MAR-2023 21:50","02-MAR-2023 21:49:01","213",11.600,0.000,201.721,0.000,0.000
"02-MAR-2023 21:50","02-MAR-2023 21:49:01","2130",0.000,0.000,0.000,0.000,0.000
"02-MAR-2023 21:50","02-MAR-2023 21:49:01","2131",0.000,0.000,0.000,0.000,0.000
"02-MAR-2023 21:50","02-MAR-2023 21:49:01","2132",0.000,0.000,0.000,0.000,0.000
"02-MAR-2023 21:50","02-MAR-2023 21:49:01","2133",0.000,0.000,0.000,0.000,0.000
"02-MAR-2023 21:50","02-MAR-2023 21:49:01","2134",0.000,0.000,0.000,0.000,0.000
"02-MAR-2023 21:50","02-MAR-2023 21:49:01","2135",0.000,0.000,0.000,0.000,0.000
"02-MAR-2023 21:50","02-MAR-2023 21:49:01","2136",0.000,0.000,0.000,0.000,0.000
"02-MAR-2023 21:50","02-MAR-2023 21:49:01","2137",0.000,0.000,0.000,0.000,0.000
"02-MAR-2023 21:50","02-MAR-2023 21:49:01","2138",0.000,0.000,0.000,0.000,0.000
"02-MAR-2023 21:50","02-MAR-2023 21:49:01","2139",0.000,0.000,0.000,0.000,0.000
"02-MAR-2023 21:50","02-MAR-2023 21:49:01","214",11.600,0.000,201.721,0.000,0.000
"02-MAR-2023 21:50","02-MAR-2023 21:49:01","2140",0.000,0.000,0.000,0.000,0.000
"02-MAR-2023 21:50","02-MAR-2023 21:49:01","2141",0.000,0.000,0.000,0.000,0.000
"02-MAR-2023 21:50","02-MAR-2023 21:49:01","2142",0.000,0.000,0.000,0.000,0.000
"02-MAR-2023 21:50","02-MAR-2023 21:49:01","2143",0.000,0.000,0.000,0.000,0.000
"02-MAR-2023 21:50","02-MAR-2023 21:49:01","2144",0.000,0.000,0.000,0.000,0.000
"02-MAR-2023 21:50","02-MAR-2023 21:49:01","2145",0.000,0.000,0.000,0.000,0.000
"02-MAR-2023 21:50","02-MAR-2023 21:49:01","2146",0.000,0.000,0.000,0.000,0.000
"02-MAR-2023 21:50","02-MAR-2023 21:49:01","2147",0.000,0.000,0.000,0.000,0.000
"02-MAR-2023 21:50","02-MAR-2023 21:49:01","2148",0.000,0.000,0.000,0.000,0.000
"02-MAR-2023 21:50","02-MAR-2023 21:49:01","2149",0.000,0.000,0.000,0.000,0.000
"02-MAR-2023 21:50","02-MAR-2023 21:49:01","215",11.600,0.000,201.721,0.000,0.000
"02-MAR-2023 21:50","02-MAR-2023 21:49:01","2150",0.000,0.000,0.000,0.000,0.000
"02-MAR-2023 21:50","02-MAR-2023 21:49:01","2151",0.000,0.000,0.000,0.000,0.000
"02-MAR-2023 21:50","02-MAR-2023 21:49:01","2152",0.000,0.000,0.000,0.000,0.000
"02-MAR-2023 21:50","02-MAR-2023 21:49:01","2153",0.000,0.000,0.000,0.000,0.000
"02-MAR-2023 21:50","02-MAR-2023 21:49:01","2154",0.000,0.000,0.000,0.000,0.000
"02-MAR-2023 21:50","02-MAR-2023 21:49:01","2155",0.000,0.000,0.000,0.000,0.000
"02-MAR-2023 21:50","02-MAR-2023 21:49:01","2156",0.000,0.000,0.000,0.000,0.000
"02-MAR-2023 21:50","02-MAR-2023 21:49:01","216",11.600,0.000,201.721,0.000,0.000
"02-MAR-2023 21:50","02-MAR-2023 21:49:01","217",11.600,0.000,201.721,0.000,0.000
"02-MAR-2023 21:50","02-MAR-2023 21:49:01","218",11.600,0.000,201.721,0.000,0.000
"02-MAR-2023 21:50","02-MAR-2023 21:49:01","219",11.600,0.000,201.721,0.000,0.000
"02-MAR-2023 21:50","02-MAR-2023 21:49:01","22",0.000,0.000,212.275,0.000,0.000
"02-MAR-2023 21:50","02-MAR-2023 21:49:01","220",0.000,0.000,201.721,0.000,0.000
"02-MAR-2023 21:50","02-MAR-2023 21:49:01","221",0.000,31.597,204.250,0.000,0.000
"02-MAR-2023 21:50","02-MAR-2023 21:49:01","222",0.000,0.000,203.818,0.000,0.000
"02-MAR-2023 21:50","02-MAR-2023 21:49:01","223",139.000,0.000,199.344,0.000,0.000
"02-MAR-2023 21:50","02-MAR-2023 21:49:01","224",0.000,0.000,199.344,0.000,0.000
"02-MAR-2023 21:50","02-MAR-2023 21:49:01","225",42.000,0.000,199.344,0.000,0.000
"02-MAR-2023 21:50","02-MAR-2023 21:49:01","226",42.000,0.000,199.344,0.000,0.000
"02-MAR-2023 21:50","02-MAR-2023 21:49:01","227",0.000,0.000,199.344,0.000,0.000
"02-MAR-2023 21:50","02-MAR-2023 21:49:01","228",17.250,0.000,199.435,0.000,0.000
"02-MAR-2023 21:50","02-MAR-2023 21:49:01","229",17.250,0.000,199.435,0.000,0.000
"02-MAR-2023 21:50","02-MAR-2023 21:49:01","23",0.000,19.118,214.291,0.000,0.000
"02-MAR-2023 21:50","02-MAR-2023 21:49:01","230",17.250,0.000,199.435,0.000,0.000
"02-MAR-2023 21:50","02-MAR-2023 21:49:01","231",17.250,0.000,199.435,0.000,0.000
"02-MAR-2023 21:50","02-MAR-2023 21:49:01","232",0.000,0.000,199.435,0.000,0.000
"02-MAR-2023 21:50","02-MAR-2023 21:49:01","233",0.000,0.000,201.265,0.000,0.000
"02-MAR-2023 21:50","02-MAR-2023 21:49:01","234",0.000,0.000,199.657,0.000,0.000
"02-MAR-2023 21:50","02-MAR-2023 21:49:01","235",0.000,0.000,199.657,0.000,0.000
"02-MAR-2023 21:50","02-MAR-2023 21:49:01","236",0.000,0.119,199.657,0.000,0.000
"02-MAR-2023 21:50","02-MAR-2023 21:49:01","237",0.000,0.119,199.657,0.000,0.000
"02-MAR-2023 21:50","02-MAR-2023 21:49:01","238",18.000,0.000,199.657,0.000,0.000
"02-MAR-2023 21:50","02-MAR-2023 21:49:01","239",18.000,0.000,199.657,0.000,0.000
"02-MAR-2023 21:50","02-MAR-2023 21:49:01","24",0.000,0.000,214.560,0.000,0.000
"02-MAR-2023 21:50","02-MAR-2023 21:49:01","240",0.000,0.000,199.657,0.000,0.000
"02-MAR-2023 21:50","02-MAR-2023 21:49:01","241",0.000,0.000,199.657,0.000,0.000
"02-MAR-2023 21:50","02-MAR-2023 21:49:01","242",0.000,0.000,199.657,0.000,0.000
"02-MAR-2023 21:50","02-MAR-2023 21:49:01","243",7.662,0.000,196.705,0.000,0.000
"02-MAR-2023 21:50","02-MAR-2023 21:49:01","244",5.326,0.000,196.705,0.000,0.000
"02-MAR-2023 21:50","02-MAR-2023 21:49:01","245",3.278,0.000,196.705,0.000,0.000
"02-MAR-2023 21:50","02-MAR-2023 21:49:01","246",9.735,0.000,196.705,0.000,0.000
"02-MAR-2023 21:50","02-MAR-2023 21:49:01","247",0.000,5.548,201.098,0.000,0.000
"02-MAR-2023 21:50","02-MAR-2023 21:49:01","248",0.000,0.000,200.976,0.000,0.000
"02-MAR-2023 21:50","02-MAR-2023 21:49:01","249",34.000,0.000,200.253,0.000,0.000
"02-MAR-2023 21:50","02-MAR-2023 21:49:01","25",0.000,0.000,214.634,0.000,0.000
"02-MAR-2023 21:50","02-MAR-2023 21:49:01","250",0.000,0.000,200.253,0.000,0.000
"02-MAR-2023 21:50","02-MAR-2023 21:49:01","251",0.000,0.000,199.344,0.000,0.000
"02-MAR-2023 21:50","02-MAR-2023 21:49:01","252",0.000,0.000,199.547,0.000,0.000
"02-MAR-2023 21:50","02-MAR-2023 21:49:01","253",0.000,12.319,202.047,0.000,0.000
"02-MAR-2023 21:50","02-MAR-2023 21:49:01","254",0.000,21.629,202.302,0.000,0.000
"02-MAR-2023 21:50","02-MAR-2023 21:49:01","255",0.000,0.000,201.973,0.000,0.000
"02-MAR-2023 21:50","02-MAR-2023 21:49:01","256",25.000,0.000,199.547,0.000,0.000
"02-MAR-2023 21:50","02-MAR-2023 21:49:01","257",0.000,0.000,199.547,0.000,0.000
"02-MAR-2023 21:50","02-MAR-2023 21:49:01","258",24.000,0.744,196.623,0.000,0.000
"02-MAR-2023 21:50","02-MAR-2023 21:49:01","259",0.000,11.097,203.592,0.000,0.000
"02-MAR-2023 21:50","02-MAR-2023 21:49:01","26",0.000,0.000,214.592,0.000,0.000
"02-MAR-2023 21:50","02-MAR-2023 21:49:01","260",0.000,41.754,203.322,0.000,0.000
"02-MAR-2023 21:50","02-MAR-2023 21:49:01","261",0.000,0.000,203.215,0.000,0.000
"02-MAR-2023 21:50","02-MAR-2023 21:49:01","262",74.000,0.000,200.266,0.000,0.000
"02-MAR-2023 21:50","02-MAR-2023 21:49:01","263",79.000,0.000,200.266,0.000,0.000
"02-MAR-2023 21:50","02-MAR-2023 21:49:01","264",0.000,0.000,200.266,0.000,0.000
"02-MAR-2023 21:50","02-MAR-2023 21:49:01","265",0.000,18.338,204.508,0.000,0.000
"02-MAR-2023 21:50","02-MAR-2023 21:49:01","266",0.000,0.000,203.910,0.000,0.000
"02-MAR-2023 21:50","02-MAR-2023 21:49:01","267",0.000,3.856,201.273,0.000,0.000
"02-MAR-2023 21:50","02-MAR-2023 21:49:01","27",0.000,0.000,214.610,0.000,0.000
"02-MAR-2023 21:50","02-MAR-2023 21:49:01","270",0.000,0.000,200.725,0.000,0.000
"02-MAR-2023 21:50","02-MAR-2023 21:49:01","271",0.000,0.000,200.725,0.000,0.000
"02-MAR-2023 21:50","02-MAR-2023 21:49:01","272",0.000,0.000,200.769,0.000,0.000
"02-MAR-2023 21:50","02-MAR-2023 21:49:01","273",0.000,0.000,200.720,0.000,0.000
"02-MAR-2023 21:50","02-MAR-2023 21:49:01","274",0.000,4.796,199.463,0.000,0.000
"02-MAR-2023 21:50","02-MAR-2023 21:49:01","275",0.000,0.658,200.158,0.000,0.000
"02-MAR-2023 21:50","02-MAR-2023 21:49:01","276",0.000,0.000,198.690,0.000,0.000
"02-MAR-2023 21:50","02-MAR-2023 21:49:01","277",13.000,0.000,201.155,0.000,0.000
"02-MAR-2023 21:50","02-MAR-2023 21:49:01","278",21.000,0.000,202.333,0.000,0.000
"02-MAR-2023 21:50","02-MAR-2023 21:49:01","279",21.000,0.000,202.333,0.000,0.000
"02-MAR-2023 21:50","02-MAR-2023 21:49:01","28",0.000,0.000,214.599,0.000,0.000
"02-MAR-2023 21:50","02-MAR-2023 21:49:01","280",21.000,0.000,202.333,0.000,0.000
"02-MAR-2023 21:50","02-MAR-2023 21:49:01","281",21.000,0.000,202.333,0.000,0.000
"02-MAR-2023 21:50","02-MAR-2023 21:49:01","282",0.000,3.856,202.333,0.000,0.000
"02-MAR-2023 21:50","02-MAR-2023 21:49:01","283",0.000,0.000,202.333,0.000,0.000
"02-MAR-2023 21:50","02-MAR-2023 21:49:01","284",0.000,0.000,202.333,0.000,0.000
"02-MAR-2023 21:50","02-MAR-2023 21:49:01","285",0.000,0.000,202.333,0.000,0.000
"02-MAR-2023 21:50","02-MAR-2023 21:49:01","286",0.000,0.000,202.364,0.000,0.000
"02-MAR-2023 21:50","02-MAR-2023 21:49:01","287",33.000,0.000,201.531,0.000,0.000
"02-MAR-2023 21:50","02-MAR-2023 21:49:01","288",0.000,0.000,201.531,0.000,0.000
"02-MAR-2023 21:50","02-MAR-2023 21:49:01","289",38.836,0.000,200.133,0.000,0.000
"02-MAR-2023 21:50","02-MAR-2023 21:49:01","29",0.000,0.000,214.015,0.000,0.000
"02-MAR-2023 21:50","02-MAR-2023 21:49:01","290",19.418,0.000,200.133,0.000,0.000
"02-MAR-2023 21:50","02-MAR-2023 21:49:01","291",21.692,0.000,200.133,0.000,0.000
"02-MAR-2023 21:50","02-MAR-2023 21:49:01","292",24.141,0.000,200.133,0.000,0.000
"02-MAR-2023 21:50","02-MAR-2023 21:49:01","293",9.913,0.000,200.133,0.000,0.000
"02-MAR-2023 21:50","02-MAR-2023 21:49:01","294",0.000,23.322,199.547,0.000,0.000
"02-MAR-2023 21:50","02-MAR-2023 21:49:01","295",0.000,0.000,200.133,0.000,0.000
"02-MAR-2023 21:50","02-MAR-2023 21:49:01","296",0.000,0.000,200.133,0.000,0.000
"02-MAR-2023 21:50","02-MAR-2023 21:49:01","297",0.000,45.327,202.596,0.000,0.000
"02-MAR-2023 21:50","02-MAR-2023 21:49:01","298",0.000,0.000,202.233,0.000,0.000
"02-MAR-2023 21:50","02-MAR-2023 21:49:01","299",0.000,2.834,201.577,0.000,0.000
"02-MAR-2023 21:50","02-MAR-2023 21:49:01","30",0.000,58.211,215.797,0.000,0.000
"02-MAR-2023 21:50","02-MAR-2023 21:49:01","300",0.000,0.000,201.466,0.000,0.000
"02-MAR-2023 21:50","02-MAR-2023 21:49:01","301",0.000,0.000,201.370,0.000,0.000
"02-MAR-2023 21:50","02-MAR-2023 21:49:01","302",18.000,0.000,192.477,0.000,0.000
"02-MAR-2023 21:50","02-MAR-2023 21:49:01","303",18.000,0.000,192.477,0.000,0.000
"02-MAR-2023 21:50","02-MAR-2023 21:49:01","304",0.000,0.000,192.477,0.000,0.000
"02-MAR-2023 21:50","02-MAR-2023 21:49:01","305",0.000,0.000,192.477,0.000,0.000
"02-MAR-2023 21:50","02-MAR-2023 21:49:01","306",14.667,0.000,192.477,0.000,0.000
"02-MAR-2023 21:50","02-MAR-2023 21:49:01","307",14.667,0.000,192.477,0.000,0.000
"02-MAR-2023 21:50","02-MAR-2023 21:49:01","308",14.667,0.000,192.477,0.000,0.000
"02-MAR-2023 21:50","02-MAR-2023 21:49:01","309",0.000,31.127,192.477,0.000,0.000
"02-MAR-2023 21:50","02-MAR-2023 21:49:01","31",0.000,10.815,219.134,0.000,0.000
"02-MAR-2023 21:50","02-MAR-2023 21:49:01","310",0.000,0.000,201.249,0.000,0.000
"02-MAR-2023 21:50","02-MAR-2023 21:49:01","311",0.000,0.000,201.252,0.000,0.000
"02-MAR-2023 21:50","02-MAR-2023 21:49:01","312",0.000,0.000,201.236,0.000,0.000
"02-MAR-2023 21:50","02-MAR-2023 21:49:01","313",0.000,0.000,201.162,0.000,0.000
"02-MAR-2023 21:50","02-MAR-2023 21:49:01","314",0.000,0.000,201.162,0.000,0.000
"02-MAR-2023 21:50","02-MAR-2023 21:49:01","315",0.000,0.000,201.162,0.000,0.000
"02-MAR-2023 21:50","02-MAR-2023 21:49:01","316",0.000,0.000,201.162,0.000,0.000
"02-MAR-2023 21:50","02-MAR-2023 21:49:01","317",0.000,57.176,202.028,0.000,0.000
"02-MAR-2023 21:50","02-MAR-2023 21:49:01","318",0.000,0.000,201.466,0.000,0.000
"02-MAR-2023 21:50","02-MAR-2023 21:49:01","319",0.000,0.000,203.166,0.000,0.000
"02-MAR-2023 21:50","02-MAR-2023 21:49:01","32",0.000,0.000,218.268,0.000,0.000
"02-MAR-2023 21:50","02-MAR-2023 21:49:01","320",71.600,0.127,195.564,0.000,0.000
"02-MAR-2023 21:50","02-MAR-2023 21:49:01","321",71.600,0.127,195.564,0.000,0.000
"02-MAR-2023 21:50","02-MAR-2023 21:49:01","322",0.000,0.000,195.564,0.000,0.000
"02-MAR-2023 21:50","02-MAR-2023 21:49:01","323",0.000,0.000,195.713,0.000,0.000
"02-MAR-2023 21:50","02-MAR-2023 21:49:01","324",0.000,0.000,192.895,0.000,0.000
"02-MAR-2023 21:50","02-MAR-2023 21:49:01","325",0.000,13.072,209.170,0.000,0.000
"02-MAR-2023 21:50","02-MAR-2023 21:49:01","326",0.000,0.000,208.759,0.000,0.000
"02-MAR-2023 21:50","02-MAR-2023 21:49:01","327",0.000,31.880,199.039,0.000,0.000
"02-MAR-2023 21:50","02-MAR-2023 21:49:01","33",0.000,0.000,218.267,0.000,0.000
"02-MAR-2023 21:50","02-MAR-2023 21:49:01","330",0.000,0.000,198.654,0.000,0.000
"02-MAR-2023 21:50","02-MAR-2023 21:49:01","331",0.000,10.532,197.038,0.000,0.000
"02-MAR-2023 21:50","02-MAR-2023 21:49:01","332",0.000,0.000,196.958,0.000,0.000
"02-MAR-2023 21:50","02-MAR-2023 21:49:01","333",0.000,17.209,205.850,0.000,0.000
"02-MAR-2023 21:50","02-MAR-2023 21:49:01","334",0.000,0.000,205.371,0.000,0.000
"02-MAR-2023 21:50","02-MAR-2023 21:49:01","335",10.167,0.000,203.166,0.000,0.000
"02-MAR-2023 21:50","02-MAR-2023 21:49:01","336",0.000,0.000,203.166,0.000,0.000
"02-MAR-2023 21:50","02-MAR-2023 21:49:01","337",54.697,0.320,190.028,0.000,0.000
"02-MAR-2023 21:50","02-MAR-2023 21:49:01","338",54.697,0.320,190.028,0.000,0.000
"02-MAR-2023 21:50","02-MAR-2023 21:49:01","339",0.000,0.000,190.028,0.000,0.000
"02-MAR-2023 21:50","02-MAR-2023 21:49:01","34",0.000,0.000,214.291,0.000,0.000
"02-MAR-2023 21:50","02-MAR-2023 21:49:01","340",0.000,2.839,195.058,0.000,0.000
"02-MAR-2023 21:50","02-MAR-2023 21:49:01","341",0.000,6.659,195.620,0.000,0.000
"02-MAR-2023 21:50","02-MAR-2023 21:49:01","342",0.000,0.000,194.897,0.000,0.000
"02-MAR-2023 21:50","02-MAR-2023 21:49:01","343",0.000,4.044,204.393,0.000,0.000
"02-MAR-2023 21:50","02-MAR-2023 21:49:01","344",0.000,0.000,203.791,0.000,0.000
"02-MAR-2023 21:50","02-MAR-2023 21:49:01","345",9.000,0.000,205.371,0.000,0.000
"02-MAR-2023 21:50","02-MAR-2023 21:49:01","346",0.000,0.000,205.371,0.000,0.000
"02-MAR-2023 21:50","02-MAR-2023 21:49:01","349",98.000,0.000,204.521,0.000,0.000
"02-MAR-2023 21:50","02-MAR-2023 21:49:01","35",30.000,0.000,214.291,0.000,0.000
"02-MAR-2023 21:50","02-MAR-2023 21:49:01","350",87.000,0.000,204.521,0.000,0.000
"02-MAR-2023 21:50","02-MAR-2023 21:49:01","351",0.000,13.918,203.708,0.000,0.000
"02-MAR-2023 21:50","02-MAR-2023 21:49:01","352",0.000,0.000,204.267,0.000,0.000
"02-MAR-2023 21:50","02-MAR-2023 21:49:01","353",0.000,0.000,203.684,0.000,0.000
"02-MAR-2023 21:50","02-MAR-2023 21:49:01","354",0.000,0.000,203.608,0.000,0.000
"02-MAR-2023 21:50","02-MAR-2023 21:49:01","355",0.000,0.496,204.521,0.000,0.000
"02-MAR-2023 21:50","02-MAR-2023 21:49:01","356",0.000,0.000,204.521,0.000,0.000
"02-MAR-2023 21:50","02-MAR-2023 21:49:01","357",0.000,0.000,204.521,0.000,0.000
"02-MAR-2023 21:50","02-MAR-2023 21:49:01","358",4.381,0.000,205.371,0.000,0.000
"02-MAR-2023 21:50","02-MAR-2023 21:49:01","359",0.000,0.000,205.371,0.000,0.000
"02-MAR-2023 21:50","02-MAR-2023 21:49:01","36",0.000,0.000,214.291,0.000,0.000
"02-MAR-2023 21:50","02-MAR-2023 21:49:01","360",6.259,0.000,205.371,0.000,0.000
"02-MAR-2023 21:50","02-MAR-2023 21:49:01","361",0.000,0.000,205.371,0.000,0.000
"02-MAR-2023 21:50","02-MAR-2023 21:49:01","362",0.000,2.257,208.402,0.000,0.000
"02-MAR-2023 21:50","02-MAR-2023 21:49:01","363",0.000,0.000,207.759,0.000,0.000
"02-MAR-2023 21:50","02-MAR-2023 21:49:01","364",0.000,0.000,207.759,0.000,0.000
"02-MAR-2023 21:50","02-MAR-2023 21:49:01","365",19.456,0.000,207.759,0.000,0.000
"02-MAR-2023 21:50","02-MAR-2023 21:49:01","368",0.000,45.986,213.483,0.000,0.000
"02-MAR-2023 21:50","02-MAR-2023 21:49:01","369",0.000,0.000,212.954,0.000,0.000
"02-MAR-2023 21:50","02-MAR-2023 21:49:01","37",0.000,0.000,214.291,0.000,0.000
"02-MAR-2023 21:50","02-MAR-2023 21:49:01","370",0.000,0.000,212.973,0.000,0.000
"02-MAR-2023 21:50","02-MAR-2023 21:49:01","371",0.000,0.000,212.680,0.000,0.000
"02-MAR-2023 21:50","02-MAR-2023 21:49:01","372",0.000,0.000,212.680,0.000,0.000
"02-MAR-2023 21:50","02-MAR-2023 21:49:01","373",0.000,0.000,212.720,0.000,0.000
"02-MAR-2023 21:50","02-MAR-2023 21:49:01","374",0.000,0.000,212.793,0.000,0.000
"02-MAR-2023 21:50","02-MAR-2023 21:49:01","375",0.000,0.000,212.408,0.000,0.000
"02-MAR-2023 21:50","02-MAR-2023 21:49:01","376",0.000,7.241,217.328,0.000,0.000
"02-MAR-2023 21:50","02-MAR-2023 21:49:01","377",0.000,0.000,216.984,0.000,0.000
"02-MAR-2023 21:50","02-MAR-2023 21:49:01","378",0.000,0.000,217.050,0.000,0.000
"02-MAR-2023 21:50","02-MAR-2023 21:49:01","379",0.000,0.000,212.980,0.000,0.000
"02-MAR-2023 21:50","02-MAR-2023 21:49:01","38",0.000,44.293,212.745,0.000,0.000
"02-MAR-2023 21:50","02-MAR-2023 21:49:01","380",0.000,25.513,213.831,0.000,0.000
"02-MAR-2023 21:50","02-MAR-2023 21:49:01","381",0.000,0.000,213.474,0.000,0.000
"02-MAR-2023 21:50","02-MAR-2023 21:49:01","382",0.000,0.000,213.875,0.000,0.000
"02-MAR-2023 21:50","02-MAR-2023 21:49:01","383",26.000,0.000,211.417,0.000,0.000
"02-MAR-2023 21:50","02-MAR-2023 21:49:01","384",0.000,18.357,211.417,0.000,0.000
"02-MAR-2023 21:50","02-MAR-2023 21:49:01","385",0.000,0.000,211.532,0.000,0.000
"02-MAR-2023 21:50","02-MAR-2023 21:49:01","386",0.000,0.000,211.532,0.000,0.000
"02-MAR-2023 21:50","02-MAR-2023 21:49:01","387",0.000,10.011,213.377,0.000,0.000
"02-MAR-2023 21:50","02-MAR-2023 21:49:01","388",0.000,0.000,212.948,0.000,0.000
"02-MAR-2023 21:50","02-MAR-2023 21:49:01","389",0.000,0.000,212.968,0.000,0.000
"02-MAR-2023 21:50","02-MAR-2023 21:49:01","39",0.000,0.000,212.320,0.000,0.000
"02-MAR-2023 21:50","02-MAR-2023 21:49:01","390",0.000,3.327,212.176,0.000,0.000
"02-MAR-2023 21:50","02-MAR-2023 21:49:01","391",0.000,0.000,212.093,0.000,0.000
"02-MAR-2023 21:50","02-MAR-2023 21:49:01","392",0.000,0.752,212.822,0.000,0.000
"02-MAR-2023 21:50","02-MAR-2023 21:49:01","393",0.000,0.000,212.717,0.000,0.000
"02-MAR-2023 21:50","02-MAR-2023 21:49:01","394",0.000,2.069,212.375,0.000,0.000
"02-MAR-2023 21:50","02-MAR-2023 21:49:01","395",0.000,0.000,212.270,0.000,0.000
"02-MAR-2023 21:50","02-MAR-2023 21:49:01","396",30.000,0.000,200.933,0.000,0.000
"02-MAR-2023 21:50","02-MAR-2023 21:49:01","397",30.000,0.000,200.933,0.000,0.000
"02-MAR-2023 21:50","02-MAR-2023 21:49:01","398",0.000,0.000,200.933,0.000,0.000
"02-MAR-2023 21:50","02-MAR-2023 21:49:01","399",21.300,0.000,214.220,0.000,0.000
"02-MAR-2023 21:50","02-MAR-2023 21:49:01","40",0.000,0.000,212.327,0.000,0.000
"02-MAR-2023 21:50","02-MAR-2023 21:49:01","400",0.000,0.000,214.220,0.000,0.000
"02-MAR-2023 21:50","02-MAR-2023 21:49:01","401",23.500,0.000,203.131,0.000,0.000
"02-MAR-2023 21:50","02-MAR-2023 21:49:01","402",23.500,0.000,203.131,0.000,0.000
"02-MAR-2023 21:50","02-MAR-2023 21:49:01","403",23.500,0.000,203.131,0.000,0.000
"02-MAR-2023 21:50","02-MAR-2023 21:49:01","404",23.500,0.000,203.131,0.000,0.000
"02-MAR-2023 21:50","02-MAR-2023 21:49:01","405",0.000,2.349,203.281,0.000,0.000
"02-MAR-2023 21:50","02-MAR-2023 21:49:01","406",0.000,0.000,203.131,0.000,0.000
"02-MAR-2023 21:50","02-MAR-2023 21:49:01","407",0.000,0.000,206.097,0.000,0.000
"02-MAR-2023 21:50","02-MAR-2023 21:49:01","408",0.000,0.000,206.075,0.000,0.000
"02-MAR-2023 21:50","02-MAR-2023 21:49:01","409",0.000,0.000,205.920,0.000,0.000
"02-MAR-2023 21:50","02-MAR-2023 21:49:01","41",0.000,0.000,211.511,0.000,0.000
"02-MAR-2023 21:50","02-MAR-2023 21:49:01","410",0.000,1.900,205.028,0.000,0.000
"02-MAR-2023 21:50","02-MAR-2023 21:49:01","411",0.000,0.000,204.963,0.000,0.000
"02-MAR-2023 21:50","02-MAR-2023 21:49:01","412",0.000,0.000,204.930,0.000,0.000
"02-MAR-2023 21:50","02-MAR-2023 21:49:01","413",0.000,0.000,204.803,0.000,0.000
"02-MAR-2023 21:50","02-MAR-2023 21:49:01","414",8.000,0.000,212.923,0.000,0.000
"02-MAR-2023 21:50","02-MAR-2023 21:49:01","415",0.000,0.000,213.474,0.000,0.000
"02-MAR-2023 21:50","02-MAR-2023 21:49:01","416",0.000,0.000,213.474,0.000,0.000
"02-MAR-2023 21:50","02-MAR-2023 21:49:01","417",20.300,0.000,212.923,0.000,0.000
"02-MAR-2023 21:50","02-MAR-2023 21:49:01","418",0.000,0.000,212.923,0.000,0.000
"02-MAR-2023 21:50","02-MAR-2023 21:49:01","419",8.800,0.000,213.831,0.000,0.000
"02-MAR-2023 21:50","02-MAR-2023 21:49:01","42",0.000,4.984,211.647,0.000,0.000
"02-MAR-2023 21:50","02-MAR-2023 21:49:01","420",7.020,0.000,213.483,0.000,0.000
"02-MAR-2023 21:50","02-MAR-2023 21:49:01","421",0.000,1.174,214.290,0.000,0.000
"02-MAR-2023 21:50","02-MAR-2023 21:49:01","422",0.000,0.000,214.220,0.000,0.000
"02-MAR-2023 21:50","02-MAR-2023 21:49:01","423",0.000,15.987,211.634,0.000,0.000
"02-MAR-2023 21:50","02-MAR-2023 21:49:01","424",0.000,0.000,211.082,0.000,0.000
"02-MAR-2023 21:50","02-MAR-2023 21:49:01","425",0.000,2.054,219.395,0.000,0.000
"02-MAR-2023 21:50","02-MAR-2023 21:49:01","426",0.000,10.548,218.883,0.000,0.000
"02-MAR-2023 21:50","02-MAR-2023 21:49:01","427",0.000,0.000,218.309,0.000,0.000
"02-MAR-2023 21:50","02-MAR-2023 21:49:01","428",0.000,0.000,218.278,0.000,0.000
"02-MAR-2023 21:50","02-MAR-2023 21:49:01","429",0.000,4.044,221.779,0.000,0.000
"02-MAR-2023 21:50","02-MAR-2023 21:49:01","43",0.000,0.103,211.511,0.000,0.000
"02-MAR-2023 21:50","02-MAR-2023 21:49:01","430",0.000,4.044,221.777,0.000,0.000
"02-MAR-2023 21:50","02-MAR-2023 21:49:01","431",0.000,66.016,221.557,0.000,0.000
"02-MAR-2023 21:50","02-MAR-2023 21:49:01","432",0.000,0.000,220.662,0.000,0.000
"02-MAR-2023 21:50","02-MAR-2023 21:49:01","433",0.000,0.000,220.660,0.000,0.000
"02-MAR-2023 21:50","02-MAR-2023 21:49:01","434",0.000,0.000,221.119,0.000,0.000
"02-MAR-2023 21:50","02-MAR-2023 21:49:01","435",0.000,0.000,219.458,0.000,0.000
"02-MAR-2023 21:50","02-MAR-2023 21:49:01","436",0.000,0.000,219.430,0.000,0.000
"02-MAR-2023 21:50","02-MAR-2023 21:49:01","437",0.000,28.588,220.754,0.000,0.000
"02-MAR-2023 21:50","02-MAR-2023 21:49:01","438",0.000,0.000,220.018,0.000,0.000
"02-MAR-2023 21:50","02-MAR-2023 21:49:01","439",0.000,0.000,220.287,0.000,0.000
"02-MAR-2023 21:50","02-MAR-2023 21:49:01","44",0.000,18.902,219.071,0.000,0.000
"02-MAR-2023 21:50","02-MAR-2023 21:49:01","440",0.000,3.291,220.486,0.000,0.000
"02-MAR-2023 21:50","02-MAR-2023 21:49:01","441",0.000,0.000,220.209,0.000,0.000
"02-MAR-2023 21:50","02-MAR-2023 21:49:01","442",0.000,0.000,220.209,0.000,0.000
"02-MAR-2023 21:50","02-MAR-2023 21:49:01","443",0.000,0.000,219.510,0.000,0.000
"02-MAR-2023 21:50","02-MAR-2023 21:49:01","444",0.000,7.053,220.080,0.000,0.000
"02-MAR-2023 21:50","02-MAR-2023 21:49:01","445",0.000,0.000,219.433,0.000,0.000
"02-MAR-2023 21:50","02-MAR-2023 21:49:01","446",0.000,0.000,219.433,0.000,0.000
"02-MAR-2023 21:50","02-MAR-2023 21:49:01","447",0.000,0.000,219.848,0.000,0.000
"02-MAR-2023 21:50","02-MAR-2023 21:49:01","448",0.000,0.000,219.433,0.000,0.000
"02-MAR-2023 21:50","02-MAR-2023 21:49:01","449",0.000,0.000,219.848,0.000,0.000
"02-MAR-2023 21:50","02-MAR-2023 21:49:01","45",0.000,0.000,218.425,0.000,0.000
"02-MAR-2023 21:50","02-MAR-2023 21:49:01","450",0.000,0.000,219.510,0.000,0.000
"02-MAR-2023 21:50","02-MAR-2023 21:49:01","451",0.000,0.000,219.848,0.000,0.000
"02-MAR-2023 21:50","02-MAR-2023 21:49:01","453",0.000,6.207,219.955,0.000,0.000
"02-MAR-2023 21:50","02-MAR-2023 21:49:01","454",0.000,0.000,219.913,0.000,0.000
"02-MAR-2023 21:50","02-MAR-2023 21:49:01","455",0.000,0.000,219.912,0.000,0.000
"02-MAR-2023 21:50","02-MAR-2023 21:49:01","456",0.000,0.000,219.512,0.000,0.000
"02-MAR-2023 21:50","02-MAR-2023 21:49:01","457",0.000,0.000,219.512,0.000,0.000
"02-MAR-2023 21:50","02-MAR-2023 21:49:01","458",0.000,0.000,219.512,0.000,0.000
"02-MAR-2023 21:50","02-MAR-2023 21:49:01","459",0.000,0.000,219.848,0.000,0.000
"02-MAR-2023 21:50","02-MAR-2023 21:49:01","46",0.000,0.000,218.428,0.000,0.000
"02-MAR-2023 21:50","02-MAR-2023 21:49:01","460",0.000,0.000,219.510,0.000,0.000
"02-MAR-2023 21:50","02-MAR-2023 21:49:01","461",0.000,0.000,219.510,0.000,0.000
"02-MAR-2023 21:50","02-MAR-2023 21:49:01","462",0.000,0.000,219.510,0.000,0.000
"02-MAR-2023 21:50","02-MAR-2023 21:49:01","463",0.000,12.601,220.863,0.000,0.000
"02-MAR-2023 21:50","02-MAR-2023 21:49:01","464",0.000,0.000,220.467,0.000,0.000
"02-MAR-2023 21:50","02-MAR-2023 21:49:01","465",0.000,0.000,220.467,0.000,0.000
"02-MAR-2023 21:50","02-MAR-2023 21:49:01","466",0.000,0.000,219.872,0.000,0.000
"02-MAR-2023 21:50","02-MAR-2023 21:49:01","467",0.000,7.523,216.224,0.000,0.000
"02-MAR-2023 21:50","02-MAR-2023 21:49:01","468",0.000,0.000,216.020,0.000,0.000
"02-MAR-2023 21:50","02-MAR-2023 21:49:01","469",0.000,0.000,220.518,0.000,0.000
"02-MAR-2023 21:50","02-MAR-2023 21:49:01","47",0.000,68.931,212.490,0.000,0.000
"02-MAR-2023 21:50","02-MAR-2023 21:49:01","470",0.000,0.000,220.515,0.000,0.000
"02-MAR-2023 21:50","02-MAR-2023 21:49:01","471",0.000,9.686,220.556,0.000,0.000
"02-MAR-2023 21:50","02-MAR-2023 21:49:01","472",0.000,13.166,220.377,0.000,0.000
"02-MAR-2023 21:50","02-MAR-2023 21:49:01","473",0.000,0.000,220.148,0.000,0.000
"02-MAR-2023 21:50","02-MAR-2023 21:49:01","474",0.000,0.000,220.139,0.000,0.000
"02-MAR-2023 21:50","02-MAR-2023 21:49:01","475",0.000,21.065,220.209,0.000,0.000
"02-MAR-2023 21:50","02-MAR-2023 21:49:01","476",0.000,0.000,220.086,0.000,0.000
"02-MAR-2023 21:50","02-MAR-2023 21:49:01","477",0.000,7.147,220.831,0.000,0.000
"02-MAR-2023 21:50","02-MAR-2023 21:49:01","478",0.000,0.000,220.255,0.000,0.000
"02-MAR-2023 21:50","02-MAR-2023 21:49:01","479",0.000,0.000,220.290,0.000,0.000
"02-MAR-2023 21:50","02-MAR-2023 21:49:01","48",0.000,0.000,212.477,0.000,0.000
"02-MAR-2023 21:50","02-MAR-2023 21:49:01","480",0.000,25.861,218.093,0.000,0.000
"02-MAR-2023 21:50","02-MAR-2023 21:49:01","481",0.000,0.000,218.002,0.000,0.000
"02-MAR-2023 21:50","02-MAR-2023 21:49:01","482",0.000,0.000,218.006,0.000,0.000
"02-MAR-2023 21:50","02-MAR-2023 21:49:01","483",0.000,0.000,217.997,0.000,0.000
"02-MAR-2023 21:50","02-MAR-2023 21:49:01","484",0.000,0.000,217.992,0.000,0.000
"02-MAR-2023 21:50","02-MAR-2023 21:49:01","485",0.000,42.318,220.958,0.000,0.000
"02-MAR-2023 21:50","02-MAR-2023 21:49:01","486",0.000,0.000,220.094,0.000,0.000
"02-MAR-2023 21:50","02-MAR-2023 21:49:01","487",0.000,12.695,220.320,0.000,0.000
"02-MAR-2023 21:50","02-MAR-2023 21:49:01","488",0.000,0.000,220.151,0.000,0.000
"02-MAR-2023 21:50","02-MAR-2023 21:49:01","49",0.000,0.000,212.478,0.000,0.000
"02-MAR-2023 21:50","02-MAR-2023 21:49:01","490",0.000,0.000,219.872,0.000,0.000
"02-MAR-2023 21:50","02-MAR-2023 21:49:01","491",0.000,0.000,220.268,0.000,0.000
"02-MAR-2023 21:50","02-MAR-2023 21:49:01","492",0.000,0.000,220.387,0.000,0.000
"02-MAR-2023 21:50","02-MAR-2023 21:49:01","493",0.000,0.000,219.826,0.000,0.000
"02-MAR-2023 21:50","02-MAR-2023 21:49:01","494",0.000,0.000,220.400,0.000,0.000
"02-MAR-2023 21:50","02-MAR-2023 21:49:01","495",0.000,0.000,220.630,0.000,0.000
"02-MAR-2023 21:50","02-MAR-2023 21:49:01","496",0.000,0.000,220.400,0.000,0.000
"02-MAR-2023 21:50","02-MAR-2023 21:49:01","497",0.000,0.000,110.515,0.000,0.000
"02-MAR-2023 21:50","02-MAR-2023 21:49:01","498",0.000,0.000,110.661,0.000,0.000
"02-MAR-2023 21:50","02-MAR-2023 21:49:01","499",0.000,0.000,110.661,0.000,0.000
"02-MAR-2023 21:50","02-MAR-2023 21:49:01","5",0.000,67.991,212.518,0.000,0.000
"02-MAR-2023 21:50","02-MAR-2023 21:49:01","50",0.000,0.000,212.077,0.000,0.000
"02-MAR-2023 21:50","02-MAR-2023 21:49:01","500",0.000,0.000,111.333,0.000,0.000
"02-MAR-2023 21:50","02-MAR-2023 21:49:01","501",0.000,52.029,114.171,0.000,0.000
"02-MAR-2023 21:50","02-MAR-2023 21:49:01","502",0.000,0.000,113.920,0.000,0.000
"02-MAR-2023 21:50","02-MAR-2023 21:49:01","503",14.540,0.000,109.926,0.000,0.000
"02-MAR-2023 21:50","02-MAR-2023 21:49:01","504",0.000,0.000,109.926,0.000,0.000
"02-MAR-2023 21:50","02-MAR-2023 21:49:01","505",0.000,4.862,105.556,0.000,0.000
"02-MAR-2023 21:50","02-MAR-2023 21:49:01","506",0.000,3.310,105.669,0.000,0.000
"02-MAR-2023 21:50","02-MAR-2023 21:49:01","507",0.000,0.000,105.503,0.000,0.000
"02-MAR-2023 21:50","02-MAR-2023 21:49:01","508",0.000,0.000,105.492,0.000,0.000
"02-MAR-2023 21:50","02-MAR-2023 21:49:01","509",0.000,0.000,110.005,0.000,0.000
"02-MAR-2023 21:50","02-MAR-2023 21:49:01","510",0.000,2.482,108.623,0.000,0.000
"02-MAR-2023 21:50","02-MAR-2023 21:49:01","511",0.000,0.000,108.570,0.000,0.000
"02-MAR-2023 21:50","02-MAR-2023 21:49:01","512",0.000,0.000,108.593,0.000,0.000
"02-MAR-2023 21:50","02-MAR-2023 21:49:01","513",0.000,0.000,108.687,0.000,0.000
"02-MAR-2023 21:50","02-MAR-2023 21:49:01","514",0.000,0.000,108.563,0.000,0.000
"02-MAR-2023 21:50","02-MAR-2023 21:49:01","515",0.000,1.448,109.611,0.000,0.000
"02-MAR-2023 21:50","02-MAR-2023 21:49:01","516",0.000,0.000,109.465,0.000,0.000
"02-MAR-2023 21:50","02-MAR-2023 21:49:01","517",0.000,0.000,110.418,0.000,0.000
"02-MAR-2023 21:50","02-MAR-2023 21:49:01","518",0.000,0.000,110.571,0.000,0.000
"02-MAR-2023 21:50","02-MAR-2023 21:49:01","519",0.000,1.138,110.534,0.000,0.000
"02-MAR-2023 21:50","02-MAR-2023 21:49:01","52",0.000,0.000,210.547,0.000,0.000
"02-MAR-2023 21:50","02-MAR-2023 21:49:01","520",0.000,1.138,110.556,0.000,0.000
"02-MAR-2023 21:50","02-MAR-2023 21:49:01","521",0.000,2.007,110.418,0.000,0.000
"02-MAR-2023 21:50","02-MAR-2023 21:49:01","522",0.000,1.979,110.571,0.000,0.000
"02-MAR-2023 21:50","02-MAR-2023 21:49:01","526",0.000,74.992,109.910,0.000,0.000
"02-MAR-2023 21:50","02-MAR-2023 21:49:01","527",0.000,19.767,109.926,0.000,0.000
"02-MAR-2023 21:50","02-MAR-2023 21:49:01","528",0.000,0.000,109.797,0.000,0.000
"02-MAR-2023 21:50","02-MAR-2023 21:49:01","529",0.000,0.000,109.889,0.000,0.000
"02-MAR-2023 21:50","02-MAR-2023 21:49:01","530",0.000,0.000,109.898,0.000,0.000
"02-MAR-2023 21:50","02-MAR-2023 21:49:01","531",0.000,0.000,109.890,0.000,0.000
"02-MAR-2023 21:50","02-MAR-2023 21:49:01","532",0.000,0.000,109.685,0.000,0.000
"02-MAR-2023 21:50","02-MAR-2023 21:49:01","537",0.000,3.207,107.868,0.000,0.000
"02-MAR-2023 21:50","02-MAR-2023 21:49:01","538",0.000,0.000,107.792,0.000,0.000
"02-MAR-2023 21:50","02-MAR-2023 21:49:01","541",0.000,0.000,104.045,0.000,0.000
"02-MAR-2023 21:50","02-MAR-2023 21:49:01","542",0.000,46.133,104.079,0.000,0.000
"02-MAR-2023 21:50","02-MAR-2023 21:49:01","543",0.000,244.630,104.114,0.000,0.000
"02-MAR-2023 21:50","02-MAR-2023 21:49:01","544",0.000,0.000,104.035,0.000,0.000
"02-MAR-2023 21:50","02-MAR-2023 21:49:01","545",0.000,0.000,104.028,0.000,0.000
"02-MAR-2023 21:50","02-MAR-2023 21:49:01","546",0.000,0.000,104.025,0.000,0.000
"02-MAR-2023 21:50","02-MAR-2023 21:49:01","547",0.000,0.000,103.851,0.000,0.000
"02-MAR-2023 21:50","02-MAR-2023 21:49:01","548",0.000,14.998,109.405,0.000,0.000
"02-MAR-2023 21:50","02-MAR-2023 21:49:01","549",0.000,0.000,109.077,0.000,0.000
"02-MAR-2023 21:50","02-MAR-2023 21:49:01","55",0.000,3.197,214.884,0.000,0.000
"02-MAR-2023 21:50","02-MAR-2023 21:49:01","550",0.000,32.272,107.962,0.000,0.000
"02-MAR-2023 21:50","02-MAR-2023 21:49:01","551",0.000,4.241,105.557,0.000,0.000
"02-MAR-2023 21:50","02-MAR-2023 21:49:01","552",0.000,1.345,105.235,0.000,0.000
"02-MAR-2023 21:50","02-MAR-2023 21:49:01","553",0.000,0.000,105.233,0.000,0.000
"02-MAR-2023 21:50","02-MAR-2023 21:49:01","554",0.000,0.000,105.227,0.000,0.000
"02-MAR-2023 21:50","02-MAR-2023 21:49:01","555",0.000,0.000,99.760,0.000,0.000
"02-MAR-2023 21:50","02-MAR-2023 21:49:01","556",0.000,0.000,99.854,0.000,0.000
"02-MAR-2023 21:50","02-MAR-2023 21:49:01","557",0.000,-2.800,96.612,0.000,0.000
"02-MAR-2023 21:50","02-MAR-2023 21:49:01","558",0.000,0.000,96.713,0.000,0.000
"02-MAR-2023 21:50","02-MAR-2023 21:49:01","56",0.000,48.713,214.734,0.000,0.000
"02-MAR-2023 21:50","02-MAR-2023 21:49:01","560",0.000,75.000,101.804,0.000,0.000
"02-MAR-2023 21:50","02-MAR-2023 21:49:01","561",0.000,0.000,101.571,0.000,0.000
"02-MAR-2023 21:50","02-MAR-2023 21:49:01","562",0.000,0.000,103.855,0.000,0.000
"02-MAR-2023 21:50","02-MAR-2023 21:49:01","563",0.000,0.000,103.863,0.000,0.000
"02-MAR-2023 21:50","02-MAR-2023 21:49:01","564",0.000,80.888,103.915,0.000,0.000
"02-MAR-2023 21:50","02-MAR-2023 21:49:01","565",0.000,0.000,103.851,0.000,0.000
"02-MAR-2023 21:50","02-MAR-2023 21:49:01","566",0.000,0.000,103.844,0.000,0.000
"02-MAR-2023 21:50","02-MAR-2023 21:49:01","567",0.000,0.000,103.746,0.000,0.000
"02-MAR-2023 21:50","02-MAR-2023 21:49:01","568",7.000,0.000,101.804,0.000,0.000
"02-MAR-2023 21:50","02-MAR-2023 21:49:01","569",0.000,0.000,101.804,0.000,0.000
"02-MAR-2023 21:50","02-MAR-2023 21:49:01","570",0.000,59.974,100.966,0.000,0.000
"02-MAR-2023 21:50","02-MAR-2023 21:49:01","572",0.000,0.000,100.280,0.000,0.000
"02-MAR-2023 21:50","02-MAR-2023 21:49:01","573",0.000,0.000,100.222,0.000,0.000
"02-MAR-2023 21:50","02-MAR-2023 21:49:01","574",0.000,0.000,100.306,0.000,0.000
"02-MAR-2023 21:50","02-MAR-2023 21:49:01","575",0.000,0.000,100.052,0.000,0.000
"02-MAR-2023 21:50","02-MAR-2023 21:49:01","576",20.000,0.000,93.998,0.000,0.000
"02-MAR-2023 21:50","02-MAR-2023 21:49:01","577",0.000,2.069,94.282,0.000,0.000
"02-MAR-2023 21:50","02-MAR-2023 21:49:01","578",0.000,0.000,94.584,0.000,0.000
"02-MAR-2023 21:50","02-MAR-2023 21:49:01","579",0.000,45.306,102.260,0.000,0.000
"02-MAR-2023 21:50","02-MAR-2023 21:49:01","58",0.000,0.000,210.870,0.000,0.000
"02-MAR-2023 21:50","02-MAR-2023 21:49:01","580",0.000,0.000,101.666,0.000,0.000
"02-MAR-2023 21:50","02-MAR-2023 21:49:01","581",0.000,0.000,101.652,0.000,0.000
"02-MAR-2023 21:50","02-MAR-2023 21:49:01","582",0.000,0.000,104.735,0.000,0.000
"02-MAR-2023 21:50","02-MAR-2023 21:49:01","583",0.000,0.000,104.735,0.000,0.000
"02-MAR-2023 21:50","02-MAR-2023 21:49:01","584",0.000,0.000,113.398,0.000,0.000
"02-MAR-2023 21:50","02-MAR-2023 21:49:01","585",0.000,0.000,113.398,0.000,0.000
"02-MAR-2023 21:50","02-MAR-2023 21:49:01","586",0.000,0.173,105.746,0.000,0.000
"02-MAR-2023 21:50","02-MAR-2023 21:49:01","587",0.000,0.000,105.563,0.000,0.000
"02-MAR-2023 21:50","02-MAR-2023 21:49:01","588",0.000,0.000,112.139,0.000,0.000
"02-MAR-2023 21:50","02-MAR-2023 21:49:01","589",0.000,0.103,101.968,0.000,0.000
"02-MAR-2023 21:50","02-MAR-2023 21:49:01","59",0.000,0.000,210.872,0.000,0.000
"02-MAR-2023 21:50","02-MAR-2023 21:49:01","590",0.000,0.000,101.937,0.000,0.000
"02-MAR-2023 21:50","02-MAR-2023 21:49:01","591",14.611,0.000,99.540,0.000,0.000
"02-MAR-2023 21:50","02-MAR-2023 21:49:01","592",0.000,0.000,99.567,0.000,0.000
"02-MAR-2023 21:50","02-MAR-2023 21:49:01","593",0.000,0.000,99.540,0.000,0.000
"02-MAR-2023 21:50","02-MAR-2023 21:49:01","596",0.000,1.138,112.139,0.000,0.000
"02-MAR-2023 21:50","02-MAR-2023 21:49:01","597",0.000,0.000,112.056,0.000,0.000
"02-MAR-2023 21:50","02-MAR-2023 21:49:01","598",0.000,0.000,112.044,0.000,0.000
"02-MAR-2023 21:50","02-MAR-2023 21:49:01","599",0.000,0.000,112.051,0.000,0.000
"02-MAR-2023 21:50","02-MAR-2023 21:49:01","6",0.000,0.000,212.293,0.000,0.000
"02-MAR-2023 21:50","02-MAR-2023 21:49:01","60",0.000,0.000,211.129,0.000,0.000
"02-MAR-2023 21:50","02-MAR-2023 21:49:01","600",0.000,0.000,111.942,0.000,0.000
"02-MAR-2023 21:50","02-MAR-2023 21:49:01","601",0.000,0.000,111.876,0.000,0.000
"02-MAR-2023 21:50","02-MAR-2023 21:49:01","602",0.000,5.999,112.479,0.000,0.000
"02-MAR-2023 21:50","02-MAR-2023 21:49:01","603",0.000,0.000,112.479,0.000,0.000
"02-MAR-2023 21:50","02-MAR-2023 21:49:01","604",0.000,0.000,113.398,0.000,0.000
"02-MAR-2023 21:50","02-MAR-2023 21:49:01","605",0.000,8.068,113.398,0.000,0.000
"02-MAR-2023 21:50","02-MAR-2023 21:49:01","606",0.000,0.000,113.398,0.000,0.000
"02-MAR-2023 21:50","02-MAR-2023 21:49:01","607",0.000,7.861,104.624,0.000,0.000
"02-MAR-2023 21:50","02-MAR-2023 21:49:01","608",0.000,7.034,104.134,0.000,0.000
"02-MAR-2023 21:50","02-MAR-2023 21:49:01","609",0.000,12.516,104.770,0.000,0.000
"02-MAR-2023 21:50","02-MAR-2023 21:49:01","61",0.000,0.000,210.972,0.000,0.000
"02-MAR-2023 21:50","02-MAR-2023 21:49:01","610",0.000,0.000,104.770,0.000,0.000
"02-MAR-2023 21:50","02-MAR-2023 21:49:01","611",1.203,0.000,112.377,0.000,0.000
"02-MAR-2023 21:50","02-MAR-2023 21:49:01","612",0.000,0.000,112.377,0.000,0.000
"02-MAR-2023 21:50","02-MAR-2023 21:49:01","613",0.000,0.000,106.788,0.000,0.000
"02-MAR-2023 21:50","02-MAR-2023 21:49:01","614",0.000,0.000,106.714,0.000,0.000
"02-MAR-2023 21:50","02-MAR-2023 21:49:01","615",0.000,0.000,102.713,0.000,0.000
"02-MAR-2023 21:50","02-MAR-2023 21:49:01","616",0.000,0.000,100.005,0.000,0.000
"02-MAR-2023 21:50","02-MAR-2023 21:49:01","617",37.695,0.000,97.414,0.000,0.000
"02-MAR-2023 21:50","02-MAR-2023 21:49:01","618",37.695,0.000,97.414,0.000,0.000
"02-MAR-2023 21:50","02-MAR-2023 21:49:01","619",37.695,0.000,97.414,0.000,0.000
"02-MAR-2023 21:50","02-MAR-2023 21:49:01","62",27.500,0.000,211.471,0.000,0.000
"02-MAR-2023 21:50","02-MAR-2023 21:49:01","620",37.695,0.000,97.414,0.000,0.000
"02-MAR-2023 21:50","02-MAR-2023 21:49:01","621",0.000,0.000,97.414,0.000,0.000
"02-MAR-2023 21:50","02-MAR-2023 21:49:01","622",0.000,0.000,97.126,0.000,0.000
"02-MAR-2023 21:50","02-MAR-2023 21:49:01","623",0.000,0.000,97.126,0.000,0.000
"02-MAR-2023 21:50","02-MAR-2023 21:49:01","624",52.021,0.000,97.126,0.000,0.000
"02-MAR-2023 21:50","02-MAR-2023 21:49:01","625",52.021,0.000,97.126,0.000,0.000
"02-MAR-2023 21:50","02-MAR-2023 21:49:01","626",52.021,0.000,97.126,0.000,0.000
"02-MAR-2023 21:50","02-MAR-2023 21:49:01","627",52.021,0.000,97.126,0.000,0.000
"02-MAR-2023 21:50","02-MAR-2023 21:49:01","628",52.021,0.000,97.126,0.000,0.000
"02-MAR-2023 21:50","02-MAR-2023 21:49:01","629",52.021,0.000,97.126,0.000,0.000
"02-MAR-2023 21:50","02-MAR-2023 21:49:01","63",0.000,43.541,211.471,0.000,0.000
"02-MAR-2023 21:50","02-MAR-2023 21:49:01","630",0.000,0.000,97.126,0.000,0.000
"02-MAR-2023 21:50","02-MAR-2023 21:49:01","631",0.000,0.000,97.126,0.000,0.000
"02-MAR-2023 21:50","02-MAR-2023 21:49:01","632",0.000,0.000,97.126,0.000,0.000
"02-MAR-2023 21:50","02-MAR-2023 21:49:01","633",0.000,0.000,97.126,0.000,0.000
"02-MAR-2023 21:50","02-MAR-2023 21:49:01","634",0.000,0.000,97.126,0.000,0.000
"02-MAR-2023 21:50","02-MAR-2023 21:49:01","635",0.000,0.000,97.126,0.000,0.000
"02-MAR-2023 21:50","02-MAR-2023 21:49:01","636",0.000,11.068,102.105,0.000,0.000
"02-MAR-2023 21:50","02-MAR-2023 21:49:01","637",0.000,5.927,100.028,0.000,0.000
"02-MAR-2023 21:50","02-MAR-2023 21:49:01","638",0.000,30.514,100.890,0.000,0.000
"02-MAR-2023 21:50","02-MAR-2023 21:49:01","639",0.000,0.000,100.661,0.000,0.000
"02-MAR-2023 21:50","02-MAR-2023 21:49:01","64",0.000,0.000,211.471,0.000,0.000
"02-MAR-2023 21:50","02-MAR-2023 21:49:01","640",0.000,0.000,100.662,0.000,0.000
"02-MAR-2023 21:50","02-MAR-2023 21:49:01","641",0.000,0.000,100.722,0.000,0.000
"02-MAR-2023 21:50","02-MAR-2023 21:49:01","642",0.000,0.000,100.738,0.000,0.000
"02-MAR-2023 21:50","02-MAR-2023 21:49:01","643",0.000,0.000,100.695,0.000,0.000
"02-MAR-2023 21:50","02-MAR-2023 21:49:01","644",0.000,0.000,100.627,0.000,0.000
"02-MAR-2023 21:50","02-MAR-2023 21:49:01","645",0.000,0.000,100.633,0.000,0.000
"02-MAR-2023 21:50","02-MAR-2023 21:49:01","646",0.000,31.031,103.266,0.000,0.000
"02-MAR-2023 21:50","02-MAR-2023 21:49:01","647",0.000,0.000,103.056,0.000,0.000
"02-MAR-2023 21:50","02-MAR-2023 21:49:01","648",0.000,0.000,102.907,0.000,0.000
"02-MAR-2023 21:50","02-MAR-2023 21:49:01","649",0.000,0.000,98.986,0.000,0.000
"02-MAR-2023 21:50","02-MAR-2023 21:49:01","65",0.000,0.000,211.400,0.000,0.000
"02-MAR-2023 21:50","02-MAR-2023 21:49:01","650",0.000,25.518,100.258,0.000,0.000
"02-MAR-2023 21:50","02-MAR-2023 21:49:01","651",0.000,0.000,100.003,0.000,0.000
"02-MAR-2023 21:50","02-MAR-2023 21:49:01","652",0.000,30.100,104.379,0.000,0.000
"02-MAR-2023 21:50","02-MAR-2023 21:49:01","653",0.000,0.000,104.567,0.000,0.000
"02-MAR-2023 21:50","02-MAR-2023 21:49:01","654",41.922,0.000,97.736,0.000,0.000
"02-MAR-2023 21:50","02-MAR-2023 21:49:01","655",41.922,0.000,97.736,0.000,0.000
"02-MAR-2023 21:50","02-MAR-2023 21:49:01","656",41.922,0.000,97.736,0.000,0.000
"02-MAR-2023 21:50","02-MAR-2023 21:49:01","657",41.922,0.000,97.736,0.000,0.000
"02-MAR-2023 21:50","02-MAR-2023 21:49:01","658",0.000,0.000,97.736,0.000,0.000
"02-MAR-2023 21:50","02-MAR-2023 21:49:01","659",36.286,0.000,97.776,0.000,0.000
"02-MAR-2023 21:50","02-MAR-2023 21:49:01","660",36.286,0.000,97.776,0.000,0.000
"02-MAR-2023 21:50","02-MAR-2023 21:49:01","661",36.286,0.000,97.776,0.000,0.000
"02-MAR-2023 21:50","02-MAR-2023 21:49:01","662",36.286,0.000,97.776,0.000,0.000
"02-MAR-2023 21:50","02-MAR-2023 21:49:01","663",0.000,0.000,97.776,0.000,0.000
"02-MAR-2023 21:50","02-MAR-2023 21:49:01","664",36.286,0.000,97.539,0.000,0.000
"02-MAR-2023 21:50","02-MAR-2023 21:49:01","665",36.286,0.000,97.539,0.000,0.000
"02-MAR-2023 21:50","02-MAR-2023 21:49:01","666",36.286,0.000,97.539,0.000,0.000
"02-MAR-2023 21:50","02-MAR-2023 21:49:01","667",36.286,0.000,97.539,0.000,0.000
"02-MAR-2023 21:50","02-MAR-2023 21:49:01","668",0.000,0.000,97.539,0.000,0.000
"02-MAR-2023 21:50","02-MAR-2023 21:49:01","669",4.000,0.000,100.258,0.000,0.000
"02-MAR-2023 21:50","02-MAR-2023 21:49:01","67",0.000,0.000,211.835,0.000,0.000
"02-MAR-2023 21:50","02-MAR-2023 21:49:01","670",0.000,0.000,100.258,0.000,0.000
"02-MAR-2023 21:50","02-MAR-2023 21:49:01","671",0.000,10.654,103.876,0.000,0.000
"02-MAR-2023 21:50","02-MAR-2023 21:49:01","672",0.000,0.000,103.127,0.000,0.000
"02-MAR-2023 21:50","02-MAR-2023 21:49:01","673",58.274,0.000,98.080,0.000,0.000
"02-MAR-2023 21:50","02-MAR-2023 21:49:01","674",58.274,0.000,98.080,0.000,0.000
"02-MAR-2023 21:50","02-MAR-2023 21:49:01","675",0.000,0.000,98.080,0.000,0.000
"02-MAR-2023 21:50","02-MAR-2023 21:49:01","676",0.000,2.069,97.978,0.000,0.000
"02-MAR-2023 21:50","02-MAR-2023 21:49:01","677",0.000,0.000,97.932,0.000,0.000
"02-MAR-2023 21:50","02-MAR-2023 21:49:01","678",60.000,13.033,97.436,0.000,0.000
"02-MAR-2023 21:50","02-MAR-2023 21:49:01","68",0.000,40.108,211.878,0.000,0.000
"02-MAR-2023 21:50","02-MAR-2023 21:49:01","681",0.000,0.000,97.568,0.000,0.000
"02-MAR-2023 21:50","02-MAR-2023 21:49:01","682",0.000,0.000,97.833,0.000,0.000
"02-MAR-2023 21:50","02-MAR-2023 21:49:01","683",0.000,0.000,97.700,0.000,0.000
"02-MAR-2023 21:50","02-MAR-2023 21:49:01","684",0.000,0.000,97.779,0.000,0.000
"02-MAR-2023 21:50","02-MAR-2023 21:49:01","685",0.000,0.000,97.863,0.000,0.000
"02-MAR-2023 21:50","02-MAR-2023 21:49:01","686",0.000,0.000,97.736,0.000,0.000
"02-MAR-2023 21:50","02-MAR-2023 21:49:01","687",0.000,0.000,109.326,0.000,0.000
"02-MAR-2023 21:50","02-MAR-2023 21:49:01","688",0.000,0.000,109.326,0.000,0.000
"02-MAR-2023 21:50","02-MAR-2023 21:49:01","689",0.000,20.998,111.069,0.000,0.000
"02-MAR-2023 21:50","02-MAR-2023 21:49:01","69",0.000,0.000,211.929,0.000,0.000
"02-MAR-2023 21:50","02-MAR-2023 21:49:01","690",0.000,0.000,110.525,0.000,0.000
"02-MAR-2023 21:50","02-MAR-2023 21:49:01","691",0.000,7.344,111.689,0.000,0.000
"02-MAR-2023 21:50","02-MAR-2023 21:49:01","692",0.000,0.000,111.362,0.000,0.000
"02-MAR-2023 21:50","02-MAR-2023 21:49:01","693",0.000,0.000,106.268,0.000,0.000
"02-MAR-2023 21:50","02-MAR-2023 21:49:01","694",51.500,0.000,101.105,0.000,0.000
"02-MAR-2023 21:50","02-MAR-2023 21:49:01","695",51.500,0.000,101.105,0.000,0.000
"02-MAR-2023 21:50","02-MAR-2023 21:49:01","696",51.500,0.000,101.105,0.000,0.000
"02-MAR-2023 21:50","02-MAR-2023 21:49:01","697",51.500,0.000,101.105,0.000,0.000
"02-MAR-2023 21:50","02-MAR-2023 21:49:01","698",0.000,3.000,101.131,0.000,0.000
"02-MAR-2023 21:50","02-MAR-2023 21:49:01","699",0.000,0.000,101.105,0.000,0.000
"02-MAR-2023 21:50","02-MAR-2023 21:49:01","7",0.000,0.000,212.477,0.000,0.000
"02-MAR-2023 21:50","02-MAR-2023 21:49:01","70",0.000,40.256,211.876,0.000,0.000
"02-MAR-2023 21:50","02-MAR-2023 21:49:01","700",0.000,23.273,112.929,0.000,0.000
"02-MAR-2023 21:50","02-MAR-2023 21:49:01","701",0.000,0.000,112.533,0.000,0.000
"02-MAR-2023 21:50","02-MAR-2023 21:49:01","702",0.000,21.618,110.311,0.000,0.000
"02-MAR-2023 21:50","02-MAR-2023 21:49:01","705",0.000,0.000,109.970,0.000,0.000
"02-MAR-2023 21:50","02-MAR-2023 21:49:01","706",0.000,0.000,109.971,0.000,0.000
"02-MAR-2023 21:50","02-MAR-2023 21:49:01","707",0.000,0.000,109.952,0.000,0.000
"02-MAR-2023 21:50","02-MAR-2023 21:49:01","708",0.000,0.000,109.345,0.000,0.000
"02-MAR-2023 21:50","02-MAR-2023 21:49:01","709",0.000,0.000,109.346,0.000,0.000
"02-MAR-2023 21:50","02-MAR-2023 21:49:01","711",0.000,54.874,104.342,0.000,0.000
"02-MAR-2023 21:50","02-MAR-2023 21:49:01","712",0.000,0.000,103.281,0.000,0.000
"02-MAR-2023 21:50","02-MAR-2023 21:49:01","713",0.000,0.000,103.487,0.000,0.000
"02-MAR-2023 21:50","02-MAR-2023 21:49:01","714",0.000,0.000,104.136,0.000,0.000
"02-MAR-2023 21:50","02-MAR-2023 21:49:01","716",0.000,44.271,111.112,0.000,0.000
"02-MAR-2023 21:50","02-MAR-2023 21:49:01","717",0.000,0.000,111.496,0.000,0.000
"02-MAR-2023 21:50","02-MAR-2023 21:49:01","718",0.000,0.000,111.471,0.000,0.000
"02-MAR-2023 21:50","02-MAR-2023 21:49:01","719",0.000,0.000,110.917,0.000,0.000
"02-MAR-2023 21:50","02-MAR-2023 21:49:01","72",0.000,69.025,212.830,0.000,0.000
"02-MAR-2023 21:50","02-MAR-2023 21:49:01","720",0.000,0.000,104.342,0.000,0.000
"02-MAR-2023 21:50","02-MAR-2023 21:49:01","721",0.000,0.000,110.367,0.000,0.000
"02-MAR-2023 21:50","02-MAR-2023 21:49:01","722",15.714,0.000,110.367,0.000,0.000
"02-MAR-2023 21:50","02-MAR-2023 21:49:01","723",15.714,0.000,110.367,0.000,0.000
"02-MAR-2023 21:50","02-MAR-2023 21:49:01","724",15.714,0.000,110.367,0.000,0.000
"02-MAR-2023 21:50","02-MAR-2023 21:49:01","725",15.714,0.000,110.367,0.000,0.000
"02-MAR-2023 21:50","02-MAR-2023 21:49:01","726",15.714,0.000,110.367,0.000,0.000
"02-MAR-2023 21:50","02-MAR-2023 21:49:01","727",15.714,0.000,110.367,0.000,0.000
"02-MAR-2023 21:50","02-MAR-2023 21:49:01","728",15.714,0.000,110.367,0.000,0.000
"02-MAR-2023 21:50","02-MAR-2023 21:49:01","729",0.000,0.000,110.367,0.000,0.000
"02-MAR-2023 21:50","02-MAR-2023 21:49:01","73",0.000,5.700,212.369,0.000,0.000
"02-MAR-2023 21:50","02-MAR-2023 21:49:01","730",0.000,0.000,111.069,0.000,0.000
"02-MAR-2023 21:50","02-MAR-2023 21:49:01","731",0.000,18.205,111.041,0.000,0.000
"02-MAR-2023 21:50","02-MAR-2023 21:49:01","732",0.000,0.000,110.949,0.000,0.000
"02-MAR-2023 21:50","02-MAR-2023 21:49:01","734",0.004,0.000,101.265,0.000,0.000
"02-MAR-2023 21:50","02-MAR-2023 21:49:01","735",0.004,0.000,101.265,0.000,0.000
"02-MAR-2023 21:50","02-MAR-2023 21:49:01","736",0.004,0.000,101.265,0.000,0.000
"02-MAR-2023 21:50","02-MAR-2023 21:49:01","737",40.000,0.000,102.046,0.000,0.000
"02-MAR-2023 21:50","02-MAR-2023 21:49:01","738",40.000,0.000,102.046,0.000,0.000
"02-MAR-2023 21:50","02-MAR-2023 21:49:01","739",40.000,0.000,102.046,0.000,0.000
"02-MAR-2023 21:50","02-MAR-2023 21:49:01","740",40.000,0.000,102.046,0.000,0.000
"02-MAR-2023 21:50","02-MAR-2023 21:49:01","741",40.000,0.000,102.046,0.000,0.000
"02-MAR-2023 21:50","02-MAR-2023 21:49:01","742",0.000,0.000,101.083,0.000,0.000
"02-MAR-2023 21:50","02-MAR-2023 21:49:01","743",0.000,0.000,101.265,0.000,0.000
"02-MAR-2023 21:50","02-MAR-2023 21:49:01","744",0.000,0.000,102.046,0.000,0.000
"02-MAR-2023 21:50","02-MAR-2023 21:49:01","745",0.000,31.445,104.327,0.000,0.000
"02-MAR-2023 21:50","02-MAR-2023 21:49:01","746",0.000,0.000,104.161,0.000,0.000
"02-MAR-2023 21:50","02-MAR-2023 21:49:01","747",0.000,0.000,104.078,0.000,0.000
"02-MAR-2023 21:50","02-MAR-2023 21:49:01","748",0.000,575.900,111.760,0.000,0.000
"02-MAR-2023 21:50","02-MAR-2023 21:49:01","749",0.000,0.000,111.041,0.000,0.000
"02-MAR-2023 21:50","02-MAR-2023 21:49:01","750",0.000,0.000,104.342,0.000,0.000
"02-MAR-2023 21:50","02-MAR-2023 21:49:01","751",0.000,0.000,106.268,0.000,0.000
"02-MAR-2023 21:50","02-MAR-2023 21:49:01","752",0.000,0.000,212.479,0.000,0.000
"02-MAR-2023 21:50","02-MAR-2023 21:49:01","753",0.000,82.800,211.704,0.000,0.000
"02-MAR-2023 21:50","02-MAR-2023 21:49:01","754",0.000,0.000,213.051,0.000,0.000
"02-MAR-2023 21:50","02-MAR-2023 21:49:01","755",0.000,0.000,190.686,0.000,0.000
"02-MAR-2023 21:50","02-MAR-2023 21:49:01","756",0.000,18.065,199.128,0.000,0.000
"02-MAR-2023 21:50","02-MAR-2023 21:49:01","757",0.000,19.600,199.014,0.000,0.000
"02-MAR-2023 21:50","02-MAR-2023 21:49:01","758",0.000,0.000,216.432,0.000,0.000
"02-MAR-2023 21:50","02-MAR-2023 21:49:01","759",0.000,9.741,212.332,0.000,0.000
"02-MAR-2023 21:50","02-MAR-2023 21:49:01","76",0.000,32.820,211.973,0.000,0.000
"02-MAR-2023 21:50","02-MAR-2023 21:49:01","760",31.000,0.000,199.547,0.000,0.000
"02-MAR-2023 21:50","02-MAR-2023 21:49:01","761",0.000,0.000,201.155,0.000,0.000
"02-MAR-2023 21:50","02-MAR-2023 21:49:01","762",0.000,0.000,201.466,0.000,0.000
"02-MAR-2023 21:50","02-MAR-2023 21:49:01","763",0.000,9.498,205.950,0.000,0.000
"02-MAR-2023 21:50","02-MAR-2023 21:49:01","764",0.000,0.000,204.583,0.000,0.000
"02-MAR-2023 21:50","02-MAR-2023 21:49:01","765",0.000,0.000,213.041,0.000,0.000
"02-MAR-2023 21:50","02-MAR-2023 21:49:01","766",0.000,0.000,220.630,0.000,0.000
"02-MAR-2023 21:50","02-MAR-2023 21:49:01","767",0.000,3.207,107.869,0.000,0.000
"02-MAR-2023 21:50","02-MAR-2023 21:49:01","768",18.049,0.000,99.540,0.000,0.000
"02-MAR-2023 21:50","02-MAR-2023 21:49:01","769",0.000,0.000,104.770,0.000,0.000
"02-MAR-2023 21:50","02-MAR-2023 21:49:01","77",0.000,0.000,211.831,0.000,0.000
"02-MAR-2023 21:50","02-MAR-2023 21:49:01","770",0.000,0.000,103.572,0.000,0.000
"02-MAR-2023 21:50","02-MAR-2023 21:49:01","771",0.000,0.000,212.354,0.000,0.000
"02-MAR-2023 21:50","02-MAR-2023 21:49:01","772",0.000,0.000,212.237,0.000,0.000
"02-MAR-2023 21:50","02-MAR-2023 21:49:01","773",0.000,0.000,212.312,0.000,0.000
"02-MAR-2023 21:50","02-MAR-2023 21:49:01","774",0.000,0.000,212.265,0.000,0.000
"02-MAR-2023 21:50","02-MAR-2023 21:49:01","775",0.000,0.000,211.971,0.000,0.000
"02-MAR-2023 21:50","02-MAR-2023 21:49:01","776",0.000,0.000,211.833,0.000,0.000
"02-MAR-2023 21:50","02-MAR-2023 21:49:01","777",0.000,0.000,212.477,0.000,0.000
"02-MAR-2023 21:50","02-MAR-2023 21:49:01","778",0.000,0.000,210.546,0.000,0.000
"02-MAR-2023 21:50","02-MAR-2023 21:49:01","78",0.000,0.000,211.828,0.000,0.000
"02-MAR-2023 21:50","02-MAR-2023 21:49:01","783",0.000,0.000,211.879,0.000,0.000
"02-MAR-2023 21:50","02-MAR-2023 21:49:01","784",0.000,0.000,213.256,0.000,0.000
"02-MAR-2023 21:50","02-MAR-2023 21:49:01","785",0.000,0.000,211.881,0.000,0.000
"02-MAR-2023 21:50","02-MAR-2023 21:49:01","786",0.000,0.000,211.757,0.000,0.000
"02-MAR-2023 21:50","02-MAR-2023 21:49:01","787",0.000,0.000,211.659,0.000,0.000
"02-MAR-2023 21:50","02-MAR-2023 21:49:01","788",0.000,0.000,211.896,0.000,0.000
"02-MAR-2023 21:50","02-MAR-2023 21:49:01","789",0.000,0.000,211.872,0.000,0.000
"02-MAR-2023 21:50","02-MAR-2023 21:49:01","79",0.000,0.000,211.970,0.000,0.000
"02-MAR-2023 21:50","02-MAR-2023 21:49:01","790",0.000,0.000,211.892,0.000,0.000
"02-MAR-2023 21:50","02-MAR-2023 21:49:01","791",0.000,0.000,208.935,0.000,0.000
"02-MAR-2023 21:50","02-MAR-2023 21:49:01","792",0.000,0.000,198.267,0.000,0.000
"02-MAR-2023 21:50","02-MAR-2023 21:49:01","793",0.000,0.000,197.986,0.000,0.000
"02-MAR-2023 21:50","02-MAR-2023 21:49:01","794",0.000,0.000,199.833,0.000,0.000
"02-MAR-2023 21:50","02-MAR-2023 21:49:01","795",0.000,0.000,199.791,0.000,0.000
"02-MAR-2023 21:50","02-MAR-2023 21:49:01","796",0.000,0.000,197.016,0.000,0.000
"02-MAR-2023 21:50","02-MAR-2023 21:49:01","797",0.000,0.000,202.548,0.000,0.000
"02-MAR-2023 21:50","02-MAR-2023 21:49:01","798",0.000,0.000,202.535,0.000,0.000
"02-MAR-2023 21:50","02-MAR-2023 21:49:01","799",0.000,0.000,200.793,0.000,0.000
"02-MAR-2023 21:50","02-MAR-2023 21:49:01","80",0.000,0.000,211.402,0.000,0.000
"02-MAR-2023 21:50","02-MAR-2023 21:49:01","800",0.000,0.000,200.740,0.000,0.000
"02-MAR-2023 21:50","02-MAR-2023 21:49:01","801",0.000,0.000,201.222,0.000,0.000
"02-MAR-2023 21:50","02-MAR-2023 21:49:01","802",0.000,0.000,201.112,0.000,0.000
"02-MAR-2023 21:50","02-MAR-2023 21:49:01","803",0.000,0.000,203.629,0.000,0.000
"02-MAR-2023 21:50","02-MAR-2023 21:49:01","804",0.000,0.000,204.350,0.000,0.000
"02-MAR-2023 21:50","02-MAR-2023 21:49:01","805",0.000,0.000,212.737,0.000,0.000
"02-MAR-2023 21:50","02-MAR-2023 21:49:01","806",0.000,0.000,212.737,0.000,0.000
"02-MAR-2023 21:50","02-MAR-2023 21:49:01","807",0.000,0.000,220.304,0.000,0.000
"02-MAR-2023 21:50","02-MAR-2023 21:49:01","808",0.000,0.000,108.581,0.000,0.000
"02-MAR-2023 21:50","02-MAR-2023 21:49:01","809",0.000,0.000,108.595,0.000,0.000
"02-MAR-2023 21:50","02-MAR-2023 21:49:01","81",0.000,0.000,211.406,0.000,0.000
"02-MAR-2023 21:50","02-MAR-2023 21:49:01","810",0.000,0.000,110.382,0.000,0.000
"02-MAR-2023 21:50","02-MAR-2023 21:49:01","811",0.000,0.000,110.571,0.000,0.000
"02-MAR-2023 21:50","02-MAR-2023 21:49:01","812",0.000,0.000,109.955,0.000,0.000
"02-MAR-2023 21:50","02-MAR-2023 21:49:01","813",0.000,0.000,109.964,0.000,0.000
"02-MAR-2023 21:50","02-MAR-2023 21:49:01","814",0.000,0.000,109.767,0.000,0.000
"02-MAR-2023 21:50","02-MAR-2023 21:49:01","815",0.000,0.000,104.038,0.000,0.000
"02-MAR-2023 21:50","02-MAR-2023 21:49:01","816",0.000,0.000,104.064,0.000,0.000
"02-MAR-2023 21:50","02-MAR-2023 21:49:01","817",0.000,0.000,101.668,0.000,0.000
"02-MAR-2023 21:50","02-MAR-2023 21:49:01","818",0.000,0.000,101.668,0.000,0.000
"02-MAR-2023 21:50","02-MAR-2023 21:49:01","819",0.000,0.000,100.345,0.000,0.000
"02-MAR-2023 21:50","02-MAR-2023 21:49:01","82",0.000,0.000,211.399,0.000,0.000
"02-MAR-2023 21:50","02-MAR-2023 21:49:01","820",0.000,0.000,100.245,0.000,0.000
"02-MAR-2023 21:50","02-MAR-2023 21:49:01","821",0.000,0.000,99.628,0.000,0.000
"02-MAR-2023 21:50","02-MAR-2023 21:49:01","822",0.000,0.000,112.101,0.000,0.000
"02-MAR-2023 21:50","02-MAR-2023 21:49:01","823",0.000,0.000,112.106,0.000,0.000
"02-MAR-2023 21:50","02-MAR-2023 21:49:01","824",0.000,0.000,97.810,0.000,0.000
"02-MAR-2023 21:50","02-MAR-2023 21:49:01","825",0.000,0.000,97.724,0.000,0.000
"02-MAR-2023 21:50","02-MAR-2023 21:49:01","826",0.000,0.000,109.903,0.000,0.000
"02-MAR-2023 21:50","02-MAR-2023 21:49:01","827",0.000,0.000,110.000,0.000,0.000
"02-MAR-2023 21:50","02-MAR-2023 21:49:01","828",0.000,0.000,103.255,0.000,0.000
"02-MAR-2023 21:50","02-MAR-2023 21:49:01","829",0.000,0.000,111.539,0.000,0.000
"02-MAR-2023 21:50","02-MAR-2023 21:49:01","83",0.000,76.172,211.679,0.000,0.000
"02-MAR-2023 21:50","02-MAR-2023 21:49:01","830",0.000,0.000,101.076,0.000,0.000
"02-MAR-2023 21:50","02-MAR-2023 21:49:01","84",0.000,0.000,211.271,0.000,0.000
"02-MAR-2023 21:50","02-MAR-2023 21:49:01","87",0.000,19.278,212.932,0.000,0.000
"02-MAR-2023 21:50","02-MAR-2023 21:49:01","88",0.000,0.000,211.898,0.000,0.000
"02-MAR-2023 21:50","02-MAR-2023 21:49:01","89",0.000,140.778,212.507,0.000,0.000
"02-MAR-2023 21:50","02-MAR-2023 21:49:01","9",0.000,0.000,212.194,0.000,0.000
"02-MAR-2023 21:50","02-MAR-2023 21:49:01","90",0.000,0.000,211.843,0.000,0.000
"02-MAR-2023 21:50","02-MAR-2023 21:49:01","91",0.000,0.000,211.830,0.000,0.000
"02-MAR-2023 21:50","02-MAR-2023 21:49:01","92",0.000,0.000,211.868,0.000,0.000
"02-MAR-2023 21:50","02-MAR-2023 21:49:01","93",0.000,0.000,211.762,0.000,0.000
"02-MAR-2023 21:50","02-MAR-2023 21:49:01","94",0.000,10.197,211.876,0.000,0.000
"02-MAR-2023 21:50","02-MAR-2023 21:49:01","95",0.000,48.431,213.778,0.000,0.000
"02-MAR-2023 21:50","02-MAR-2023 21:49:01","96",0.000,25.767,213.256,0.000,0.000
"02-MAR-2023 21:50","02-MAR-2023 21:49:01","97",0.000,58.869,211.512,0.000,0.000
"02-MAR-2023 21:50","02-MAR-2023 21:49:01","98",0.000,0.000,211.080,0.000,0.000
"02-MAR-2023 21:50","02-MAR-2023 21:49:01","99",0.000,0.000,211.261,0.000,0.000
