"DateTime","Node","Generation (MW)","Load (MW)","Price ($/MWh)","Revenue ($)","Cost ($)","Deficit(MW)","Surplus(MW)"
"02-DEC-2021 13:25","ARA2201 ARA0",72.000,0.000,73.323,439.937,0.000,0.000,0.000
"02-DEC-2021 13:25","ARG1101 BRR0",11.000,0.000,69.339,63.561,0.000,0.000,0.000
"02-DEC-2021 13:25","ARI1101 ARI0",43.000,0.000,72.692,260.478,0.000,0.000,0.000
"02-DEC-2021 13:25","ARI1102 ARI0",47.000,0.000,78.118,305.961,0.000,0.000,0.000
"02-DEC-2021 13:25","ASB0661 HBK0",19.000,0.000,65.821,104.216,0.000,0.000,0.000
"02-DEC-2021 13:25","ATI2201 ATI0",34.000,0.000,73.695,208.802,0.000,0.000,0.000
"02-DEC-2021 13:25","AVI2201 AVI0",189.603,0.000,63.294,1000.068,0.000,0.000,0.000
"02-DEC-2021 13:25","BEN2202 BEN0",313.643,0.000,63.576,1661.679,0.000,0.000,0.000
"02-DEC-2021 13:25","BOB1101",0.000,54.200,81.882,0.000,369.835,0.000,0.000
"02-DEC-2021 13:25","BPE0331 TWF0",12.730,0.000,70.364,74.645,0.000,0.000,0.000
"02-DEC-2021 13:25","BWK1101 WPI0",0.000,0.000,64.354,0.000,0.000,0.000,0.000
"02-DEC-2021 13:25","COL0661 COL0",39.000,0.000,62.559,203.318,0.000,0.000,0.000
"02-DEC-2021 13:25","CPK0331",0.000,81.400,68.429,0.000,464.175,0.000,0.000
"02-DEC-2021 13:25","CYD0331",0.000,-2.100,61.586,0.000,-10.778,0.000,0.000
"02-DEC-2021 13:25","CYD2201 CYD0",309.000,0.000,61.600,1586.199,0.000,0.000,0.000
"02-DEC-2021 13:25","GLN0332 GLN0",49.400,0.000,80.423,331.076,0.000,0.000,0.000
"02-DEC-2021 13:25","HAM0331",0.000,81.500,79.040,0.000,536.814,0.000,0.000
"02-DEC-2021 13:25","HLY2201 HLY1",0.000,0.000,79.090,0.000,0.000,0.000,0.000
"02-DEC-2021 13:25","HLY2201 HLY2",0.000,0.000,0.000,0.000,0.000,0.000,0.000
"02-DEC-2021 13:25","HLY2201 HLY4",0.000,0.000,79.090,0.000,0.000,0.000,0.000
"02-DEC-2021 13:25","HLY2201 HLY5",308.320,0.000,79.090,2032.085,0.000,0.000,0.000
"02-DEC-2021 13:25","HLY2201 HLY6",0.000,0.000,79.090,0.000,0.000,0.000,0.000
"02-DEC-2021 13:25","HWA1101 PTA1",0.000,0.000,73.647,0.000,0.000,0.000,0.000
"02-DEC-2021 13:25","HWA1101 PTA2",0.000,0.000,73.647,0.000,0.000,0.000,0.000
"02-DEC-2021 13:25","HWA1101 PTA3",0.000,0.000,73.647,0.000,0.000,0.000,0.000
"02-DEC-2021 13:25","HWA1102 WAA0",15.320,0.000,73.647,94.022,0.000,0.000,0.000
"02-DEC-2021 13:25","HWB0331 MAH0",0.000,0.000,62.169,0.000,0.000,0.000,0.000
"02-DEC-2021 13:25","HWB0331 WPI0",0.000,0.000,62.169,0.000,0.000,0.000,0.000
"02-DEC-2021 13:25","ISL0331",0.000,56.800,67.431,0.000,319.173,0.000,0.000
"02-DEC-2021 13:25","JRD1101 JRD0",0.000,0.000,74.656,0.000,0.000,0.000,0.000
"02-DEC-2021 13:25","KAW0111",0.000,16.013,72.162,0.000,96.294,0.000,0.000
"02-DEC-2021 13:25","KAW0111 TAM0",24.000,0.000,72.162,144.324,0.000,0.000,0.000
"02-DEC-2021 13:25","KAW0112 ONU0",29.000,0.000,72.192,174.463,0.000,0.000,0.000
"02-DEC-2021 13:25","KAW0113",0.000,0.000,72.721,0.000,0.000,0.000,0.000
"02-DEC-2021 13:25","KAW1101 KAG0",106.000,0.000,72.234,638.065,0.000,0.000,0.000
"02-DEC-2021 13:25","KIN0112 KIN0",26.300,0.000,74.522,163.328,0.000,0.000,0.000
"02-DEC-2021 13:25","KOE1101 NGB0",32.000,0.000,82.840,220.906,0.000,0.000,0.000
"02-DEC-2021 13:25","KPA1101 KPI1",14.000,0.000,72.942,85.099,0.000,0.000,0.000
"02-DEC-2021 13:25","KPO1101 KPO0",44.000,0.000,79.318,290.831,0.000,0.000,0.000
"02-DEC-2021 13:25","KUM0661 KUM0",4.290,0.000,69.509,24.850,0.000,0.000,0.000
"02-DEC-2021 13:25","LTN0331 TWF0",18.470,0.000,69.846,107.505,0.000,0.000,0.000
"02-DEC-2021 13:25","LTN2201 TUR0",18.000,0.000,69.808,104.713,0.000,0.000,0.000
"02-DEC-2021 13:25","MAN2201 MAN0",688.000,0.000,58.855,3374.378,0.000,0.000,0.000
"02-DEC-2021 13:25","MAT1101 ANI0",10.424,0.000,71.804,62.374,0.000,0.000,0.000
"02-DEC-2021 13:25","MAT1101 MAT0",28.633,0.000,71.804,171.333,0.000,0.000,0.000
"02-DEC-2021 13:25","MHO0331 MHO0",26.000,0.000,69.645,150.898,0.000,0.000,0.000
"02-DEC-2021 13:25","MKE1101 MKE1",0.000,0.000,74.988,0.000,0.000,0.000,0.000
"02-DEC-2021 13:25","MPE1101",0.000,75.200,83.315,0.000,522.110,0.000,0.000
"02-DEC-2021 13:25","MTI2201 MTI0",103.000,0.000,74.065,635.722,0.000,0.000,0.000
"02-DEC-2021 13:25","NAP2201 NAP0",139.000,0.000,73.096,846.694,0.000,0.000,0.000
"02-DEC-2021 13:25","NAP2202 NTM0",64.000,0.000,73.096,389.845,0.000,0.000,0.000
"02-DEC-2021 13:25","NMA0331 WHL0",4.530,0.000,61.864,23.354,0.000,0.000,0.000
"02-DEC-2021 13:25","NSY0331 PAE0",2.500,0.000,61.129,12.735,0.000,0.000,0.000
"02-DEC-2021 13:25","OHA2201 OHA0",210.868,0.000,63.193,1110.453,0.000,0.000,0.000
"02-DEC-2021 13:25","OHB2201 OHB0",136.443,0.000,63.288,719.600,0.000,0.000,0.000
"02-DEC-2021 13:25","OHC2201 OHC0",136.443,0.000,63.271,719.404,0.000,0.000,0.000
"02-DEC-2021 13:25","OHK2201 OHK0",69.000,0.000,73.516,422.715,0.000,0.000,0.000
"02-DEC-2021 13:25","OKI2201 OKI0",38.000,0.000,73.205,231.817,0.000,0.000,0.000
"02-DEC-2021 13:25","PEN0331",0.000,183.400,81.190,0.000,1240.858,0.000,0.000
"02-DEC-2021 13:25","PPI2201 PPI0",39.000,0.000,73.416,238.602,0.000,0.000,0.000
"02-DEC-2021 13:25","ROT1101 WHE0",20.000,0.000,74.299,123.832,0.000,0.000,0.000
"02-DEC-2021 13:25","ROX1101 ROX0",80.000,0.000,60.573,403.822,0.000,0.000,0.000
"02-DEC-2021 13:25","ROX2201 ROX0",160.000,0.000,61.491,819.884,0.000,0.000,0.000
"02-DEC-2021 13:25","RPO2201 RPO0",88.000,0.000,71.548,524.683,0.000,0.000,0.000
"02-DEC-2021 13:25","SFD0331",0.000,14.400,73.583,0.000,88.299,0.000,0.000
"02-DEC-2021 13:25","SFD2201 SFD21",0.000,0.000,0.000,0.000,0.000,0.000,0.000
"02-DEC-2021 13:25","SFD2201 SFD22",0.000,0.000,73.382,0.000,0.000,0.000,0.000
"02-DEC-2021 13:25","SFD2201 SPL0",0.000,0.000,73.382,0.000,0.000,0.000,0.000
"02-DEC-2021 13:25","STK0661 COB0",24.920,0.000,69.545,144.422,0.000,0.000,0.000
"02-DEC-2021 13:25","SWN2201",0.000,0.134,80.657,0.000,0.901,0.000,0.000
"02-DEC-2021 13:25","SWN2201 SWN1",0.000,0.000,80.657,0.000,0.000,0.000,0.000
"02-DEC-2021 13:25","TGA0331 KMI0",30.000,0.000,74.906,187.266,0.000,0.000,0.000
"02-DEC-2021 13:25","THI2201 THI1",80.000,0.000,73.434,489.560,0.000,0.000,0.000
"02-DEC-2021 13:25","THI2201 THI2",82.000,0.000,73.434,501.799,0.000,0.000,0.000
"02-DEC-2021 13:25","TKA0111 TKA1",13.000,0.000,62.578,67.793,0.000,0.000,0.000
"02-DEC-2021 13:25","TKB2201 TKB1",76.000,0.000,63.713,403.513,0.000,0.000,0.000
"02-DEC-2021 13:25","TKU2201 TKU0",94.000,0.000,73.023,572.015,0.000,0.000,0.000
"02-DEC-2021 13:25","TUI1101 KTW0",19.000,0.000,71.183,112.707,0.000,0.000,0.000
"02-DEC-2021 13:25","TUI1101 PRI0",21.000,0.000,71.183,124.571,0.000,0.000,0.000
"02-DEC-2021 13:25","TUI1101 TUI0",37.000,0.000,71.183,219.482,0.000,0.000,0.000
"02-DEC-2021 13:25","TWC2201 NZW0",11.970,0.000,69.884,69.710,0.000,0.000,0.000
"02-DEC-2021 13:25","TWC2201 TWF0",42.090,0.000,69.884,245.120,0.000,0.000,0.000
"02-DEC-2021 13:25","TWH0331 TRC1",42.000,0.000,79.013,276.547,0.000,0.000,0.000
"02-DEC-2021 13:25","TWH0331 TUK0",5.300,0.000,79.013,34.898,0.000,0.000,0.000
"02-DEC-2021 13:25","WDV1101 TAP0",54.690,0.000,69.622,317.301,0.000,0.000,0.000
"02-DEC-2021 13:25","WGN0331",0.000,23.200,73.136,0.000,141.397,0.000,0.000
"02-DEC-2021 13:25","WHI2201 WHI0",0.000,0.000,73.681,0.000,0.000,0.000,0.000
"02-DEC-2021 13:25","WIL0331",0.000,26.900,68.161,0.000,152.795,0.000,0.000
"02-DEC-2021 13:25","WIL0331 MCK0",39.180,0.000,68.161,222.547,0.000,0.000,0.000
"02-DEC-2021 13:25","WKM2201 MOK0",86.000,0.000,74.248,532.112,0.000,0.000,0.000
"02-DEC-2021 13:25","WKM2201 WKM0",84.000,0.000,74.248,519.737,0.000,0.000,0.000
"02-DEC-2021 13:25","WPA2201 WPA0",33.000,0.000,73.995,203.485,0.000,0.000,0.000
"02-DEC-2021 13:25","WRK0331 RKA0",32.000,0.000,73.160,195.094,0.000,0.000,0.000
"02-DEC-2021 13:25","WRK0331 TAA0",20.000,0.000,73.160,121.934,0.000,0.000,0.000
"02-DEC-2021 13:25","WRK2201 WRK0",114.000,0.000,73.372,697.032,0.000,0.000,0.000
"02-DEC-2021 13:25","WTK0111 WTK0",90.000,0.000,63.077,473.080,0.000,0.000,0.000
"02-DEC-2021 13:25","WVY1101 WPP0",5.350,0.000,72.629,32.380,0.000,0.000,0.000
"02-DEC-2021 13:25","WWD1102 WWD0",47.160,0.000,67.838,266.605,0.000,0.000,0.000
"02-DEC-2021 13:25","WWD1103 WWD0",39.110,0.000,67.845,221.119,0.000,0.000,0.000
"02-DEC-2021 13:25","ABY0111",0.000,-4.300,63.891,0.000,-22.894,0.000,0.000
"02-DEC-2021 13:25","ABY1101",0.000,0.000,64.009,0.000,0.000,0.000,0.000
"02-DEC-2021 13:25","ALB0331",0.000,95.551,81.305,0.000,647.395,0.000,0.000
"02-DEC-2021 13:25","ALB1101",0.000,37.100,81.162,0.000,250.927,0.000,0.000
"02-DEC-2021 13:25","ALB2201",0.000,0.000,81.099,0.000,0.000,0.000,0.000
"02-DEC-2021 13:25","APS0111",0.000,0.000,65.885,0.000,0.000,0.000,0.000
"02-DEC-2021 13:25","APS0661",0.000,0.000,65.859,0.000,0.000,0.000,0.000
"02-DEC-2021 13:25","ARA2201",0.000,0.000,73.323,0.000,0.000,0.000,0.000
"02-DEC-2021 13:25","ARG1101",0.000,0.000,69.339,0.000,0.000,0.000,0.000
"02-DEC-2021 13:25","ARI1101",0.000,0.277,72.692,0.000,1.678,0.000,0.000
"02-DEC-2021 13:25","ARI1102",0.000,0.277,78.118,0.000,1.803,0.000,0.000
"02-DEC-2021 13:25","ASB0661",0.000,70.900,65.821,0.000,388.892,0.000,0.000
"02-DEC-2021 13:25","ASB2201",0.000,0.000,65.787,0.000,0.000,0.000,0.000
"02-DEC-2021 13:25","ASY0111",0.000,8.800,69.939,0.000,51.289,0.000,0.000
"02-DEC-2021 13:25","ASY0661",0.000,0.000,69.892,0.000,0.000,0.000,0.000
"02-DEC-2021 13:25","ATI2201",0.000,0.386,73.695,0.000,2.371,0.000,0.000
"02-DEC-2021 13:25","ATU1101",0.000,0.000,70.411,0.000,0.000,0.000,0.000
"02-DEC-2021 13:25","AVI2201",0.000,0.000,63.294,0.000,0.000,0.000,0.000
"02-DEC-2021 13:25","BAL0331",0.000,21.100,67.315,0.000,118.363,0.000,0.000
"02-DEC-2021 13:25","BAL1101",0.000,0.000,67.001,0.000,0.000,0.000,0.000
"02-DEC-2021 13:25","BDE0111",0.000,5.784,62.746,0.000,30.243,0.000,0.000
"02-DEC-2021 13:25","BDE1101",0.000,0.000,62.634,0.000,0.000,0.000,0.000
"02-DEC-2021 13:25","BEN2201",0.000,0.000,63.576,0.000,0.000,0.000,0.000
"02-DEC-2021 13:25","BEN2202",0.000,0.000,63.576,0.000,0.000,0.000,0.000
"02-DEC-2021 13:25","BEN3502",0.000,0.000,63.576,0.000,0.000,0.000,0.000
"02-DEC-2021 13:25","BEN3503",0.000,0.000,63.576,0.000,0.000,0.000,0.000
"02-DEC-2021 13:25","BHL2201",0.000,0.000,80.327,0.000,0.000,0.000,0.000
"02-DEC-2021 13:25","BHL2202",0.000,0.000,0.000,0.000,0.000,0.000,0.000
"02-DEC-2021 13:25","BLN0331",0.000,47.400,71.605,0.000,282.839,0.000,0.000
"02-DEC-2021 13:25","BLN1101",0.000,0.000,71.454,0.000,0.000,0.000,0.000
"02-DEC-2021 13:25","BOB0331",0.000,5.600,81.937,0.000,38.237,0.000,0.000
"02-DEC-2021 13:25","BPC1101",0.000,0.000,64.221,0.000,0.000,0.000,0.000
"02-DEC-2021 13:25","BPD1101",0.000,3.500,64.794,0.000,18.898,0.000,0.000
"02-DEC-2021 13:25","BPE0331",0.000,71.030,70.364,0.000,416.498,0.000,0.000
"02-DEC-2021 13:25","BPE0551",0.000,0.000,70.198,0.000,0.000,0.000,0.000
"02-DEC-2021 13:25","BPE1101",0.000,0.000,70.001,0.000,0.000,0.000,0.000
"02-DEC-2021 13:25","BPE2201",0.000,0.000,70.142,0.000,0.000,0.000,0.000
"02-DEC-2021 13:25","BPT1101",0.000,0.000,64.235,0.000,0.000,0.000,0.000
"02-DEC-2021 13:25","BRB0331",0.000,43.700,82.392,0.000,300.045,0.000,0.000
"02-DEC-2021 13:25","BRB2201",0.000,0.000,82.141,0.000,0.000,0.000,0.000
"02-DEC-2021 13:25","BRK0331",0.000,14.100,71.525,0.000,84.042,0.000,0.000
"02-DEC-2021 13:25","BRK2201",0.000,0.000,71.385,0.000,0.000,0.000,0.000
"02-DEC-2021 13:25","BRK2202",0.000,0.000,71.385,0.000,0.000,0.000,0.000
"02-DEC-2021 13:25","BRY0661",0.000,56.600,67.210,0.000,317.008,0.000,0.000
"02-DEC-2021 13:25","BRY2201",0.000,0.000,67.185,0.000,0.000,0.000,0.000
"02-DEC-2021 13:25","BWK1101",0.000,0.000,64.354,0.000,0.000,0.000,0.000
"02-DEC-2021 13:25","CBG0111",0.000,29.200,79.829,0.000,194.250,0.000,0.000
"02-DEC-2021 13:25","CBG1101",0.000,0.000,79.358,0.000,0.000,0.000,0.000
"02-DEC-2021 13:25","CBG1102",0.000,0.000,79.358,0.000,0.000,0.000,0.000
"02-DEC-2021 13:25","CLH0111",0.000,0.010,63.896,0.000,0.053,0.000,0.000
"02-DEC-2021 13:25","CLH0661",0.000,0.000,63.877,0.000,0.000,0.000,0.000
"02-DEC-2021 13:25","CML0331",0.000,18.579,62.115,0.000,96.169,0.000,0.000
"02-DEC-2021 13:25","CML1101",0.000,0.000,62.090,0.000,0.000,0.000,0.000
"02-DEC-2021 13:25","CML1102",0.000,0.000,62.102,0.000,0.000,0.000,0.000
"02-DEC-2021 13:25","CML2201",0.000,0.000,61.995,0.000,0.000,0.000,0.000
"02-DEC-2021 13:25","CML2202",0.000,0.000,61.999,0.000,0.000,0.000,0.000
"02-DEC-2021 13:25","COL0111",0.000,-0.241,62.486,0.000,-1.255,0.000,0.000
"02-DEC-2021 13:25","COL0661",0.000,2.753,62.559,0.000,14.352,0.000,0.000
"02-DEC-2021 13:25","CPK0111",0.000,11.838,68.716,0.000,67.788,0.000,0.000
"02-DEC-2021 13:25","CPK1101",0.000,0.000,68.134,0.000,0.000,0.000,0.000
"02-DEC-2021 13:25","CPK1102",0.000,0.000,68.134,0.000,0.000,0.000,0.000
"02-DEC-2021 13:25","CPK1103",0.000,0.000,68.327,0.000,0.000,0.000,0.000
"02-DEC-2021 13:25","CST0331",0.000,36.200,74.941,0.000,226.071,0.000,0.000
"02-DEC-2021 13:25","CST1101",0.000,0.000,74.802,0.000,0.000,0.000,0.000
"02-DEC-2021 13:25","CUL0331",0.000,8.900,68.470,0.000,50.782,0.000,0.000
"02-DEC-2021 13:25","CUL0661",0.000,3.200,68.541,0.000,18.278,0.000,0.000
"02-DEC-2021 13:25","CUL2202",0.000,0.000,68.312,0.000,0.000,0.000,0.000
"02-DEC-2021 13:25","CUL2203",0.000,0.000,68.317,0.000,0.000,0.000,0.000
"02-DEC-2021 13:25","CYD2201",0.000,0.121,61.600,0.000,0.621,0.000,0.000
"02-DEC-2021 13:25","DOB0331",0.000,2.200,70.834,0.000,12.986,0.000,0.000
"02-DEC-2021 13:25","DOB0661",0.000,0.000,70.782,0.000,0.000,0.000,0.000
"02-DEC-2021 13:25","DOB1101",0.000,0.000,70.688,0.000,0.000,0.000,0.000
"02-DEC-2021 13:25","DOB1102",0.000,0.000,70.750,0.000,0.000,0.000,0.000
"02-DEC-2021 13:25","DRY2201",0.000,0.000,80.354,0.000,0.000,0.000,0.000
"02-DEC-2021 13:25","DRY2202",0.000,0.000,80.354,0.000,0.000,0.000,0.000
"02-DEC-2021 13:25","DVK0111",0.000,8.995,70.455,0.000,52.812,0.000,0.000
"02-DEC-2021 13:25","DVK1101",0.000,0.000,70.280,0.000,0.000,0.000,0.000
"02-DEC-2021 13:25","DVK1102",0.000,0.000,70.429,0.000,0.000,0.000,0.000
"02-DEC-2021 13:25","EDG0331",0.000,22.109,73.295,0.000,135.040,0.000,0.000
"02-DEC-2021 13:25","EDG1101",0.000,0.000,72.810,0.000,0.000,0.000,0.000
"02-DEC-2021 13:25","EDG1102",0.000,0.000,72.810,0.000,0.000,0.000,0.000
"02-DEC-2021 13:25","EDG2201",0.000,0.000,73.185,0.000,0.000,0.000,0.000
"02-DEC-2021 13:25","EDN0331",0.000,25.200,63.241,0.000,132.806,0.000,0.000
"02-DEC-2021 13:25","EDN1101",0.000,0.000,62.959,0.000,0.000,0.000,0.000
"02-DEC-2021 13:25","FHL0331",0.000,36.100,74.396,0.000,223.807,0.000,0.000
"02-DEC-2021 13:25","FHL1101",0.000,0.000,74.115,0.000,0.000,0.000,0.000
"02-DEC-2021 13:25","FKN0331",0.000,24.500,64.311,0.000,131.303,0.000,0.000
"02-DEC-2021 13:25","FKN0332",0.000,24.500,64.311,0.000,131.303,0.000,0.000
"02-DEC-2021 13:25","FKN1101",0.000,0.000,64.089,0.000,0.000,0.000,0.000
"02-DEC-2021 13:25","FKN1102",0.000,0.000,64.170,0.000,0.000,0.000,0.000
"02-DEC-2021 13:25","GFD0331",0.000,0.000,68.145,0.000,0.000,0.000,0.000
"02-DEC-2021 13:25","GFD1101",0.000,0.000,68.095,0.000,0.000,0.000,0.000
"02-DEC-2021 13:25","GFD1102",0.000,0.000,68.097,0.000,0.000,0.000,0.000
"02-DEC-2021 13:25","GLN0331",0.000,44.400,80.563,0.000,298.083,0.000,0.000
"02-DEC-2021 13:25","GLN0332",0.000,43.500,80.423,0.000,291.534,0.000,0.000
"02-DEC-2021 13:25","GLN2201",0.000,0.000,80.448,0.000,0.000,0.000,0.000
"02-DEC-2021 13:25","GNY1101",0.000,0.000,65.232,0.000,0.000,0.000,0.000
"02-DEC-2021 13:25","GOR0331",0.000,20.160,62.084,0.000,104.301,0.000,0.000
"02-DEC-2021 13:25","GOR1101",0.000,0.000,61.895,0.000,0.000,0.000,0.000
"02-DEC-2021 13:25","GOR1102",0.000,0.000,61.895,0.000,0.000,0.000,0.000
"02-DEC-2021 13:25","GOR2201",0.000,0.000,61.775,0.000,0.000,0.000,0.000
"02-DEC-2021 13:25","GOR2202",0.000,0.000,61.775,0.000,0.000,0.000,0.000
"02-DEC-2021 13:25","GOT2201",0.000,0.000,61.768,0.000,0.000,0.000,0.000
"02-DEC-2021 13:25","GOT2202",0.000,0.000,61.768,0.000,0.000,0.000,0.000
"02-DEC-2021 13:25","GYM0661",0.000,6.783,70.731,0.000,39.981,0.000,0.000
"02-DEC-2021 13:25","GYT0331",0.000,10.500,69.997,0.000,61.247,0.000,0.000
"02-DEC-2021 13:25","GYT1101",0.000,0.000,69.618,0.000,0.000,0.000,0.000
"02-DEC-2021 13:25","GYT1102",0.000,0.000,69.618,0.000,0.000,0.000,0.000
"02-DEC-2021 13:25","HAM0111",0.000,13.200,78.999,0.000,86.899,0.000,0.000
"02-DEC-2021 13:25","HAM0551",0.000,0.000,78.832,0.000,0.000,0.000,0.000
"02-DEC-2021 13:25","HAM1101",0.000,0.000,78.710,0.000,0.000,0.000,0.000
"02-DEC-2021 13:25","HAM2201",0.000,0.000,78.779,0.000,0.000,0.000,0.000
"02-DEC-2021 13:25","HAY0111",0.000,7.200,68.133,0.000,40.880,0.000,0.000
"02-DEC-2021 13:25","HAY0331",0.000,8.500,68.139,0.000,48.265,0.000,0.000
"02-DEC-2021 13:25","HAY1101",0.000,0.000,68.062,0.000,0.000,0.000,0.000
"02-DEC-2021 13:25","HAY2201",0.000,0.000,68.035,0.000,0.000,0.000,0.000
"02-DEC-2021 13:25","HAY3502",0.000,0.000,68.035,0.000,0.000,0.000,0.000
"02-DEC-2021 13:25","HAY3503",0.000,0.000,68.035,0.000,0.000,0.000,0.000
"02-DEC-2021 13:25","HEN0331",0.000,59.000,81.384,0.000,400.136,0.000,0.000
"02-DEC-2021 13:25","HEN1101",0.000,0.000,81.085,0.000,0.000,0.000,0.000
"02-DEC-2021 13:25","HEN2201",0.000,0.000,81.131,0.000,0.000,0.000,0.000
"02-DEC-2021 13:25","HEP0331",0.000,74.800,81.660,0.000,509.012,0.000,0.000
"02-DEC-2021 13:25","HEP1101",0.000,0.000,81.443,0.000,0.000,0.000,0.000
"02-DEC-2021 13:25","HIN0331",0.000,29.200,80.878,0.000,196.803,0.000,0.000
"02-DEC-2021 13:25","HIN1101",0.000,0.000,80.657,0.000,0.000,0.000,0.000
"02-DEC-2021 13:25","HKK0661",0.000,7.645,70.020,0.000,44.609,0.000,0.000
"02-DEC-2021 13:25","HLY0331",0.000,15.500,79.125,0.000,102.203,0.000,0.000
"02-DEC-2021 13:25","HLY2201",0.000,3.207,79.090,0.000,21.137,0.000,0.000
"02-DEC-2021 13:25","HOB1101",0.000,39.500,80.816,0.000,266.019,0.000,0.000
"02-DEC-2021 13:25","HOB2201",0.000,0.000,80.864,0.000,0.000,0.000,0.000
"02-DEC-2021 13:25","HOR0331",0.000,11.330,66.839,0.000,63.108,0.000,0.000
"02-DEC-2021 13:25","HOR0661",0.000,2.500,66.532,0.000,13.861,0.000,0.000
"02-DEC-2021 13:25","HPI2201",0.000,0.000,81.268,0.000,0.000,0.000,0.000
"02-DEC-2021 13:25","HPI2202",0.000,0.000,81.268,0.000,0.000,0.000,0.000
"02-DEC-2021 13:25","HTI0331",0.000,17.200,80.414,0.000,115.260,0.000,0.000
"02-DEC-2021 13:25","HTI1101",0.000,11.100,79.938,0.000,73.943,0.000,0.000
"02-DEC-2021 13:25","HUI0331",0.000,20.000,75.076,0.000,125.127,0.000,0.000
"02-DEC-2021 13:25","HUI1101",0.000,0.000,75.046,0.000,0.000,0.000,0.000
"02-DEC-2021 13:25","HWA0331",0.000,18.907,73.818,0.000,116.307,0.000,0.000
"02-DEC-2021 13:25","HWA0332",0.000,11.542,73.845,0.000,71.027,0.000,0.000
"02-DEC-2021 13:25","HWA1101",0.000,0.299,73.647,0.000,1.835,0.000,0.000
"02-DEC-2021 13:25","HWA1102",0.000,4.086,73.647,0.000,25.077,0.000,0.000
"02-DEC-2021 13:25","HWB0331",0.000,52.160,62.169,0.000,270.229,0.000,0.000
"02-DEC-2021 13:25","HWB1101",0.000,0.000,62.601,0.000,0.000,0.000,0.000
"02-DEC-2021 13:25","HWB2201",0.000,0.000,62.051,0.000,0.000,0.000,0.000
"02-DEC-2021 13:25","IGH1101",0.000,0.000,69.729,0.000,0.000,0.000,0.000
"02-DEC-2021 13:25","INV0331",0.000,63.200,61.958,0.000,326.313,0.000,0.000
"02-DEC-2021 13:25","INV1101",0.000,0.000,61.965,0.000,0.000,0.000,0.000
"02-DEC-2021 13:25","INV2201",0.000,0.000,61.850,0.000,0.000,0.000,0.000
"02-DEC-2021 13:25","INV2202",0.000,0.000,61.850,0.000,0.000,0.000,0.000
"02-DEC-2021 13:25","ISL0661",0.000,286.200,67.559,0.000,1611.287,0.000,0.000
"02-DEC-2021 13:25","ISL2201",0.000,0.000,67.283,0.000,0.000,0.000,0.000
"02-DEC-2021 13:25","JRD1101",0.000,0.655,74.656,0.000,4.075,0.000,0.000
"02-DEC-2021 13:25","KAI0111",0.000,15.069,71.110,0.000,89.296,0.000,0.000
"02-DEC-2021 13:25","KAI0661",0.000,0.000,70.897,0.000,0.000,0.000,0.000
"02-DEC-2021 13:25","KAW0112",0.000,20.200,72.192,0.000,121.523,0.000,0.000
"02-DEC-2021 13:25","KAW0112 DLS0",0.000,0.644,72.192,0.000,3.874,0.000,0.000
"02-DEC-2021 13:25","KAW0113 DLS1",0.000,0.216,72.721,0.000,1.309,0.000,0.000
"02-DEC-2021 13:25","KAW1101",0.000,0.000,72.234,0.000,0.000,0.000,0.000
"02-DEC-2021 13:25","KAW2201",0.000,0.000,72.684,0.000,0.000,0.000,0.000
"02-DEC-2021 13:25","KBT0661",0.000,0.000,66.856,0.000,0.000,0.000,0.000
"02-DEC-2021 13:25","KBT0662",0.000,0.000,66.856,0.000,0.000,0.000,0.000
"02-DEC-2021 13:25","KBY0661",0.000,0.000,66.878,0.000,0.000,0.000,0.000
"02-DEC-2021 13:25","KBY0662",0.000,5.703,66.878,0.000,31.784,0.000,0.000
"02-DEC-2021 13:25","KIK0111",0.000,1.700,69.037,0.000,9.780,0.000,0.000
"02-DEC-2021 13:25","KIK1101",0.000,0.000,69.070,0.000,0.000,0.000,0.000
"02-DEC-2021 13:25","KIK2201",0.000,0.000,69.001,0.000,0.000,0.000,0.000
"02-DEC-2021 13:25","KIN0111",0.000,14.800,74.794,0.000,92.246,0.000,0.000
"02-DEC-2021 13:25","KIN0112",0.000,12.300,74.522,0.000,76.386,0.000,0.000
"02-DEC-2021 13:25","KIN0113",0.000,32.800,74.909,0.000,204.750,0.000,0.000
"02-DEC-2021 13:25","KIN0331",0.000,9.400,74.737,0.000,58.544,0.000,0.000
"02-DEC-2021 13:25","KIN1005",0.000,0.000,74.522,0.000,0.000,0.000,0.000
"02-DEC-2021 13:25","KIN1009",0.000,0.000,74.613,0.000,0.000,0.000,0.000
"02-DEC-2021 13:25","KIN1101",0.000,0.000,74.616,0.000,0.000,0.000,0.000
"02-DEC-2021 13:25","KIN1102",0.000,0.000,74.616,0.000,0.000,0.000,0.000
"02-DEC-2021 13:25","KMO0331",0.000,9.034,74.635,0.000,56.188,0.000,0.000
"02-DEC-2021 13:25","KMO1101",0.000,0.000,74.599,0.000,0.000,0.000,0.000
"02-DEC-2021 13:25","KMO1102",0.000,0.000,74.599,0.000,0.000,0.000,0.000
"02-DEC-2021 13:25","KMO1103",0.000,0.000,74.599,0.000,0.000,0.000,0.000
"02-DEC-2021 13:25","KMO2201",0.000,0.000,74.275,0.000,0.000,0.000,0.000
"02-DEC-2021 13:25","KOE1101",0.000,22.722,82.840,0.000,156.857,0.000,0.000
"02-DEC-2021 13:25","KPA1101",0.000,0.213,72.942,0.000,1.295,0.000,0.000
"02-DEC-2021 13:25","KPO1101",0.000,0.000,79.318,0.000,0.000,0.000,0.000
"02-DEC-2021 13:25","KPU0661",0.000,26.900,82.226,0.000,184.323,0.000,0.000
"02-DEC-2021 13:25","KPU1101",0.000,0.000,81.894,0.000,0.000,0.000,0.000
"02-DEC-2021 13:25","KPU1102",0.000,0.000,81.894,0.000,0.000,0.000,0.000
"02-DEC-2021 13:25","KUM0661",0.000,0.000,69.509,0.000,0.000,0.000,0.000
"02-DEC-2021 13:25","KWA0111",0.000,20.600,68.337,0.000,117.311,0.000,0.000
"02-DEC-2021 13:25","KWA1101",0.000,0.000,68.214,0.000,0.000,0.000,0.000
"02-DEC-2021 13:25","KWA1102",0.000,0.000,68.214,0.000,0.000,0.000,0.000
"02-DEC-2021 13:25","LFD1101",0.000,4.278,74.480,0.000,26.552,0.000,0.000
"02-DEC-2021 13:25","LFD1102",0.000,4.219,74.480,0.000,26.186,0.000,0.000
"02-DEC-2021 13:25","LIV2201",0.000,0.000,63.691,0.000,0.000,0.000,0.000
"02-DEC-2021 13:25","LTN0331",0.000,35.502,69.846,0.000,206.640,0.000,0.000
"02-DEC-2021 13:25","LTN2201",0.000,0.000,69.808,0.000,0.000,0.000,0.000
"02-DEC-2021 13:25","LTN2202",0.000,0.000,69.804,0.000,0.000,0.000,0.000
"02-DEC-2021 13:25","MAN2201",0.000,3.983,58.855,0.000,19.535,0.000,0.000
"02-DEC-2021 13:25","MAT1101",0.000,5.663,71.804,0.000,33.886,0.000,0.000
"02-DEC-2021 13:25","MCH0111",0.000,0.000,69.480,0.000,0.000,0.000,0.000
"02-DEC-2021 13:25","MCH1101",0.000,0.000,69.459,0.000,0.000,0.000,0.000
"02-DEC-2021 13:25","MDN1101",0.000,0.000,82.661,0.000,0.000,0.000,0.000
"02-DEC-2021 13:25","MDN2201",0.000,0.000,82.162,0.000,0.000,0.000,0.000
"02-DEC-2021 13:25","MGM0331",0.000,10.930,70.157,0.000,63.902,0.000,0.000
"02-DEC-2021 13:25","MGM1101",0.000,0.000,69.872,0.000,0.000,0.000,0.000
"02-DEC-2021 13:25","MHO0331",0.000,22.764,69.645,0.000,132.117,0.000,0.000
"02-DEC-2021 13:25","MHO1101",0.000,0.000,69.681,0.000,0.000,0.000,0.000
"02-DEC-2021 13:25","MHO1102",0.000,0.000,69.681,0.000,0.000,0.000,0.000
"02-DEC-2021 13:25","MHT1102",0.000,0.000,68.094,0.000,0.000,0.000,0.000
"02-DEC-2021 13:25","MHT1103",0.000,0.000,68.094,0.000,0.000,0.000,0.000
"02-DEC-2021 13:25","MKE1101",0.000,0.500,74.988,0.000,3.124,0.000,0.000
"02-DEC-2021 13:25","MKT1101",0.000,0.000,74.924,0.000,0.000,0.000,0.000
"02-DEC-2021 13:25","MLG0111",0.000,14.400,68.639,0.000,82.366,0.000,0.000
"02-DEC-2021 13:25","MLG0331",0.000,15.800,68.504,0.000,90.197,0.000,0.000
"02-DEC-2021 13:25","MLG1101",0.000,0.000,68.440,0.000,0.000,0.000,0.000
"02-DEC-2021 13:25","MLG1102",0.000,0.000,68.427,0.000,0.000,0.000,0.000
"02-DEC-2021 13:25","MNG0331",0.000,83.500,81.185,0.000,564.909,0.000,0.000
"02-DEC-2021 13:25","MNG1101",0.000,2.200,80.968,0.000,14.844,0.000,0.000
"02-DEC-2021 13:25","MNI0111",0.000,12.764,75.304,0.000,80.098,0.000,0.000
"02-DEC-2021 13:25","MNI1101",0.000,0.000,75.090,0.000,0.000,0.000,0.000
"02-DEC-2021 13:25","MST0331",0.000,30.300,70.544,0.000,178.122,0.000,0.000
"02-DEC-2021 13:25","MST1101",0.000,0.000,70.381,0.000,0.000,0.000,0.000
"02-DEC-2021 13:25","MTI2201",0.000,0.159,74.065,0.000,0.981,0.000,0.000
"02-DEC-2021 13:25","MTM0331",0.000,36.900,75.256,0.000,231.411,0.000,0.000
"02-DEC-2021 13:25","MTM1101",0.000,0.000,75.097,0.000,0.000,0.000,0.000
"02-DEC-2021 13:25","MTN0331",0.000,11.718,71.625,0.000,69.941,0.000,0.000
"02-DEC-2021 13:25","MTN1101",0.000,0.000,71.486,0.000,0.000,0.000,0.000
"02-DEC-2021 13:25","MTN1102",0.000,0.000,71.483,0.000,0.000,0.000,0.000
"02-DEC-2021 13:25","MTO0331",0.000,12.400,84.338,0.000,87.149,0.000,0.000
"02-DEC-2021 13:25","MTO1101",0.000,0.000,84.140,0.000,0.000,0.000,0.000
"02-DEC-2021 13:25","MTO1102",0.000,0.000,83.868,0.000,0.000,0.000,0.000
"02-DEC-2021 13:25","MTR0331",0.000,3.687,72.726,0.000,22.345,0.000,0.000
"02-DEC-2021 13:25","MTR1101",0.000,0.000,72.698,0.000,0.000,0.000,0.000
"02-DEC-2021 13:25","MVE1101",0.000,0.000,80.645,0.000,0.000,0.000,0.000
"02-DEC-2021 13:25","MVE1102",0.000,0.000,80.343,0.000,0.000,0.000,0.000
"02-DEC-2021 13:25","NAP2201",0.000,6.332,73.096,0.000,38.570,0.000,0.000
"02-DEC-2021 13:25","NAP2202",0.000,0.134,73.096,0.000,0.816,0.000,0.000
"02-DEC-2021 13:25","NGA1101",0.000,0.000,82.840,0.000,0.000,0.000,0.000
"02-DEC-2021 13:25","NMA0331",0.000,29.860,61.864,0.000,153.938,0.000,0.000
"02-DEC-2021 13:25","NMA2201",0.000,0.000,61.643,0.000,0.000,0.000,0.000
"02-DEC-2021 13:25","NPK0331",0.000,1.200,75.887,0.000,7.589,0.000,0.000
"02-DEC-2021 13:25","NPK1101",0.000,0.000,75.849,0.000,0.000,0.000,0.000
"02-DEC-2021 13:25","NSY0331",0.000,0.000,61.129,0.000,0.000,0.000,0.000
"02-DEC-2021 13:25","NSY2201",0.000,0.000,61.164,0.000,0.000,0.000,0.000
"02-DEC-2021 13:25","OAM0331",0.000,21.700,65.926,0.000,119.217,0.000,0.000
"02-DEC-2021 13:25","OAM1101",0.000,0.000,65.620,0.000,0.000,0.000,0.000
"02-DEC-2021 13:25","OAM1102",0.000,0.000,65.992,0.000,0.000,0.000,0.000
"02-DEC-2021 13:25","OHA2201",0.000,0.000,63.193,0.000,0.000,0.000,0.000
"02-DEC-2021 13:25","OHB2201",0.000,0.000,63.288,0.000,0.000,0.000,0.000
"02-DEC-2021 13:25","OHC2201",0.000,0.000,63.271,0.000,0.000,0.000,0.000
"02-DEC-2021 13:25","OHK2201",0.000,0.194,73.516,0.000,1.189,0.000,0.000
"02-DEC-2021 13:25","OHW2201",0.000,0.000,79.080,0.000,0.000,0.000,0.000
"02-DEC-2021 13:25","OHW2202",0.000,0.000,79.080,0.000,0.000,0.000,0.000
"02-DEC-2021 13:25","OKE1101",0.000,0.000,74.289,0.000,0.000,0.000,0.000
"02-DEC-2021 13:25","OKI2201",0.000,0.882,73.205,0.000,5.381,0.000,0.000
"02-DEC-2021 13:25","OKN0111",0.000,2.018,74.865,0.000,12.590,0.000,0.000
"02-DEC-2021 13:25","OKN1101",0.000,0.000,74.828,0.000,0.000,0.000,0.000
"02-DEC-2021 13:25","ONG0331",0.000,3.224,77.590,0.000,20.846,0.000,0.000
"02-DEC-2021 13:25","ONG1101",0.000,0.000,77.395,0.000,0.000,0.000,0.000
"02-DEC-2021 13:25","OPI2201",0.000,0.000,64.652,0.000,0.000,0.000,0.000
"02-DEC-2021 13:25","OPI2202",0.000,0.000,64.622,0.000,0.000,0.000,0.000
"02-DEC-2021 13:25","OPK0331",0.000,4.900,73.552,0.000,30.034,0.000,0.000
"02-DEC-2021 13:25","OPK1101",0.000,0.000,73.797,0.000,0.000,0.000,0.000
"02-DEC-2021 13:25","OPK1102",0.000,0.000,73.158,0.000,0.000,0.000,0.000
"02-DEC-2021 13:25","ORO1101",0.000,1.961,69.943,0.000,11.430,0.000,0.000
"02-DEC-2021 13:25","ORO1102",0.000,0.000,69.436,0.000,0.000,0.000,0.000
"02-DEC-2021 13:25","OTA0221",0.000,43.597,81.298,0.000,295.361,0.000,0.000
"02-DEC-2021 13:25","OTA1103",0.000,0.000,80.853,0.000,0.000,0.000,0.000
"02-DEC-2021 13:25","OTA1104",0.000,0.000,80.853,0.000,0.000,0.000,0.000
"02-DEC-2021 13:25","OTA1105",0.000,0.000,80.853,0.000,0.000,0.000,0.000
"02-DEC-2021 13:25","OTA1106",0.000,0.000,80.853,0.000,0.000,0.000,0.000
"02-DEC-2021 13:25","OTA1107",0.000,0.000,80.853,0.000,0.000,0.000,0.000
"02-DEC-2021 13:25","OTA1108",0.000,0.000,80.853,0.000,0.000,0.000,0.000
"02-DEC-2021 13:25","OTA1109",0.000,0.000,80.853,0.000,0.000,0.000,0.000
"02-DEC-2021 13:25","OTA110A",0.000,0.000,80.853,0.000,0.000,0.000,0.000
"02-DEC-2021 13:25","OTA2201",0.000,0.000,80.548,0.000,0.000,0.000,0.000
"02-DEC-2021 13:25","OTA2202",0.000,0.000,80.560,0.000,0.000,0.000,0.000
"02-DEC-2021 13:25","OTA2203",0.000,0.000,80.548,0.000,0.000,0.000,0.000
"02-DEC-2021 13:25","OTI0111",0.000,0.000,66.533,0.000,0.000,0.000,0.000
"02-DEC-2021 13:25","OTI0661",0.000,0.000,66.487,0.000,0.000,0.000,0.000
"02-DEC-2021 13:25","OWH0111",0.000,6.755,74.452,0.000,41.910,0.000,0.000
"02-DEC-2021 13:25","OWH1101",0.000,0.000,74.331,0.000,0.000,0.000,0.000
"02-DEC-2021 13:25","PAK0331",0.000,86.100,80.709,0.000,579.090,0.000,0.000
"02-DEC-2021 13:25","PAK2201",0.000,0.000,80.554,0.000,0.000,0.000,0.000
"02-DEC-2021 13:25","PAO1101",0.000,24.600,80.542,0.000,165.110,0.000,0.000
"02-DEC-2021 13:25","PEN0221",0.000,30.400,81.477,0.000,206.408,0.000,0.000
"02-DEC-2021 13:25","PEN0222",0.000,0.000,81.477,0.000,0.000,0.000,0.000
"02-DEC-2021 13:25","PEN0251",0.000,3.400,80.807,0.000,22.895,0.000,0.000
"02-DEC-2021 13:25","PEN1101",0.000,85.300,80.815,0.000,574.460,0.000,0.000
"02-DEC-2021 13:25","PEN2201",0.000,0.000,80.756,0.000,0.000,0.000,0.000
"02-DEC-2021 13:25","PIE1101",0.000,0.000,74.725,0.000,0.000,0.000,0.000
"02-DEC-2021 13:25","PNI0331",0.000,6.800,68.408,0.000,38.764,0.000,0.000
"02-DEC-2021 13:25","PNI1101",0.000,0.000,68.241,0.000,0.000,0.000,0.000
"02-DEC-2021 13:25","PNI1102",0.000,0.000,68.251,0.000,0.000,0.000,0.000
"02-DEC-2021 13:25","PPI2201",0.000,3.401,73.416,0.000,20.807,0.000,0.000
"02-DEC-2021 13:25","PRM0331",0.000,27.900,68.649,0.000,159.609,0.000,0.000
"02-DEC-2021 13:25","PRM2201",0.000,0.000,68.725,0.000,0.000,0.000,0.000
"02-DEC-2021 13:25","PRM2202",0.000,0.000,68.517,0.000,0.000,0.000,0.000
"02-DEC-2021 13:25","PRT2201",0.000,0.000,68.723,0.000,0.000,0.000,0.000
"02-DEC-2021 13:25","PRT2202",0.000,0.000,68.514,0.000,0.000,0.000,0.000
"02-DEC-2021 13:25","RDF0331",0.000,31.700,73.925,0.000,195.286,0.000,0.000
"02-DEC-2021 13:25","RDF1101",0.000,0.000,73.885,0.000,0.000,0.000,0.000
"02-DEC-2021 13:25","RDF1102",0.000,0.000,73.885,0.000,0.000,0.000,0.000
"02-DEC-2021 13:25","RDF2201",0.000,0.000,73.743,0.000,0.000,0.000,0.000
"02-DEC-2021 13:25","RFC1101",0.000,0.000,69.998,0.000,0.000,0.000,0.000
"02-DEC-2021 13:25","RFN1101",0.000,0.000,70.012,0.000,0.000,0.000,0.000
"02-DEC-2021 13:25","RFN1102",0.000,2.700,70.009,0.000,15.752,0.000,0.000
"02-DEC-2021 13:25","ROS0221",0.000,55.297,81.734,0.000,376.636,0.000,0.000
"02-DEC-2021 13:25","ROS1101",0.000,29.600,81.538,0.000,201.126,0.000,0.000
"02-DEC-2021 13:25","ROT0111",0.000,11.500,74.536,0.000,71.431,0.000,0.000
"02-DEC-2021 13:25","ROT0331",0.000,30.275,74.699,0.000,188.460,0.000,0.000
"02-DEC-2021 13:25","ROT1101",0.000,0.000,74.299,0.000,0.000,0.000,0.000
"02-DEC-2021 13:25","ROT1102",0.000,0.000,74.554,0.000,0.000,0.000,0.000
"02-DEC-2021 13:25","ROX1101",0.000,0.000,60.573,0.000,0.000,0.000,0.000
"02-DEC-2021 13:25","ROX2201",0.000,0.160,61.491,0.000,0.820,0.000,0.000
"02-DEC-2021 13:25","RPO2201",0.000,0.000,71.548,0.000,0.000,0.000,0.000
"02-DEC-2021 13:25","RTO1101",0.000,0.000,79.127,0.000,0.000,0.000,0.000
"02-DEC-2021 13:25","RTR1101",0.000,0.000,75.759,0.000,0.000,0.000,0.000
"02-DEC-2021 13:25","SBK0331",0.000,14.300,70.405,0.000,83.900,0.000,0.000
"02-DEC-2021 13:25","SBK0661",0.000,13.400,70.249,0.000,78.445,0.000,0.000
"02-DEC-2021 13:25","SDN0331",0.000,21.938,62.043,0.000,113.425,0.000,0.000
"02-DEC-2021 13:25","SDN2201",0.000,0.000,62.011,0.000,0.000,0.000,0.000
"02-DEC-2021 13:25","SFD1101",0.000,0.000,73.547,0.000,0.000,0.000,0.000
"02-DEC-2021 13:25","SFD2201",0.000,0.420,73.382,0.000,2.568,0.000,0.000
"02-DEC-2021 13:25","STK0331",0.000,78.400,69.707,0.000,455.420,0.000,0.000
"02-DEC-2021 13:25","STK0661",0.000,16.630,69.545,0.000,96.378,0.000,0.000
"02-DEC-2021 13:25","STK1101",0.000,0.000,69.567,0.000,0.000,0.000,0.000
"02-DEC-2021 13:25","STK2201",0.000,0.000,69.565,0.000,0.000,0.000,0.000
"02-DEC-2021 13:25","STU0111",0.000,8.000,66.257,0.000,44.171,0.000,0.000
"02-DEC-2021 13:25","STU1101",0.000,0.000,65.793,0.000,0.000,0.000,0.000
"02-DEC-2021 13:25","SVL0331",0.000,43.300,81.304,0.000,293.371,0.000,0.000
"02-DEC-2021 13:25","SVL2201",0.000,0.000,81.147,0.000,0.000,0.000,0.000
"02-DEC-2021 13:25","SVL2202",0.000,0.000,81.150,0.000,0.000,0.000,0.000
"02-DEC-2021 13:25","SWN0251",0.000,-0.900,80.609,0.000,-6.046,0.000,0.000
"02-DEC-2021 13:25","TAK0331",0.000,65.800,80.552,0.000,441.691,0.000,0.000
"02-DEC-2021 13:25","TAK2201",0.000,0.000,80.397,0.000,0.000,0.000,0.000
"02-DEC-2021 13:25","TAK2202",0.000,0.000,80.446,0.000,0.000,0.000,0.000
"02-DEC-2021 13:25","TGA0111",0.000,13.600,75.048,0.000,85.054,0.000,0.000
"02-DEC-2021 13:25","TGA0331",0.000,61.600,74.906,0.000,384.519,0.000,0.000
"02-DEC-2021 13:25","TGA1101",0.000,0.000,74.816,0.000,0.000,0.000,0.000
"02-DEC-2021 13:25","THI2201",0.000,0.139,73.434,0.000,0.851,0.000,0.000
"02-DEC-2021 13:25","TIM0111",0.000,47.200,65.537,0.000,257.780,0.000,0.000
"02-DEC-2021 13:25","TIM1101",0.000,0.000,65.092,0.000,0.000,0.000,0.000
"02-DEC-2021 13:25","TIM2201",0.000,0.000,64.810,0.000,0.000,0.000,0.000
"02-DEC-2021 13:25","TIM2202",0.000,0.000,64.988,0.000,0.000,0.000,0.000
"02-DEC-2021 13:25","TKA0111",0.000,0.000,62.578,0.000,0.000,0.000,0.000
"02-DEC-2021 13:25","TKA0331",0.000,1.400,62.622,0.000,7.306,0.000,0.000
"02-DEC-2021 13:25","TKA1101",0.000,0.000,62.850,0.000,0.000,0.000,0.000
"02-DEC-2021 13:25","TKB2201",0.000,0.000,63.713,0.000,0.000,0.000,0.000
"02-DEC-2021 13:25","TKR0331",0.000,45.800,68.447,0.000,261.240,0.000,0.000
"02-DEC-2021 13:25","TKR1101",0.000,0.000,68.191,0.000,0.000,0.000,0.000
"02-DEC-2021 13:25","TKU0331",0.000,3.400,73.074,0.000,20.704,0.000,0.000
"02-DEC-2021 13:25","TKU2201",0.000,0.000,73.023,0.000,0.000,0.000,0.000
"02-DEC-2021 13:25","TMH2201",0.000,0.000,61.983,0.000,0.000,0.000,0.000
"02-DEC-2021 13:25","TMI0331",0.000,9.314,74.521,0.000,57.840,0.000,0.000
"02-DEC-2021 13:25","TMI1101",0.000,0.000,74.473,0.000,0.000,0.000,0.000
"02-DEC-2021 13:25","TMK0331",0.000,38.000,66.117,0.000,209.370,0.000,0.000
"02-DEC-2021 13:25","TMK1101",0.000,0.000,65.907,0.000,0.000,0.000,0.000
"02-DEC-2021 13:25","TMK1102",0.000,0.000,65.903,0.000,0.000,0.000,0.000
"02-DEC-2021 13:25","TMN0551",0.000,1.559,75.787,0.000,9.846,0.000,0.000
"02-DEC-2021 13:25","TMN2201",0.000,0.000,75.725,0.000,0.000,0.000,0.000
"02-DEC-2021 13:25","TMU0111",0.000,21.044,80.378,0.000,140.957,0.000,0.000
"02-DEC-2021 13:25","TMU1101",0.000,0.000,80.188,0.000,0.000,0.000,0.000
"02-DEC-2021 13:25","TNG0111",0.000,30.200,71.615,0.000,180.231,0.000,0.000
"02-DEC-2021 13:25","TNG0551",0.000,0.000,71.326,0.000,0.000,0.000,0.000
"02-DEC-2021 13:25","TNG2201",0.000,0.000,71.276,0.000,0.000,0.000,0.000
"02-DEC-2021 13:25","TRK0111",0.000,3.920,74.373,0.000,24.295,0.000,0.000
"02-DEC-2021 13:25","TRK1101",0.000,0.000,74.186,0.000,0.000,0.000,0.000
"02-DEC-2021 13:25","TRK1102",0.000,0.000,74.186,0.000,0.000,0.000,0.000
"02-DEC-2021 13:25","TRK2201",0.000,0.000,74.004,0.000,0.000,0.000,0.000
"02-DEC-2021 13:25","TUI1101",0.000,39.900,71.183,0.000,236.685,0.000,0.000
"02-DEC-2021 13:25","TWC2201",0.000,0.000,69.884,0.000,0.000,0.000,0.000
"02-DEC-2021 13:25","TWH0331",0.000,78.000,79.013,0.000,513.587,0.000,0.000
"02-DEC-2021 13:25","TWH2201",0.000,0.000,78.973,0.000,0.000,0.000,0.000
"02-DEC-2021 13:25","TWI2201",0.000,573.500,62.257,0.000,2975.382,0.000,0.000
"02-DEC-2021 13:25","TWT2201",0.000,0.000,69.951,0.000,0.000,0.000,0.000
"02-DEC-2021 13:25","TWZ0331",0.000,2.000,63.336,0.000,10.556,0.000,0.000
"02-DEC-2021 13:25","TWZ2201",0.000,0.000,63.308,0.000,0.000,0.000,0.000
"02-DEC-2021 13:25","TWZ2202",0.000,0.000,63.308,0.000,0.000,0.000,0.000
"02-DEC-2021 13:25","UHT0331",0.000,14.000,68.294,0.000,79.677,0.000,0.000
"02-DEC-2021 13:25","UHT1101",0.000,0.000,68.245,0.000,0.000,0.000,0.000
"02-DEC-2021 13:25","WAI0111",0.000,4.861,73.413,0.000,29.738,0.000,0.000
"02-DEC-2021 13:25","WAI0501",0.000,0.600,73.472,0.000,3.674,0.000,0.000
"02-DEC-2021 13:25","WAI1101",0.000,0.000,73.109,0.000,0.000,0.000,0.000
"02-DEC-2021 13:25","WDV0111",0.000,1.336,69.720,0.000,7.762,0.000,0.000
"02-DEC-2021 13:25","WDV1101",0.000,0.000,69.622,0.000,0.000,0.000,0.000
"02-DEC-2021 13:25","WDV1102",0.000,0.000,69.622,0.000,0.000,0.000,0.000
"02-DEC-2021 13:25","WEL0331",0.000,20.800,84.319,0.000,146.152,0.000,0.000
"02-DEC-2021 13:25","WEL1101",0.000,0.000,83.918,0.000,0.000,0.000,0.000
"02-DEC-2021 13:25","WEL1102",0.000,0.000,84.255,0.000,0.000,0.000,0.000
"02-DEC-2021 13:25","WGN1101",0.000,0.000,72.814,0.000,0.000,0.000,0.000
"02-DEC-2021 13:25","WHI0111",0.000,47.200,73.799,0.000,290.276,0.000,0.000
"02-DEC-2021 13:25","WHI2201",0.000,0.217,73.681,0.000,1.332,0.000,0.000
"02-DEC-2021 13:25","WHU0331",0.000,22.800,81.111,0.000,154.110,0.000,0.000
"02-DEC-2021 13:25","WHU1101",0.000,0.000,81.070,0.000,0.000,0.000,0.000
"02-DEC-2021 13:25","WIL1101",0.000,0.000,68.122,0.000,0.000,0.000,0.000
"02-DEC-2021 13:25","WIL2201",0.000,0.000,68.172,0.000,0.000,0.000,0.000
"02-DEC-2021 13:25","WIR0331",0.000,70.498,81.649,0.000,479.674,0.000,0.000
"02-DEC-2021 13:25","WIR1101",0.000,0.000,81.462,0.000,0.000,0.000,0.000
"02-DEC-2021 13:25","WIR1102",0.000,0.000,81.292,0.000,0.000,0.000,0.000
"02-DEC-2021 13:25","WKM2201",0.000,6.000,74.248,0.000,37.124,0.000,0.000
"02-DEC-2021 13:25","WKM2202",0.000,0.000,74.256,0.000,0.000,0.000,0.000
"02-DEC-2021 13:25","WKO0331",0.000,22.800,81.816,0.000,155.450,0.000,0.000
"02-DEC-2021 13:25","WKO1101",0.000,0.000,81.645,0.000,0.000,0.000,0.000
"02-DEC-2021 13:25","WPA2201",0.000,0.000,73.995,0.000,0.000,0.000,0.000
"02-DEC-2021 13:25","WPR0331",0.000,3.800,68.102,0.000,21.566,0.000,0.000
"02-DEC-2021 13:25","WPR0661",0.000,1.700,67.894,0.000,9.618,0.000,0.000
"02-DEC-2021 13:25","WPR2202",0.000,0.000,68.100,0.000,0.000,0.000,0.000
"02-DEC-2021 13:25","WPR2203",0.000,0.000,68.109,0.000,0.000,0.000,0.000
"02-DEC-2021 13:25","WPT1101",0.000,0.000,69.924,0.000,0.000,0.000,0.000
"02-DEC-2021 13:25","WPT1102",0.000,0.000,69.436,0.000,0.000,0.000,0.000
"02-DEC-2021 13:25","WPW0331",0.000,14.572,71.539,0.000,86.873,0.000,0.000
"02-DEC-2021 13:25","WPW1101",0.000,0.000,71.595,0.000,0.000,0.000,0.000
"02-DEC-2021 13:25","WPW1102",0.000,0.000,70.925,0.000,0.000,0.000,0.000
"02-DEC-2021 13:25","WRD0331",0.000,37.800,81.162,0.000,255.662,0.000,0.000
"02-DEC-2021 13:25","WRD2201",0.000,0.000,80.991,0.000,0.000,0.000,0.000
"02-DEC-2021 13:25","WRK0331",0.000,30.400,73.160,0.000,185.340,0.000,0.000
"02-DEC-2021 13:25","WRK2201",0.000,0.155,73.372,0.000,0.948,0.000,0.000
"02-DEC-2021 13:25","WTK0111",0.000,2.300,63.077,0.000,12.090,0.000,0.000
"02-DEC-2021 13:25","WTK0331",0.000,0.000,63.144,0.000,0.000,0.000,0.000
"02-DEC-2021 13:25","WTK1101",0.000,0.000,63.238,0.000,0.000,0.000,0.000
"02-DEC-2021 13:25","WTK1102",0.000,0.000,63.361,0.000,0.000,0.000,0.000
"02-DEC-2021 13:25","WTK2201",0.000,0.000,63.355,0.000,0.000,0.000,0.000
"02-DEC-2021 13:25","WTU0331",0.000,32.445,73.824,0.000,199.601,0.000,0.000
"02-DEC-2021 13:25","WTU2201",0.000,0.000,73.778,0.000,0.000,0.000,0.000
"02-DEC-2021 13:25","WTU2202",0.000,0.000,73.778,0.000,0.000,0.000,0.000
"02-DEC-2021 13:25","WVY0111",0.000,2.772,72.854,0.000,16.829,0.000,0.000
"02-DEC-2021 13:25","WVY1101",0.000,0.000,72.629,0.000,0.000,0.000,0.000
"02-DEC-2021 13:25","WWD1102",0.000,0.400,67.838,0.000,2.261,0.000,0.000
"02-DEC-2021 13:25","WWD1103",0.000,0.400,67.845,0.000,2.262,0.000,0.000
