"DateTime","RunTime","Node","GenerationMW","LoadMW","PriceMWh","DeficitMW","SurplusMW","LOAD","GENERATION","PRICE","LOADCHECK","GENERATIONCHECK","PRICECHECK"
"06-MAR-2023 22:35","06-MAR-2023 22:34:04","ABY0111",0,-3.9,256.5189,0,0,-3.9,0,256.5189,0,0,0
"06-MAR-2023 22:35","06-MAR-2023 22:34:04","ABY1101",0,0,256.9925,0,0,0,0,256.9925,0,0,0
"06-MAR-2023 22:35","06-MAR-2023 22:34:04","ALB0331",0,61.1242,262.4283,0,0,61.1242,0,262.4283,0,0,0
"06-MAR-2023 22:35","06-MAR-2023 22:34:04","ALB0331 VLD2",0,0,262.4283,0,0,0,0,262.4283,0,0,0
"06-MAR-2023 22:35","06-MAR-2023 22:34:04","ALB1101",0,0,262.3987,0,0,0,0,262.3987,0,0,0
"06-MAR-2023 22:35","06-MAR-2023 22:34:04","ALB2201",0,0,262.0276,0,0,0,0,262.0276,0,0,0
"06-MAR-2023 22:35","06-MAR-2023 22:34:04","APS0111",0,0.2263,273.3321,0,0,0.2263,0,273.3321,0,0,0
"06-MAR-2023 22:35","06-MAR-2023 22:34:04","APS0661",0,0,272.8584,0,0,0,0,272.8584,0,0,0
"06-MAR-2023 22:35","06-MAR-2023 22:34:04","ARA2201",0,0,247.8579,0,0,0,0,247.8579,0,0,0
"06-MAR-2023 22:35","06-MAR-2023 22:34:04","ARA2201 ARA0",64,0,247.8579,0,0,0,64,247.8579,0,0,0
"06-MAR-2023 22:35","06-MAR-2023 22:34:04","ARG1101",0,0,277.4328,0,0,0,0,277.4328,0,0,0
"06-MAR-2023 22:35","06-MAR-2023 22:34:04","ARG1101 BRR0",6,0,277.4328,0,0,0,6,277.4328,0,0,0
"06-MAR-2023 22:35","06-MAR-2023 22:34:04","ARI1101",0,0,237.3857,0,0,0,0,237.3857,0,0,0
"06-MAR-2023 22:35","06-MAR-2023 22:34:04","ARI1101 ARI0",69,0,237.3857,0,0,0,69,237.3857,0,0,0
"06-MAR-2023 22:35","06-MAR-2023 22:34:04","ARI1102",0,0,254.8108,0,0,0,0,254.8108,0,0,0
"06-MAR-2023 22:35","06-MAR-2023 22:34:04","ARI1102 ARI0",40,0,254.8108,0,0,0,40,254.8108,0,0,0
"06-MAR-2023 22:35","06-MAR-2023 22:34:04","ASB0661",0,34.5,271.0621,0,0,34.5,0,271.0621,0,0,0
"06-MAR-2023 22:35","06-MAR-2023 22:34:04","ASB0661 DLS4",0,0,271.0621,0,0,0,0,271.0621,0,0,0
"06-MAR-2023 22:35","06-MAR-2023 22:34:04","ASB0661 HBK0",11,0,271.0621,0,0,0,11,271.0621,0,0,0
"06-MAR-2023 22:35","06-MAR-2023 22:34:04","ASB2201",0,0,270.9179,0,0,0,0,270.9179,0,0,0
"06-MAR-2023 22:35","06-MAR-2023 22:34:04","ASY0111",0,7.5085,280.4428,0,0,7.5085,0,280.4428,0,0,0
"06-MAR-2023 22:35","06-MAR-2023 22:34:04","ASY0661",0,0,280.244,0,0,0,0,280.244,0,0,0
"06-MAR-2023 22:35","06-MAR-2023 22:34:04","ATI2201",0,0,247.7276,0,0,0,0,247.7276,0,0,0
"06-MAR-2023 22:35","06-MAR-2023 22:34:04","ATI2201 ATI0",51,0,247.7276,0,0,0,51,247.7276,0,0,0
"06-MAR-2023 22:35","06-MAR-2023 22:34:04","ATU1101",0,0,285.651,0,0,0,0,285.651,0,0,0
"06-MAR-2023 22:35","06-MAR-2023 22:34:04","AVI2201",0,0,259.6601,0,0,0,0,259.6601,0,0,0
"06-MAR-2023 22:35","06-MAR-2023 22:34:04","AVI2201 AVI0",155.942,0,259.6601,0,0,0,155.942,259.6601,0,0,0
"06-MAR-2023 22:35","06-MAR-2023 22:34:04","BAL0331",0,17.4521,286.405,0,0,17.4521,0,286.405,0,0,0
"06-MAR-2023 22:35","06-MAR-2023 22:34:04","BAL1101",0,0,285.0018,0,0,0,0,285.0018,0,0,0
"06-MAR-2023 22:35","06-MAR-2023 22:34:04","BDE0111",0,7.5085,299.6161,0,0,7.5085,0,299.6161,0,0,0
"06-MAR-2023 22:35","06-MAR-2023 22:34:04","BDE0111 DFL1",0,10,299.6161,0,0,10,0,299.6161,0,0,0
"06-MAR-2023 22:35","06-MAR-2023 22:34:04","BDE1101",0,0,298.0717,0,0,0,0,298.0717,0,0,0
"06-MAR-2023 22:35","06-MAR-2023 22:34:04","BEN2201",0,0,259.6912,0,0,0,0,259.6912,0,0,0
"06-MAR-2023 22:35","06-MAR-2023 22:34:04","BEN2202",0,0,259.6912,0,0,0,0,259.6912,0,0,0
"06-MAR-2023 22:35","06-MAR-2023 22:34:04","BEN2202 BEN0",322.814,0,259.6912,0,0,0,322.814,259.6912,0,0,0
"06-MAR-2023 22:35","06-MAR-2023 22:34:04","BEN3502",0,0,259.6912,0,0,0,0,259.6912,0,0,0
"06-MAR-2023 22:35","06-MAR-2023 22:34:04","BEN3503",0,0,259.6912,0,0,0,0,259.6912,0,0,0
"06-MAR-2023 22:35","06-MAR-2023 22:34:04","BHL2201",0,0,260.4725,0,0,0,0,260.4725,0,0,0
"06-MAR-2023 22:35","06-MAR-2023 22:34:04","BHL2202",0,0,260.4743,0,0,0,0,260.4743,0,0,0
"06-MAR-2023 22:35","06-MAR-2023 22:34:04","BLN0331",0,38.8613,284.7534,0,0,38.8613,0,284.7534,0,0,0
"06-MAR-2023 22:35","06-MAR-2023 22:34:04","BLN1101",0,0,284.1289,0,0,0,0,284.1289,0,0,0
"06-MAR-2023 22:35","06-MAR-2023 22:34:04","BOB0331",0,3.026,265.3374,0,0,3.026,0,265.3374,0,0,0
"06-MAR-2023 22:35","06-MAR-2023 22:34:04","BOB1101",0,45.2884,265.1511,0,0,45.2884,0,265.1511,0,0,0
"06-MAR-2023 22:35","06-MAR-2023 22:34:04","BPC1101",0,0,265.1172,0,0,0,0,265.1172,0,0,0
"06-MAR-2023 22:35","06-MAR-2023 22:34:04","BPD1101",0,4.0586,268.185,0,0,4.0586,0,268.185,0,0,0
"06-MAR-2023 22:35","06-MAR-2023 22:34:04","BPE0331",0,43.2106,261.056,0,0,43.2106,0,261.056,0,0,0
"06-MAR-2023 22:35","06-MAR-2023 22:34:04","BPE0331 TWF0",2.64,0,261.056,0,0,0,2.64,261.056,0,0,0
"06-MAR-2023 22:35","06-MAR-2023 22:34:04","BPE0551",0,0,260.4215,0,0,0,0,260.4215,0,0,0
"06-MAR-2023 22:35","06-MAR-2023 22:34:04","BPE1101",0,0,259.9354,0,0,0,0,259.9354,0,0,0
"06-MAR-2023 22:35","06-MAR-2023 22:34:04","BPE2201",0,0,260.2132,0,0,0,0,260.2132,0,0,0
"06-MAR-2023 22:35","06-MAR-2023 22:34:04","BPT1101",0,0.4454,265.1769,0,0,0.4454,0,265.1769,0,0,0
"06-MAR-2023 22:35","06-MAR-2023 22:34:04","BRB0331",0,11.4986,264.6401,0,0,11.4986,0,264.6401,0,0,0
"06-MAR-2023 22:35","06-MAR-2023 22:34:04","BRB2201",0,0,264.4522,0,0,0,0,264.4522,0,0,0
"06-MAR-2023 22:35","06-MAR-2023 22:34:04","BRK0331",0,11.5995,259.0588,0,0,11.5995,0,259.0588,0,0,0
"06-MAR-2023 22:35","06-MAR-2023 22:34:04","BRK2201",0,0,258.5501,0,0,0,0,258.5501,0,0,0
"06-MAR-2023 22:35","06-MAR-2023 22:34:04","BRK2202",0,0,258.5501,0,0,0,0,258.5501,0,0,0
"06-MAR-2023 22:35","06-MAR-2023 22:34:04","BRY0661",0,57.6325,274.3974,0,0,57.6325,0,274.3974,0,0,0
"06-MAR-2023 22:35","06-MAR-2023 22:34:04","BRY2201",0,0,274.2932,0,0,0,0,274.2932,0,0,0
"06-MAR-2023 22:35","06-MAR-2023 22:34:04","BWK1101",0,0,274.3255,0,0,0,0,274.3255,0,0,0
"06-MAR-2023 22:35","06-MAR-2023 22:34:04","BWK1101 WPI0",22,0,274.3255,0,0,0,22,274.3255,0,0,0
"06-MAR-2023 22:35","06-MAR-2023 22:34:04","CBG0111",0,26.8301,258.4619,0,0,26.8301,0,258.4619,0,0,0
"06-MAR-2023 22:35","06-MAR-2023 22:34:04","CBG1101",0,0,257.5568,0,0,0,0,257.5568,0,0,0
"06-MAR-2023 22:35","06-MAR-2023 22:34:04","CBG1102",0,0,257.5571,0,0,0,0,257.5571,0,0,0
"06-MAR-2023 22:35","06-MAR-2023 22:34:04","CLH0111",0,0.2029,264.3459,0,0,0.2029,0,264.3459,0,0,0
"06-MAR-2023 22:35","06-MAR-2023 22:34:04","CLH0661",0,0,264.0051,0,0,0,0,264.0051,0,0,0
"06-MAR-2023 22:35","06-MAR-2023 22:34:04","CML0331",0,22.6268,268.4266,0,0,22.6268,0,268.4266,0,0,0
"06-MAR-2023 22:35","06-MAR-2023 22:34:04","CML1101",0,0,267.9817,0,0,0,0,267.9817,0,0,0
"06-MAR-2023 22:35","06-MAR-2023 22:34:04","CML1102",0,0,268.1696,0,0,0,0,268.1696,0,0,0
"06-MAR-2023 22:35","06-MAR-2023 22:34:04","CML2201",0,0,267.9605,0,0,0,0,267.9605,0,0,0
"06-MAR-2023 22:35","06-MAR-2023 22:34:04","CML2202",0,0,267.9837,0,0,0,0,267.9837,0,0,0
"06-MAR-2023 22:35","06-MAR-2023 22:34:04","COL0111",0,0,258.2161,0,0,0,0,258.2161,0,0,0
"06-MAR-2023 22:35","06-MAR-2023 22:34:04","COL0661",0,0,258.1448,0,0,0,0,258.1448,0,0,0
"06-MAR-2023 22:35","06-MAR-2023 22:34:04","COL0661 COL0",35,0,258.1448,0,0,0,35,258.1448,0,0,0
"06-MAR-2023 22:35","06-MAR-2023 22:34:04","CPK0111",0,8.7894,265.5467,0,0,8.7894,0,265.5467,0,0,0
"06-MAR-2023 22:35","06-MAR-2023 22:34:04","CPK0331",0,65.2597,264.4096,0,0,65.2597,0,264.4096,0,0,0
"06-MAR-2023 22:35","06-MAR-2023 22:34:04","CPK1101",0,0,263.3417,0,0,0,0,263.3417,0,0,0
"06-MAR-2023 22:35","06-MAR-2023 22:34:04","CPK1102",0,0,263.3394,0,0,0,0,263.3394,0,0,0
"06-MAR-2023 22:35","06-MAR-2023 22:34:04","CPK1103",0,0,263.8863,0,0,0,0,263.8863,0,0,0
"06-MAR-2023 22:35","06-MAR-2023 22:34:04","CST0331",0,27.9396,256.3456,0,0,27.9396,0,256.3456,0,0,0
"06-MAR-2023 22:35","06-MAR-2023 22:34:04","CST1101",0,0,256.2304,0,0,0,0,256.2304,0,0,0
"06-MAR-2023 22:35","06-MAR-2023 22:34:04","CUL0331",0,4.2616,276.7425,0,0,4.2616,0,276.7425,0,0,0
"06-MAR-2023 22:35","06-MAR-2023 22:34:04","CUL0661",0,3.044,277.0387,0,0,3.044,0,277.0387,0,0,0
"06-MAR-2023 22:35","06-MAR-2023 22:34:04","CUL2202",0,0,276.5908,0,0,0,0,276.5908,0,0,0
"06-MAR-2023 22:35","06-MAR-2023 22:34:04","CUL2203",0,0,276.5847,0,0,0,0,276.5847,0,0,0
"06-MAR-2023 22:35","06-MAR-2023 22:34:04","CYD0331",0,1.2176,269.3072,0,0,1.2176,0,269.3072,0,0,0
"06-MAR-2023 22:35","06-MAR-2023 22:34:04","CYD2201",0,0,269.2406,0,0,0,0,269.2406,0,0,0
"06-MAR-2023 22:35","06-MAR-2023 22:34:04","CYD2201 CYD0",206,0,269.2406,0,0,0,206,269.2406,0,0,0
"06-MAR-2023 22:35","06-MAR-2023 22:34:04","DOB0331",0,2.5519,287.9421,0,0,2.5519,0,287.9421,0,0,0
"06-MAR-2023 22:35","06-MAR-2023 22:34:04","DOB0661",0,0,287.7295,0,0,0,0,287.7295,0,0,0
"06-MAR-2023 22:35","06-MAR-2023 22:34:04","DOB1101",0,0,287.1507,0,0,0,0,287.1507,0,0,0
"06-MAR-2023 22:35","06-MAR-2023 22:34:04","DOB1102",0,0,287.3093,0,0,0,0,287.3093,0,0,0
"06-MAR-2023 22:35","06-MAR-2023 22:34:04","DRY2201",0,0,260.7093,0,0,0,0,260.7093,0,0,0
"06-MAR-2023 22:35","06-MAR-2023 22:34:04","DRY2202",0,0,260.7093,0,0,0,0,260.7093,0,0,0
"06-MAR-2023 22:35","06-MAR-2023 22:34:04","DVK0111",0,6.5562,264.8211,0,0,6.5562,0,264.8211,0,0,0
"06-MAR-2023 22:35","06-MAR-2023 22:34:04","DVK1101",0,0,265.5587,0,0,0,0,265.5587,0,0,0
"06-MAR-2023 22:35","06-MAR-2023 22:34:04","DVK1102",0,0,263.6162,0,0,0,0,263.6162,0,0,0
"06-MAR-2023 22:35","06-MAR-2023 22:34:04","EDG0331",0,42.3,247.8072,0,0,42.3,0,247.8072,0,0,0
"06-MAR-2023 22:35","06-MAR-2023 22:34:04","EDG1101",0,0,245.7619,0,0,0,0,245.7619,0,0,0
"06-MAR-2023 22:35","06-MAR-2023 22:34:04","EDG1102",0,0,245.7619,0,0,0,0,245.7619,0,0,0
"06-MAR-2023 22:35","06-MAR-2023 22:34:04","EDG2201",0,0,247.2337,0,0,0,0,247.2337,0,0,0
"06-MAR-2023 22:35","06-MAR-2023 22:34:04","EDN0331",0,24.6562,301.995,0,0,24.6562,0,301.995,0,0,0
"06-MAR-2023 22:35","06-MAR-2023 22:34:04","EDN1101",0,0,300.9353,0,0,0,0,300.9353,0,0,0
"06-MAR-2023 22:35","06-MAR-2023 22:34:04","FHL0331",0,34.7984,250.1186,0,0,34.7984,0,250.1186,0,0,0
"06-MAR-2023 22:35","06-MAR-2023 22:34:04","FHL0331 UDL1",0,0,250.1186,0,0,0,0,250.1186,0,0,0
"06-MAR-2023 22:35","06-MAR-2023 22:34:04","FHL1101",0,0,249.6701,0,0,0,0,249.6701,0,0,0
"06-MAR-2023 22:35","06-MAR-2023 22:34:04","FKN0331",0,26.7869,274.8624,0,0,26.7869,0,274.8624,0,0,0
"06-MAR-2023 22:35","06-MAR-2023 22:34:04","FKN1101",0,0,273.886,0,0,0,0,273.886,0,0,0
"06-MAR-2023 22:35","06-MAR-2023 22:34:04","FKN1102",0,0,274.3254,0,0,0,0,274.3254,0,0,0
"06-MAR-2023 22:35","06-MAR-2023 22:34:04","GFD0331",0,28.4439,263.3144,0,0,28.4439,0,263.3144,0,0,0
"06-MAR-2023 22:35","06-MAR-2023 22:34:04","GFD1101",0,0,262.7574,0,0,0,0,262.7574,0,0,0
"06-MAR-2023 22:35","06-MAR-2023 22:34:04","GFD1102",0,0,262.4361,0,0,0,0,262.4361,0,0,0
"06-MAR-2023 22:35","06-MAR-2023 22:34:04","GLN0331",0,77.4,261.4188,0,0,77.4,0,261.4188,0,0,0
"06-MAR-2023 22:35","06-MAR-2023 22:34:04","GLN0332",0,45.9945,260.9652,0,0,45.9945,0,260.9652,0,0,0
"06-MAR-2023 22:35","06-MAR-2023 22:34:04","GLN0332 GLN0",48.3,0,260.9652,0,0,0,48.3,260.9652,0,0,0
"06-MAR-2023 22:35","06-MAR-2023 22:34:04","GLN2201",0,0,261.044,0,0,0,0,261.044,0,0,0
"06-MAR-2023 22:35","06-MAR-2023 22:34:04","GNY1101",0,0,270.1157,0,0,0,0,270.1157,0,0,0
"06-MAR-2023 22:35","06-MAR-2023 22:34:04","GOR0331",0,15.3213,293.5832,0,0,15.3213,0,293.5832,0,0,0
"06-MAR-2023 22:35","06-MAR-2023 22:34:04","GOR1101",0,0,292.6276,0,0,0,0,292.6276,0,0,0
"06-MAR-2023 22:35","06-MAR-2023 22:34:04","GOR1102",0,0,292.6276,0,0,0,0,292.6276,0,0,0
"06-MAR-2023 22:35","06-MAR-2023 22:34:04","GOR2201",0,0,291.171,0,0,0,0,291.171,0,0,0
"06-MAR-2023 22:35","06-MAR-2023 22:34:04","GOR2202",0,0,291.1718,0,0,0,0,291.1718,0,0,0
"06-MAR-2023 22:35","06-MAR-2023 22:34:04","GOT2201",0,0,291.1211,0,0,0,0,291.1211,0,0,0
"06-MAR-2023 22:35","06-MAR-2023 22:34:04","GOT2202",0,0,291.121,0,0,0,0,291.121,0,0,0
"06-MAR-2023 22:35","06-MAR-2023 22:34:04","GYM0661",0,4.8927,289.0275,0,0,4.8927,0,289.0275,0,0,0
"06-MAR-2023 22:35","06-MAR-2023 22:34:04","GYT0331",0,6.6571,265.009,0,0,6.6571,0,265.009,0,0,0
"06-MAR-2023 22:35","06-MAR-2023 22:34:04","GYT1101",0,0,263.5745,0,0,0,0,263.5745,0,0,0
"06-MAR-2023 22:35","06-MAR-2023 22:34:04","GYT1102",0,0,263.5738,0,0,0,0,263.5738,0,0,0
"06-MAR-2023 22:35","06-MAR-2023 22:34:04","HAM0111",0,11.9021,257.2543,0,0,11.9021,0,257.2543,0,0,0
"06-MAR-2023 22:35","06-MAR-2023 22:34:04","HAM0331",0,69.1934,257.8633,0,0,69.1934,0,257.8633,0,0,0
"06-MAR-2023 22:35","06-MAR-2023 22:34:04","HAM0551",0,0,257.4354,0,0,0,0,257.4354,0,0,0
"06-MAR-2023 22:35","06-MAR-2023 22:34:04","HAM1101",0,0,257.0355,0,0,0,0,257.0355,0,0,0
"06-MAR-2023 22:35","06-MAR-2023 22:34:04","HAM2201",0,0,257.2612,0,0,0,0,257.2612,0,0,0
"06-MAR-2023 22:35","06-MAR-2023 22:34:04","HAY0111",0,6.9597,262.5102,0,0,6.9597,0,262.5102,0,0,0
"06-MAR-2023 22:35","06-MAR-2023 22:34:04","HAY0331",0,5.7493,262.362,0,0,5.7493,0,262.362,0,0,0
"06-MAR-2023 22:35","06-MAR-2023 22:34:04","HAY1101",0,0,262.2338,0,0,0,0,262.2338,0,0,0
"06-MAR-2023 22:35","06-MAR-2023 22:34:04","HAY2201",0,0,262.0207,0,0,0,0,262.0207,0,0,0
"06-MAR-2023 22:35","06-MAR-2023 22:34:04","HAY3502",0,0,262.0207,0,0,0,0,262.0207,0,0,0
"06-MAR-2023 22:35","06-MAR-2023 22:34:04","HAY3503",0,0,262.0207,0,0,0,0,262.0207,0,0,0
"06-MAR-2023 22:35","06-MAR-2023 22:34:04","HEN0331",0,57.4931,262.5217,0,0,57.4931,0,262.5217,0,0,0
"06-MAR-2023 22:35","06-MAR-2023 22:34:04","HEN1101",0,0,261.5161,0,0,0,0,261.5161,0,0,0
"06-MAR-2023 22:35","06-MAR-2023 22:34:04","HEN2201",0,0,261.6915,0,0,0,0,261.6915,0,0,0
"06-MAR-2023 22:35","06-MAR-2023 22:34:04","HEP0331",0,61.4268,263.3861,0,0,61.4268,0,263.3861,0,0,0
"06-MAR-2023 22:35","06-MAR-2023 22:34:04","HEP1101",0,0,262.6697,0,0,0,0,262.6697,0,0,0
"06-MAR-2023 22:35","06-MAR-2023 22:34:04","HIN0331",0,16.0375,260.6609,0,0,16.0375,0,260.6609,0,0,0
"06-MAR-2023 22:35","06-MAR-2023 22:34:04","HIN1101",0,0,260.332,0,0,0,0,260.332,0,0,0
"06-MAR-2023 22:35","06-MAR-2023 22:34:04","HKK0661",0,8.2187,292.2318,0,0,8.2187,0,292.2318,0,0,0
"06-MAR-2023 22:35","06-MAR-2023 22:34:04","HLY0331",0,12.0029,257.0877,0,0,12.0029,0,257.0877,0,0,0
"06-MAR-2023 22:35","06-MAR-2023 22:34:04","HLY0331 BSG0",0,0,256.9745,0,0,0,0,256.9745,0,0,0
"06-MAR-2023 22:35","06-MAR-2023 22:34:04","HLY0331 BSL0",0,0,257.0877,0,0,0,0,257.0877,0,0,0
"06-MAR-2023 22:35","06-MAR-2023 22:34:04","HLY2201",0,1.5795,256.9745,0,0,1.5795,0,256.9745,0,0,0
"06-MAR-2023 22:35","06-MAR-2023 22:34:04","HLY2201 HLY1",136.504,0,256.9745,0,0,0,136.504,256.9745,0,0,0
"06-MAR-2023 22:35","06-MAR-2023 22:34:04","HLY2201 HLY2",0,0,256.9745,0,0,0,0,256.9745,0,0,0
"06-MAR-2023 22:35","06-MAR-2023 22:34:04","HLY2201 HLY4",0,0,256.9745,0,0,0,0,256.9745,0,0,0
"06-MAR-2023 22:35","06-MAR-2023 22:34:04","HLY2201 HLY5",331,0,256.9745,0,0,0,331,256.9745,0,0,0
"06-MAR-2023 22:35","06-MAR-2023 22:34:04","HOB1101",0,27.3344,261.6681,0,0,27.3344,0,261.6681,0,0,0
"06-MAR-2023 22:35","06-MAR-2023 22:34:04","HOB2201",0,0,261.7261,0,0,0,0,261.7261,0,0,0
"06-MAR-2023 22:35","06-MAR-2023 22:34:04","HOR0331",0,4.0586,270.8699,0,0,4.0586,0,270.8699,0,0,0
"06-MAR-2023 22:35","06-MAR-2023 22:34:04","HOR0661",0,1.522,270.5748,0,0,1.522,0,270.5748,0,0,0
"06-MAR-2023 22:35","06-MAR-2023 22:34:04","HPI2201",0,0,262.1213,0,0,0,0,262.1213,0,0,0
"06-MAR-2023 22:35","06-MAR-2023 22:34:04","HPI2202",0,0,262.1213,0,0,0,0,262.1213,0,0,0
"06-MAR-2023 22:35","06-MAR-2023 22:34:04","HTI0331",0,12.8099,262.4549,0,0,12.8099,0,262.4549,0,0,0
"06-MAR-2023 22:35","06-MAR-2023 22:34:04","HTI1101",0,11.196,261.5194,0,0,11.196,0,261.5194,0,0,0
"06-MAR-2023 22:35","06-MAR-2023 22:34:04","HUI0331",0,11.4986,256.0857,0,0,11.4986,0,256.0857,0,0,0
"06-MAR-2023 22:35","06-MAR-2023 22:34:04","HUI1101",0,0,255.9823,0,0,0,0,255.9823,0,0,0
"06-MAR-2023 22:35","06-MAR-2023 22:34:04","HWA0331",0,16.5419,258.4482,0,0,16.5419,0,258.4482,0,0,0
"06-MAR-2023 22:35","06-MAR-2023 22:34:04","HWA0332",0,10.2116,258.5741,0,0,10.2116,0,258.5741,0,0,0
"06-MAR-2023 22:35","06-MAR-2023 22:34:04","HWA1101",0,0,257.8465,0,0,0,0,257.8465,0,0,0
"06-MAR-2023 22:35","06-MAR-2023 22:34:04","HWA1101 PTA1",9,0,257.8465,0,0,0,9,257.8465,0,0,0
"06-MAR-2023 22:35","06-MAR-2023 22:34:04","HWA1101 PTA2",9,0,257.8465,0,0,0,9,257.8465,0,0,0
"06-MAR-2023 22:35","06-MAR-2023 22:34:04","HWA1101 PTA3",0,0,257.8465,0,0,0,0,257.8465,0,0,0
"06-MAR-2023 22:35","06-MAR-2023 22:34:04","HWA1102",0,0,257.8465,0,0,0,0,257.8465,0,0,0
"06-MAR-2023 22:35","06-MAR-2023 22:34:04","HWA1102 WAA0",12.99,0,257.8465,0,0,0,12.99,257.8465,0,0,0
"06-MAR-2023 22:35","06-MAR-2023 22:34:04","HWB0331",0,51.2503,277.6956,0,0,51.2503,0,277.6956,0,0,0
"06-MAR-2023 22:35","06-MAR-2023 22:34:04","HWB0331 MAH0",0,0,277.6956,0,0,0,0,277.6956,0,0,0
"06-MAR-2023 22:35","06-MAR-2023 22:34:04","HWB0331 WPI0",0,0,277.6956,0,0,0,0,277.6956,0,0,0
"06-MAR-2023 22:35","06-MAR-2023 22:34:04","HWB1101",0,0,275.2333,0,0,0,0,275.2333,0,0,0
"06-MAR-2023 22:35","06-MAR-2023 22:34:04","HWB2201",0,0,277.1479,0,0,0,0,277.1479,0,0,0
"06-MAR-2023 22:35","06-MAR-2023 22:34:04","IGH1101",0,0,281.9802,0,0,0,0,281.9802,0,0,0
"06-MAR-2023 22:35","06-MAR-2023 22:34:04","INV0331",0,53.3709,295.9654,0,0,53.3709,0,295.9654,0,0,0
"06-MAR-2023 22:35","06-MAR-2023 22:34:04","INV1101",0,0,297.4647,0,0,0,0,297.4647,0,0,0
"06-MAR-2023 22:35","06-MAR-2023 22:34:04","INV2201",0,0,295.4472,0,0,0,0,295.4472,0,0,0
"06-MAR-2023 22:35","06-MAR-2023 22:34:04","INV2202",0,0,295.4472,0,0,0,0,295.4472,0,0,0
"06-MAR-2023 22:35","06-MAR-2023 22:34:04","ISL0331",0,41.7024,275.9242,0,0,41.7024,0,275.9242,0,0,0
"06-MAR-2023 22:35","06-MAR-2023 22:34:04","ISL0661",0,237.937,275.9921,0,0,237.937,0,275.9921,0,0,0
"06-MAR-2023 22:35","06-MAR-2023 22:34:04","ISL2201",0,0,275.3176,0,0,0,0,275.3176,0,0,0
"06-MAR-2023 22:35","06-MAR-2023 22:34:04","JRD1101",0,0.2925,254.8294,0,0,0.2925,0,254.8294,0,0,0
"06-MAR-2023 22:35","06-MAR-2023 22:34:04","JRD1101 JRD0",49.2,0,254.8294,0,0,0,49.2,254.8294,0,0,0
"06-MAR-2023 22:35","06-MAR-2023 22:34:04","KAI0111",0,12.6832,281.6839,0,0,12.6832,0,281.6839,0,0,0
"06-MAR-2023 22:35","06-MAR-2023 22:34:04","KAI0661",0,0,280.8388,0,0,0,0,280.8388,0,0,0
"06-MAR-2023 22:35","06-MAR-2023 22:34:04","KAW0111",0,16.122,244.3627,0,0,16.122,0,244.3627,0,0,0
"06-MAR-2023 22:35","06-MAR-2023 22:34:04","KAW0111 TAM0",23,0,244.3627,0,0,0,23,244.3627,0,0,0
"06-MAR-2023 22:35","06-MAR-2023 22:34:04","KAW0112",0,18.1,244.7541,0,0,18.1,0,244.7541,0,0,0
"06-MAR-2023 22:35","06-MAR-2023 22:34:04","KAW0112 ONU0",15,0,244.7541,0,0,0,15,244.7541,0,0,0
"06-MAR-2023 22:35","06-MAR-2023 22:34:04","KAW0113",0,0.1,245.921,0,0,0.1,0,245.921,0,0,0
"06-MAR-2023 22:35","06-MAR-2023 22:34:04","KAW1101",0,0,244.6067,0,0,0,0,244.6067,0,0,0
"06-MAR-2023 22:35","06-MAR-2023 22:34:04","KAW1101 KAG0",106,0,244.6067,0,0,0,106,244.6067,0,0,0
"06-MAR-2023 22:35","06-MAR-2023 22:34:04","KAW2201",0,0,245.7935,0,0,0,0,245.7935,0,0,0
"06-MAR-2023 22:35","06-MAR-2023 22:34:04","KBT0661",0,0,272.2846,0,0,0,0,272.2846,0,0,0
"06-MAR-2023 22:35","06-MAR-2023 22:34:04","KBT0662",0,0,272.2842,0,0,0,0,272.2842,0,0,0
"06-MAR-2023 22:35","06-MAR-2023 22:34:04","KBY0661",0,6.0879,272.3758,0,0,6.0879,0,272.3758,0,0,0
"06-MAR-2023 22:35","06-MAR-2023 22:34:04","KBY0662",0,6.2909,272.3758,0,0,6.2909,0,272.3758,0,0,0
"06-MAR-2023 22:35","06-MAR-2023 22:34:04","KIK0111",0,1.6235,278.2394,0,0,1.6235,0,278.2394,0,0,0
"06-MAR-2023 22:35","06-MAR-2023 22:34:04","KIK1101",0,0,278.2479,0,0,0,0,278.2479,0,0,0
"06-MAR-2023 22:35","06-MAR-2023 22:34:04","KIK2201",0,0,278.5884,0,0,0,0,278.5884,0,0,0
"06-MAR-2023 22:35","06-MAR-2023 22:34:04","KIN0111",0,18.1,247.7523,0,0,18.1,0,247.7523,0,0,0
"06-MAR-2023 22:35","06-MAR-2023 22:34:04","KIN0112",0,16,246.495,0,0,16,0,246.495,0,0,0
"06-MAR-2023 22:35","06-MAR-2023 22:34:04","KIN0112 KIN0",25.6,0,246.495,0,0,0,25.6,246.495,0,0,0
"06-MAR-2023 22:35","06-MAR-2023 22:34:04","KIN0113",0,30.3,247.6836,0,0,30.3,0,247.6836,0,0,0
"06-MAR-2023 22:35","06-MAR-2023 22:34:04","KIN0331",0,7.0606,247.1178,0,0,7.0606,0,247.1178,0,0,0
"06-MAR-2023 22:35","06-MAR-2023 22:34:04","KIN1005",0,0,246.495,0,0,0,0,246.495,0,0,0
"06-MAR-2023 22:35","06-MAR-2023 22:34:04","KIN1009",0,0,246.8222,0,0,0,0,246.8222,0,0,0
"06-MAR-2023 22:35","06-MAR-2023 22:34:04","KIN1101",0,0,246.7155,0,0,0,0,246.7155,0,0,0
"06-MAR-2023 22:35","06-MAR-2023 22:34:04","KIN1102",0,0,246.7155,0,0,0,0,246.7155,0,0,0
"06-MAR-2023 22:35","06-MAR-2023 22:34:04","KMO0331",0,14.928,250.8212,0,0,14.928,0,250.8212,0,0,0
"06-MAR-2023 22:35","06-MAR-2023 22:34:04","KMO1101",0,0,250.2689,0,0,0,0,250.2689,0,0,0
"06-MAR-2023 22:35","06-MAR-2023 22:34:04","KMO1102",0,0,250.2689,0,0,0,0,250.2689,0,0,0
"06-MAR-2023 22:35","06-MAR-2023 22:34:04","KMO1103",0,0,250.2689,0,0,0,0,250.2689,0,0,0
"06-MAR-2023 22:35","06-MAR-2023 22:34:04","KMO2201",0,0,249.4492,0,0,0,0,249.4492,0,0,0
"06-MAR-2023 22:35","06-MAR-2023 22:34:04","KOE1101",0,16.2695,265.2475,0,0,16.2695,0,265.2475,0,0,0
"06-MAR-2023 22:35","06-MAR-2023 22:34:04","KOE1101 NGB0",30,0,265.2475,0,0,0,30,265.2475,0,0,0
"06-MAR-2023 22:35","06-MAR-2023 22:34:04","KPA1101",0,0,256.1013,0,0,0,0,256.1013,0,0,0
"06-MAR-2023 22:35","06-MAR-2023 22:34:04","KPA1101 KPI1",6,0,256.1013,0,0,0,6,256.1013,0,0,0
"06-MAR-2023 22:35","06-MAR-2023 22:34:04","KPO1101",0,0,257.33,0,0,0,0,257.33,0,0,0
"06-MAR-2023 22:35","06-MAR-2023 22:34:04","KPO1101 KPO0",44,0,257.33,0,0,0,44,257.33,0,0,0
"06-MAR-2023 22:35","06-MAR-2023 22:34:04","KPU0661",0,20.3747,267.834,0,0,20.3747,0,267.834,0,0,0
"06-MAR-2023 22:35","06-MAR-2023 22:34:04","KPU1101",0,0,266.7522,0,0,0,0,266.7522,0,0,0
"06-MAR-2023 22:35","06-MAR-2023 22:34:04","KPU1102",0,0,266.7531,0,0,0,0,266.7531,0,0,0
"06-MAR-2023 22:35","06-MAR-2023 22:34:04","KUM0661",0,0.7103,289.3227,0,0,0.7103,0,289.3227,0,0,0
"06-MAR-2023 22:35","06-MAR-2023 22:34:04","KUM0661 KUM0",1,0,289.3227,0,0,0,1,289.3227,0,0,0
"06-MAR-2023 22:35","06-MAR-2023 22:34:04","KWA0111",0,12.0029,263.5811,0,0,12.0029,0,263.5811,0,0,0
"06-MAR-2023 22:35","06-MAR-2023 22:34:04","KWA1101",0,0,263.1089,0,0,0,0,263.1089,0,0,0
"06-MAR-2023 22:35","06-MAR-2023 22:34:04","KWA1102",0,0,263.109,0,0,0,0,263.109,0,0,0
"06-MAR-2023 22:35","06-MAR-2023 22:34:04","LFD1101",0,3.6311,247.389,0,0,3.6311,0,247.389,0,0,0
"06-MAR-2023 22:35","06-MAR-2023 22:34:04","LFD1102",0,3.4294,247.389,0,0,3.4294,0,247.389,0,0,0
"06-MAR-2023 22:35","06-MAR-2023 22:34:04","LIV2201",0,0,263.6246,0,0,0,0,263.6246,0,0,0
"06-MAR-2023 22:35","06-MAR-2023 22:34:04","LTN0331",0,24.5001,260.7191,0,0,24.5001,0,260.7191,0,0,0
"06-MAR-2023 22:35","06-MAR-2023 22:34:04","LTN0331 TWF0",4.49,0,260.7191,0,0,0,4.49,260.7191,0,0,0
"06-MAR-2023 22:35","06-MAR-2023 22:34:04","LTN2201",0,0,260.5178,0,0,0,0,260.5178,0,0,0
"06-MAR-2023 22:35","06-MAR-2023 22:34:04","LTN2201 TUR0",0,0,260.5178,0,0,0,0,260.5178,0,0,0
"06-MAR-2023 22:35","06-MAR-2023 22:34:04","LTN2202",0,0,260.5335,0,0,0,0,260.5335,0,0,0
"06-MAR-2023 22:35","06-MAR-2023 22:34:04","MAN2201",0,0,293.9707,0,0,0,0,293.9707,0,0,0
"06-MAR-2023 22:35","06-MAR-2023 22:34:04","MAN2201 MAN0",110,0,293.9707,0,0,0,110,293.9707,0,0,0
"06-MAR-2023 22:35","06-MAR-2023 22:34:04","MAT1101",0,11.7901,244.1605,0,0,11.7901,0,244.1605,0,0,0
"06-MAR-2023 22:35","06-MAR-2023 22:34:04","MAT1101 ANI0",0,0,244.1605,0,0,0,0,244.1605,0,0,0
"06-MAR-2023 22:35","06-MAR-2023 22:34:04","MAT1101 MAT0",30.4333,0,244.1605,0,0,0,30.4333,244.1605,0,0,0
"06-MAR-2023 22:35","06-MAR-2023 22:34:04","MCH0111",0,0.8117,280.5366,0,0,0.8117,0,280.5366,0,0,0
"06-MAR-2023 22:35","06-MAR-2023 22:34:04","MCH1101",0,0,280.4494,0,0,0,0,280.4494,0,0,0
"06-MAR-2023 22:35","06-MAR-2023 22:34:04","MDN1101",0,0,265.4308,0,0,0,0,265.4308,0,0,0
"06-MAR-2023 22:35","06-MAR-2023 22:34:04","MDN2201",0,0,264.5056,0,0,0,0,264.5056,0,0,0
"06-MAR-2023 22:35","06-MAR-2023 22:34:04","MGM0331",0,7.5215,263.4287,0,0,7.5215,0,263.4287,0,0,0
"06-MAR-2023 22:35","06-MAR-2023 22:34:04","MGM1101",0,0,263.1794,0,0,0,0,263.1794,0,0,0
"06-MAR-2023 22:35","06-MAR-2023 22:34:04","MHO0331",0,17.5667,258.3436,0,0,17.5667,0,258.3436,0,0,0
"06-MAR-2023 22:35","06-MAR-2023 22:34:04","MHO0331 MHO0",26,0,258.3436,0,0,0,26,258.3436,0,0,0
"06-MAR-2023 22:35","06-MAR-2023 22:34:04","MHO1101",0,0,258.4833,0,0,0,0,258.4833,0,0,0
"06-MAR-2023 22:35","06-MAR-2023 22:34:04","MHO1102",0,0,258.4831,0,0,0,0,258.4831,0,0,0
"06-MAR-2023 22:35","06-MAR-2023 22:34:04","MHT1102",0,0,263.1691,0,0,0,0,263.1691,0,0,0
"06-MAR-2023 22:35","06-MAR-2023 22:34:04","MHT1103",0,0,263.1666,0,0,0,0,263.1666,0,0,0
"06-MAR-2023 22:35","06-MAR-2023 22:34:04","MKE1101",0,0,252.2388,0,0,0,0,252.2388,0,0,0
"06-MAR-2023 22:35","06-MAR-2023 22:34:04","MKE1101 MKE1",45.9,0,252.2388,0,0,0,45.9,252.2388,0,0,0
"06-MAR-2023 22:35","06-MAR-2023 22:34:04","MKT1101",0,0,253.8796,0,0,0,0,253.8796,0,0,0
"06-MAR-2023 22:35","06-MAR-2023 22:34:04","MLG0111",0,9.7839,263.3929,0,0,9.7839,0,263.3929,0,0,0
"06-MAR-2023 22:35","06-MAR-2023 22:34:04","MLG0331",0,12.3055,262.8655,0,0,12.3055,0,262.8655,0,0,0
"06-MAR-2023 22:35","06-MAR-2023 22:34:04","MLG1101",0,0,262.5928,0,0,0,0,262.5928,0,0,0
"06-MAR-2023 22:35","06-MAR-2023 22:34:04","MLG1102",0,0,262.5805,0,0,0,0,262.5805,0,0,0
"06-MAR-2023 22:35","06-MAR-2023 22:34:04","MNG0331",0,68.0839,262.9253,0,0,68.0839,0,262.9253,0,0,0
"06-MAR-2023 22:35","06-MAR-2023 22:34:04","MNG1101",0,6,262.356,0,0,6,0,262.356,0,0,0
"06-MAR-2023 22:35","06-MAR-2023 22:34:04","MNI0111",0,9.5822,255.4906,0,0,9.5822,0,255.4906,0,0,0
"06-MAR-2023 22:35","06-MAR-2023 22:34:04","MNI1101",0,0,254.7644,0,0,0,0,254.7644,0,0,0
"06-MAR-2023 22:35","06-MAR-2023 22:34:04","MPE1101",0,66.7727,267.1118,0,0,66.7727,0,267.1118,0,0,0
"06-MAR-2023 22:35","06-MAR-2023 22:34:04","MST0331",0,20.3747,264.8022,0,0,20.3747,0,264.8022,0,0,0
"06-MAR-2023 22:35","06-MAR-2023 22:34:04","MST1101",0,0,264.6543,0,0,0,0,264.6543,0,0,0
"06-MAR-2023 22:35","06-MAR-2023 22:34:04","MTI2201",0,0,249.9734,0,0,0,0,249.9734,0,0,0
"06-MAR-2023 22:35","06-MAR-2023 22:34:04","MTI2201 MTI0",135,0,249.9734,0,0,0,135,249.9734,0,0,0
"06-MAR-2023 22:35","06-MAR-2023 22:34:04","MTM0331",0,28.9483,252.1935,0,0,28.9483,0,252.1935,0,0,0
"06-MAR-2023 22:35","06-MAR-2023 22:34:04","MTM1101",0,0,251.6608,0,0,0,0,251.6608,0,0,0
"06-MAR-2023 22:35","06-MAR-2023 22:34:04","MTN0331",0,10.2882,261.329,0,0,10.2882,0,261.329,0,0,0
"06-MAR-2023 22:35","06-MAR-2023 22:34:04","MTN1101",0,0,260.827,0,0,0,0,260.827,0,0,0
"06-MAR-2023 22:35","06-MAR-2023 22:34:04","MTN1102",0,0,260.8067,0,0,0,0,260.8067,0,0,0
"06-MAR-2023 22:35","06-MAR-2023 22:34:04","MTO0331",0,9.683,268.9361,0,0,9.683,0,268.9361,0,0,0
"06-MAR-2023 22:35","06-MAR-2023 22:34:04","MTO1101",0,0,267.8747,0,0,0,0,267.8747,0,0,0
"06-MAR-2023 22:35","06-MAR-2023 22:34:04","MTO1102",0,0,267.8709,0,0,0,0,267.8709,0,0,0
"06-MAR-2023 22:35","06-MAR-2023 22:34:04","MTR0331",0,3.4294,260.8587,0,0,3.4294,0,260.8587,0,0,0
"06-MAR-2023 22:35","06-MAR-2023 22:34:04","MTR1101",0,0,260.7569,0,0,0,0,260.7569,0,0,0
"06-MAR-2023 22:35","06-MAR-2023 22:34:04","MVE1101",0,0,261.6152,0,0,0,0,261.6152,0,0,0
"06-MAR-2023 22:35","06-MAR-2023 22:34:04","MVE1102",0,0,261.6188,0,0,0,0,261.6188,0,0,0
"06-MAR-2023 22:35","06-MAR-2023 22:34:04","NAP2201",0,0,247.0816,0,0,0,0,247.0816,0,0,0
"06-MAR-2023 22:35","06-MAR-2023 22:34:04","NAP2201 NAP0",138,0,247.0816,0,0,0,138,247.0816,0,0,0
"06-MAR-2023 22:35","06-MAR-2023 22:34:04","NAP2202",0,0,247.0816,0,0,0,0,247.0816,0,0,0
"06-MAR-2023 22:35","06-MAR-2023 22:34:04","NAP2202 NTM0",85,0,247.0816,0,0,0,85,247.0816,0,0,0
"06-MAR-2023 22:35","06-MAR-2023 22:34:04","NGA1101",0,0,265.2475,0,0,0,0,265.2475,0,0,0
"06-MAR-2023 22:35","06-MAR-2023 22:34:04","NMA0331",0,25.8027,295.7607,0,0,25.8027,0,295.7607,0,0,0
"06-MAR-2023 22:35","06-MAR-2023 22:34:04","NMA0331 WHL0",7.63,0,295.7607,0,0,0,7.63,295.7607,0,0,0
"06-MAR-2023 22:35","06-MAR-2023 22:34:04","NMA2201",0,0,295.5154,0,0,0,0,295.5154,0,0,0
"06-MAR-2023 22:35","06-MAR-2023 22:34:04","NPK0331",0,0.8069,262.5768,0,0,0.8069,0,262.5768,0,0,0
"06-MAR-2023 22:35","06-MAR-2023 22:34:04","NPK1101",0,0,262.4474,0,0,0,0,262.4474,0,0,0
"06-MAR-2023 22:35","06-MAR-2023 22:34:04","NSY0331",0,22.9312,267.0029,0,0,22.9312,0,267.0029,0,0,0
"06-MAR-2023 22:35","06-MAR-2023 22:34:04","NSY0331 PAE0",2.5,0,267.0029,0,0,0,2.5,267.0029,0,0,0
"06-MAR-2023 22:35","06-MAR-2023 22:34:04","NSY2201",0,0,266.3232,0,0,0,0,266.3232,0,0,0
"06-MAR-2023 22:35","06-MAR-2023 22:34:04","OAM0331",0,19.0755,272.8372,0,0,19.0755,0,272.8372,0,0,0
"06-MAR-2023 22:35","06-MAR-2023 22:34:04","OAM1101",0,0,271.7237,0,0,0,0,271.7237,0,0,0
"06-MAR-2023 22:35","06-MAR-2023 22:34:04","OAM1102",0,0,272.9561,0,0,0,0,272.9561,0,0,0
"06-MAR-2023 22:35","06-MAR-2023 22:34:04","OHA2201",0,0,260.2538,0,0,0,0,260.2538,0,0,0
"06-MAR-2023 22:35","06-MAR-2023 22:34:04","OHA2201 OHA0",184.174,0,260.2538,0,0,0,184.174,260.2538,0,0,0
"06-MAR-2023 22:35","06-MAR-2023 22:34:04","OHB2201",0,0,260.5039,0,0,0,0,260.5039,0,0,0
"06-MAR-2023 22:35","06-MAR-2023 22:34:04","OHB2201 OHB0",159.411,0,260.5039,0,0,0,159.411,260.5039,0,0,0
"06-MAR-2023 22:35","06-MAR-2023 22:34:04","OHC2201",0,0,260.0005,0,0,0,0,260.0005,0,0,0
"06-MAR-2023 22:35","06-MAR-2023 22:34:04","OHC2201 OHC0",155.7455,0,260.0005,0,0,0,155.7455,260.0005,0,0,0
"06-MAR-2023 22:35","06-MAR-2023 22:34:04","OHK2201",0,0,247.3856,0,0,0,0,247.3856,0,0,0
"06-MAR-2023 22:35","06-MAR-2023 22:34:04","OHK2201 OHK0",69,0,247.3856,0,0,0,69,247.3856,0,0,0
"06-MAR-2023 22:35","06-MAR-2023 22:34:04","OHW2201",0,0,256.9943,0,0,0,0,256.9943,0,0,0
"06-MAR-2023 22:35","06-MAR-2023 22:34:04","OHW2202",0,0,256.9943,0,0,0,0,256.9943,0,0,0
"06-MAR-2023 22:35","06-MAR-2023 22:34:04","OKE1101",0,0,249.9451,0,0,0,0,249.9451,0,0,0
"06-MAR-2023 22:35","06-MAR-2023 22:34:04","OKI2201",0,0.2391,247.47,0,0,0.2391,0,247.47,0,0,0
"06-MAR-2023 22:35","06-MAR-2023 22:34:04","OKI2201 OKI0",32,0,247.47,0,0,0,32,247.47,0,0,0
"06-MAR-2023 22:35","06-MAR-2023 22:34:04","OKN0111",0,2.3199,261.6357,0,0,2.3199,0,261.6357,0,0,0
"06-MAR-2023 22:35","06-MAR-2023 22:34:04","OKN1101",0,0,261.5068,0,0,0,0,261.5068,0,0,0
"06-MAR-2023 22:35","06-MAR-2023 22:34:04","ONG0331",0,4.5389,263.686,0,0,4.5389,0,263.686,0,0,0
"06-MAR-2023 22:35","06-MAR-2023 22:34:04","ONG1101",0,0,263.022,0,0,0,0,263.022,0,0,0
"06-MAR-2023 22:35","06-MAR-2023 22:34:04","OPI2201",0,0,265.9927,0,0,0,0,265.9927,0,0,0
"06-MAR-2023 22:35","06-MAR-2023 22:34:04","OPI2202",0,0,266.0081,0,0,0,0,266.0081,0,0,0
"06-MAR-2023 22:35","06-MAR-2023 22:34:04","OPK0331",0,4.5077,257.6481,0,0,4.5077,0,257.6481,0,0,0
"06-MAR-2023 22:35","06-MAR-2023 22:34:04","OPK1101",0,0,257.8877,0,0,0,0,257.8877,0,0,0
"06-MAR-2023 22:35","06-MAR-2023 22:34:04","OPK1102",0,0,256.8889,0,0,0,0,256.8889,0,0,0
"06-MAR-2023 22:35","06-MAR-2023 22:34:04","ORO1101",0,0,280.9269,0,0,0,0,283.0374,0,0,-2.1105
"06-MAR-2023 22:35","06-MAR-2023 22:34:04","ORO1102",0,4.1601,283.4307,0,0,4.1601,0,283.4307,0,0,0
"06-MAR-2023 22:35","06-MAR-2023 22:34:04","OTA0221",0,32.5794,261.7901,0,0,32.5794,0,261.7901,0,0,0
"06-MAR-2023 22:35","06-MAR-2023 22:34:04","OTA1103",0,0,261.9702,0,0,0,0,261.9702,0,0,0
"06-MAR-2023 22:35","06-MAR-2023 22:34:04","OTA1104",0,0,261.9702,0,0,0,0,261.9702,0,0,0
"06-MAR-2023 22:35","06-MAR-2023 22:34:04","OTA1105",0,0,261.9702,0,0,0,0,261.9702,0,0,0
"06-MAR-2023 22:35","06-MAR-2023 22:34:04","OTA1106",0,0,261.9702,0,0,0,0,261.9702,0,0,0
"06-MAR-2023 22:35","06-MAR-2023 22:34:04","OTA1107",0,0,261.9702,0,0,0,0,261.9702,0,0,0
"06-MAR-2023 22:35","06-MAR-2023 22:34:04","OTA1108",0,0,261.9702,0,0,0,0,261.9702,0,0,0
"06-MAR-2023 22:35","06-MAR-2023 22:34:04","OTA1109",0,0,261.9702,0,0,0,0,261.9702,0,0,0
"06-MAR-2023 22:35","06-MAR-2023 22:34:04","OTA110A",0,0,261.9702,0,0,0,0,261.9702,0,0,0
"06-MAR-2023 22:35","06-MAR-2023 22:34:04","OTA2201",0,0,261.0896,0,0,0,0,261.0896,0,0,0
"06-MAR-2023 22:35","06-MAR-2023 22:34:04","OTA2202",0,0,261.0808,0,0,0,0,261.0808,0,0,0
"06-MAR-2023 22:35","06-MAR-2023 22:34:04","OTA2203",0,0,261.0837,0,0,0,0,261.0837,0,0,0
"06-MAR-2023 22:35","06-MAR-2023 22:34:04","OTI0111",0,0.7103,276.4934,0,0,0.7103,0,276.4934,0,0,0
"06-MAR-2023 22:35","06-MAR-2023 22:34:04","OTI0661",0,0,275.6681,0,0,0,0,275.6681,0,0,0
"06-MAR-2023 22:35","06-MAR-2023 22:34:04","OWH0111",0,5.0433,250.4101,0,0,5.0433,0,250.4101,0,0,0
"06-MAR-2023 22:35","06-MAR-2023 22:34:04","OWH1101",0,0,250.2575,0,0,0,0,250.2575,0,0,0
"06-MAR-2023 22:35","06-MAR-2023 22:34:04","PAK0331",0,70.3029,261.4424,0,0,70.3029,0,261.4424,0,0,0
"06-MAR-2023 22:35","06-MAR-2023 22:34:04","PAK2201",0,0,260.9378,0,0,0,0,260.9378,0,0,0
"06-MAR-2023 22:35","06-MAR-2023 22:34:04","PAO1101",0,23.8042,261.696,0,0,23.8042,0,261.696,0,0,0
"06-MAR-2023 22:35","06-MAR-2023 22:34:04","PEN0221",0,18.4583,262.9738,0,0,18.4583,0,262.9738,0,0,0
"06-MAR-2023 22:35","06-MAR-2023 22:34:04","PEN0222",0,0,262.9738,0,0,0,0,262.9738,0,0,0
"06-MAR-2023 22:35","06-MAR-2023 22:34:04","PEN0251",0,0,261.6964,0,0,0,0,261.6964,0,0,0
"06-MAR-2023 22:35","06-MAR-2023 22:34:04","PEN0331",0,132.6375,262.448,0,0,132.6375,0,262.448,0,0,0
"06-MAR-2023 22:35","06-MAR-2023 22:34:04","PEN0331 VLD1",0,0,262.448,0,0,0,0,262.448,0,0,0
"06-MAR-2023 22:35","06-MAR-2023 22:34:04","PEN1101",0,60.3173,261.6665,0,0,60.3173,0,261.6665,0,0,0
"06-MAR-2023 22:35","06-MAR-2023 22:34:04","PEN2201",0,0,261.5284,0,0,0,0,261.5284,0,0,0
"06-MAR-2023 22:35","06-MAR-2023 22:34:04","PIE1101",0,0,250.4848,0,0,0,0,250.4848,0,0,0
"06-MAR-2023 22:35","06-MAR-2023 22:34:04","PNI0331",0,6.758,263.0267,0,0,6.758,0,263.0267,0,0,0
"06-MAR-2023 22:35","06-MAR-2023 22:34:04","PNI1101",0,0,262.7864,0,0,0,0,262.7864,0,0,0
"06-MAR-2023 22:35","06-MAR-2023 22:34:04","PNI1102",0,0,262.7887,0,0,0,0,262.7887,0,0,0
"06-MAR-2023 22:35","06-MAR-2023 22:34:04","PPI2201",0,0,248.2012,0,0,0,0,248.2012,0,0,0
"06-MAR-2023 22:35","06-MAR-2023 22:34:04","PPI2201 PPI0",34,0,248.2012,0,0,0,34,248.2012,0,0,0
"06-MAR-2023 22:35","06-MAR-2023 22:34:04","PRM0331",0,24.0059,261.7318,0,0,24.0059,0,261.7318,0,0,0
"06-MAR-2023 22:35","06-MAR-2023 22:34:04","PRM2201",0,0,261.6249,0,0,0,0,261.6249,0,0,0
"06-MAR-2023 22:35","06-MAR-2023 22:34:04","PRM2202",0,0,261.6257,0,0,0,0,261.6257,0,0,0
"06-MAR-2023 22:35","06-MAR-2023 22:34:04","PRT2201",0,0,261.6135,0,0,0,0,261.6135,0,0,0
"06-MAR-2023 22:35","06-MAR-2023 22:34:04","PRT2202",0,0,261.6149,0,0,0,0,261.6149,0,0,0
"06-MAR-2023 22:35","06-MAR-2023 22:34:04","RDF0331",0,0,249.6131,0,0,0,0,249.6131,0,0,0
"06-MAR-2023 22:35","06-MAR-2023 22:34:04","RDF1101",0,0,249.475,0,0,0,0,249.475,0,0,0
"06-MAR-2023 22:35","06-MAR-2023 22:34:04","RDF1102",0,0,249.475,0,0,0,0,249.475,0,0,0
"06-MAR-2023 22:35","06-MAR-2023 22:34:04","RDF2201",0,0,249.5932,0,0,0,0,249.5932,0,0,0
"06-MAR-2023 22:35","06-MAR-2023 22:34:04","RFC1101",0,0,283.3822,0,0,0,0,283.3822,0,0,0
"06-MAR-2023 22:35","06-MAR-2023 22:34:04","RFN1101",0,3.044,283.5034,0,0,3.044,0,283.5034,0,0,0
"06-MAR-2023 22:35","06-MAR-2023 22:34:04","RFN1102",0,0,283.3351,0,0,0,0,283.3822,0,0,-0.0471000000000004
"06-MAR-2023 22:35","06-MAR-2023 22:34:04","ROS0221",0,44.5823,263.4928,0,0,44.5823,0,263.4928,0,0,0
"06-MAR-2023 22:35","06-MAR-2023 22:34:04","ROS1101",0,23.8042,262.849,0,0,23.8042,0,262.849,0,0,0
"06-MAR-2023 22:35","06-MAR-2023 22:34:04","ROT0111",0,10.0865,249.8285,0,0,10.0865,0,249.8285,0,0,0
"06-MAR-2023 22:35","06-MAR-2023 22:34:04","ROT0331",0,21.686,250.0229,0,0,21.686,0,250.0229,0,0,0
"06-MAR-2023 22:35","06-MAR-2023 22:34:04","ROT1101",0,0,248.5946,0,0,0,0,248.5946,0,0,0
"06-MAR-2023 22:35","06-MAR-2023 22:34:04","ROT1101 WHE0",21.5,0,248.5946,0,0,0,21.5,248.5946,0,0,0
"06-MAR-2023 22:35","06-MAR-2023 22:34:04","ROT1102",0,0,250.327,0,0,0,0,250.327,0,0,0
"06-MAR-2023 22:35","06-MAR-2023 22:34:04","ROX1101",0,0,269.5626,0,0,0,0,269.5626,0,0,0
"06-MAR-2023 22:35","06-MAR-2023 22:34:04","ROX1101 ROX0",0.011,0,269.5626,0,0,0,0.011,269.5626,0,0,0
"06-MAR-2023 22:35","06-MAR-2023 22:34:04","ROX2201",0,0,271.7476,0,0,0,0,271.7476,0,0,0
"06-MAR-2023 22:35","06-MAR-2023 22:34:04","ROX2201 ROX0",160,0,271.7476,0,0,0,160,271.7476,0,0,0
"06-MAR-2023 22:35","06-MAR-2023 22:34:04","RPO2201",0,0,252.5456,0,0,0,0,252.5456,0,0,0
"06-MAR-2023 22:35","06-MAR-2023 22:34:04","RPO2201 RPO0",0,0,252.5456,0,0,0,0,252.5456,0,0,0
"06-MAR-2023 22:35","06-MAR-2023 22:34:04","RTO1101",0,0,260.9256,0,0,0,0,260.9256,0,0,0
"06-MAR-2023 22:35","06-MAR-2023 22:34:04","RTR1101",0,0,262.0665,0,0,0,0,262.0665,0,0,0
"06-MAR-2023 22:35","06-MAR-2023 22:34:04","SBK0661",0,21.2063,280.1713,0,0,21.2063,0,280.1713,0,0,0
"06-MAR-2023 22:35","06-MAR-2023 22:34:04","SDN0331",0,29.8309,277.7527,0,0,29.8309,0,277.7527,0,0,0
"06-MAR-2023 22:35","06-MAR-2023 22:34:04","SDN2201",0,0,277.3099,0,0,0,0,277.3099,0,0,0
"06-MAR-2023 22:35","06-MAR-2023 22:34:04","SFD0331",0,13.1125,256.7852,0,0,13.1125,0,256.7852,0,0,0
"06-MAR-2023 22:35","06-MAR-2023 22:34:04","SFD1101",0,0,256.6588,0,0,0,0,256.6588,0,0,0
"06-MAR-2023 22:35","06-MAR-2023 22:34:04","SFD2201",0,1.6138,256.6711,0,0,1.6138,0,256.6711,0,0,0
"06-MAR-2023 22:35","06-MAR-2023 22:34:04","SFD2201 SFD21",0,0,256.6711,0,0,0,0,256.6711,0,0,0
"06-MAR-2023 22:35","06-MAR-2023 22:34:04","SFD2201 SFD22",0,0,256.6711,0,0,0,0,256.6711,0,0,0
"06-MAR-2023 22:35","06-MAR-2023 22:34:04","SFD2201 SPL0",0,0,256.6711,0,0,0,0,256.6711,0,0,0
"06-MAR-2023 22:35","06-MAR-2023 22:34:04","STK0331",0,60.3721,280.0839,0,0,60.3721,0,280.0839,0,0,0
"06-MAR-2023 22:35","06-MAR-2023 22:34:04","STK0661",0,15.646,280.2952,0,0,15.646,0,280.2952,0,0,0
"06-MAR-2023 22:35","06-MAR-2023 22:34:04","STK0661 COB0",27,0,280.2952,0,0,0,27,280.2952,0,0,0
"06-MAR-2023 22:35","06-MAR-2023 22:34:04","STK1101",0,0,280.3854,0,0,0,0,280.3854,0,0,0
"06-MAR-2023 22:35","06-MAR-2023 22:34:04","STK2201",0,0,279.5114,0,0,0,0,279.5114,0,0,0
"06-MAR-2023 22:35","06-MAR-2023 22:34:04","STU0111",0,6.2909,272.3205,0,0,6.2909,0,272.3205,0,0,0
"06-MAR-2023 22:35","06-MAR-2023 22:34:04","STU1101",0,0,271.2048,0,0,0,0,271.2048,0,0,0
"06-MAR-2023 22:35","06-MAR-2023 22:34:04","SVL0331",0,39.8417,262.5412,0,0,39.8417,0,262.5412,0,0,0
"06-MAR-2023 22:35","06-MAR-2023 22:34:04","SVL2201",0,0,262.1729,0,0,0,0,262.1729,0,0,0
"06-MAR-2023 22:35","06-MAR-2023 22:34:04","SVL2202",0,0,262.204,0,0,0,0,262.204,0,0,0
"06-MAR-2023 22:35","06-MAR-2023 22:34:04","SWN0251",0,2.219,261.3703,0,0,2.219,0,261.3703,0,0,0
"06-MAR-2023 22:35","06-MAR-2023 22:34:04","SWN2201",0,0.1099,261.2025,0,0,0.1099,0,261.2025,0,0,0
"06-MAR-2023 22:35","06-MAR-2023 22:34:04","TAK0331",0,53.6602,261.2002,0,0,53.6602,0,261.2002,0,0,0
"06-MAR-2023 22:35","06-MAR-2023 22:34:04","TAK2201",0,0,260.6661,0,0,0,0,260.6661,0,0,0
"06-MAR-2023 22:35","06-MAR-2023 22:34:04","TAK2202",0,0,260.8909,0,0,0,0,260.8909,0,0,0
"06-MAR-2023 22:35","06-MAR-2023 22:34:04","TGA0111",0,10.1874,250.7016,0,0,10.1874,0,250.7016,0,0,0
"06-MAR-2023 22:35","06-MAR-2023 22:34:04","TGA0331",0,39.9426,250.6528,0,0,39.9426,0,250.6528,0,0,0
"06-MAR-2023 22:35","06-MAR-2023 22:34:04","TGA0331 KMI0",29,0,250.6528,0,0,0,29,250.6528,0,0,0
"06-MAR-2023 22:35","06-MAR-2023 22:34:04","TGA1101",0,0,250.5218,0,0,0,0,250.5218,0,0,0
"06-MAR-2023 22:35","06-MAR-2023 22:34:04","THI2201",0,0,248.2185,0,0,0,0,248.2185,0,0,0
"06-MAR-2023 22:35","06-MAR-2023 22:34:04","THI2201 THI1",78,0,248.2185,0,0,0,78,248.2185,0,0,0
"06-MAR-2023 22:35","06-MAR-2023 22:34:04","THI2201 THI2",82,0,248.2185,0,0,0,82,248.2185,0,0,0
"06-MAR-2023 22:35","06-MAR-2023 22:34:04","TIM0111",0,38.7599,268.2918,0,0,38.7599,0,268.2918,0,0,0
"06-MAR-2023 22:35","06-MAR-2023 22:34:04","TIM0112",0,12.876,268.2918,0,0,12.876,0,268.2918,0,0,0
"06-MAR-2023 22:35","06-MAR-2023 22:34:04","TIM1101",0,0,266.4693,0,0,0,0,266.4693,0,0,0
"06-MAR-2023 22:35","06-MAR-2023 22:34:04","TIM2201",0,0,266.3507,0,0,0,0,266.3507,0,0,0
"06-MAR-2023 22:35","06-MAR-2023 22:34:04","TIM2202",0,0,266.3955,0,0,0,0,266.3955,0,0,0
"06-MAR-2023 22:35","06-MAR-2023 22:34:04","TKA0111",0,0,245.0434,0,0,0,0,245.0434,0,0,0
"06-MAR-2023 22:35","06-MAR-2023 22:34:04","TKA0111 TKA1",28,0,245.0434,0,0,0,28,245.0434,0,0,0
"06-MAR-2023 22:35","06-MAR-2023 22:34:04","TKA0331",0,1.9278,245.783,0,0,1.9278,0,245.783,0,0,0
"06-MAR-2023 22:35","06-MAR-2023 22:34:04","TKA1101",0,0,247.0358,0,0,0,0,247.0358,0,0,0
"06-MAR-2023 22:35","06-MAR-2023 22:34:04","TKB2201",0,0,260.3209,0,0,0,0,260.3209,0,0,0
"06-MAR-2023 22:35","06-MAR-2023 22:34:04","TKB2201 TKB1",152,0,260.3209,0,0,0,152,260.3209,0,0,0
"06-MAR-2023 22:35","06-MAR-2023 22:34:04","TKR0331",0,40.8503,263.6058,0,0,40.8503,0,263.6058,0,0,0
"06-MAR-2023 22:35","06-MAR-2023 22:34:04","TKR1101",0,0,262.5752,0,0,0,0,262.5752,0,0,0
"06-MAR-2023 22:35","06-MAR-2023 22:34:04","TKU0331",0,2.1182,255.0203,0,0,2.1182,0,255.0203,0,0,0
"06-MAR-2023 22:35","06-MAR-2023 22:34:04","TKU2201",0,0,254.8319,0,0,0,0,254.8319,0,0,0
"06-MAR-2023 22:35","06-MAR-2023 22:34:04","TKU2201 TKU0",0,0,254.8319,0,0,0,0,254.8319,0,0,0
"06-MAR-2023 22:35","06-MAR-2023 22:34:04","TMH2201",0,0,277.1564,0,0,0,0,277.1564,0,0,0
"06-MAR-2023 22:35","06-MAR-2023 22:34:04","TMI0331",0,16.7436,251.9955,0,0,16.7436,0,251.9955,0,0,0
"06-MAR-2023 22:35","06-MAR-2023 22:34:04","TMI1101",0,0,251.2581,0,0,0,0,251.2581,0,0,0
"06-MAR-2023 22:35","06-MAR-2023 22:34:04","TMK0331",0,25.7723,271.0396,0,0,25.7723,0,271.0396,0,0,0
"06-MAR-2023 22:35","06-MAR-2023 22:34:04","TMK1101",0,0,270.1535,0,0,0,0,270.1535,0,0,0
"06-MAR-2023 22:35","06-MAR-2023 22:34:04","TMK1102",0,0,270.1153,0,0,0,0,270.1153,0,0,0
"06-MAR-2023 22:35","06-MAR-2023 22:34:04","TMN0551",0,0,257.4268,0,0,0,0,257.4268,0,0,0
"06-MAR-2023 22:35","06-MAR-2023 22:34:04","TMN2201",0,0,257.2185,0,0,0,0,257.2185,0,0,0
"06-MAR-2023 22:35","06-MAR-2023 22:34:04","TMU0111",0,16.6427,260.9875,0,0,16.6427,0,260.9875,0,0,0
"06-MAR-2023 22:35","06-MAR-2023 22:34:04","TMU1101",0,0,260.37,0,0,0,0,260.37,0,0,0
"06-MAR-2023 22:35","06-MAR-2023 22:34:04","TNG0111",0,26.4,256.2903,0,0,26.4,0,256.2903,0,0,0
"06-MAR-2023 22:35","06-MAR-2023 22:34:04","TNG0551",0,0,255.2556,0,0,0,0,255.2556,0,0,0
"06-MAR-2023 22:35","06-MAR-2023 22:34:04","TNG2201",0,0,255.0764,0,0,0,0,255.0764,0,0,0
"06-MAR-2023 22:35","06-MAR-2023 22:34:04","TRK0111",0,3.4496,249.4694,0,0,3.4496,0,249.4694,0,0,0
"06-MAR-2023 22:35","06-MAR-2023 22:34:04","TRK1101",0,0,248.8444,0,0,0,0,248.8444,0,0,0
"06-MAR-2023 22:35","06-MAR-2023 22:34:04","TRK1102",0,0,248.8444,0,0,0,0,248.8444,0,0,0
"06-MAR-2023 22:35","06-MAR-2023 22:34:04","TRK2201",0,0,248.4949,0,0,0,0,248.4949,0,0,0
"06-MAR-2023 22:35","06-MAR-2023 22:34:04","TUI1101",0,28.9483,237.9961,0,0,28.9483,0,237.9961,0,0,0
"06-MAR-2023 22:35","06-MAR-2023 22:34:04","TUI1101 KTW0",36,0,237.9961,0,0,0,36,237.9961,0,0,0
"06-MAR-2023 22:35","06-MAR-2023 22:34:04","TUI1101 PRI0",0,0,237.9961,0,0,0,0,237.9961,0,0,0
"06-MAR-2023 22:35","06-MAR-2023 22:34:04","TUI1101 TUI0",44,0,237.9961,0,0,0,44,237.9961,0,0,0
"06-MAR-2023 22:35","06-MAR-2023 22:34:04","TWC2201",0,0,260.3165,0,0,0,0,260.3165,0,0,0
"06-MAR-2023 22:35","06-MAR-2023 22:34:04","TWC2201 NZW0",3.03,0,260.3165,0,0,0,3.03,260.3165,0,0,0
"06-MAR-2023 22:35","06-MAR-2023 22:34:04","TWC2201 TWF0",22.8,0,260.3165,0,0,0,22.8,260.3165,0,0,0
"06-MAR-2023 22:35","06-MAR-2023 22:34:04","TWH0331",0,55.0723,258.1086,0,0,55.0723,0,258.1086,0,0,0
"06-MAR-2023 22:35","06-MAR-2023 22:34:04","TWH0331 TRC1",30,0,258.1086,0,0,0,30,258.1086,0,0,0
"06-MAR-2023 22:35","06-MAR-2023 22:34:04","TWH0331 TUK0",0.3,0,258.1086,0,0,0,0.3,258.1086,0,0,0
"06-MAR-2023 22:35","06-MAR-2023 22:34:04","TWH2201",0,0,257.9725,0,0,0,0,257.9725,0,0,0
"06-MAR-2023 22:35","06-MAR-2023 22:34:04","TWI2201",0,579.3,297.6863,0,0,579.3,0,297.6863,0,0,0
"06-MAR-2023 22:35","06-MAR-2023 22:34:04","TWT2201",0,0,260.3872,0,0,0,0,260.3872,0,0,0
"06-MAR-2023 22:35","06-MAR-2023 22:34:04","TWZ0331",0,2.0293,260.8968,0,0,2.0293,0,260.8968,0,0,0
"06-MAR-2023 22:35","06-MAR-2023 22:34:04","TWZ2201",0,0,260.7744,0,0,0,0,260.7744,0,0,0
"06-MAR-2023 22:35","06-MAR-2023 22:34:04","TWZ2202",0,0,260.7744,0,0,0,0,260.7744,0,0,0
"06-MAR-2023 22:35","06-MAR-2023 22:34:04","UHT0331",0,12.1038,262.5978,0,0,12.1038,0,262.5978,0,0,0
"06-MAR-2023 22:35","06-MAR-2023 22:34:04","UHT1101",0,0,262.3968,0,0,0,0,262.3968,0,0,0
"06-MAR-2023 22:35","06-MAR-2023 22:34:04","WAI0111",0,4.3372,247.9568,0,0,4.3372,0,247.9568,0,0,0
"06-MAR-2023 22:35","06-MAR-2023 22:34:04","WAI0501",0,0.6052,248.1572,0,0,0.6052,0,248.1572,0,0,0
"06-MAR-2023 22:35","06-MAR-2023 22:34:04","WAI1101",0,0,246.9959,0,0,0,0,246.9959,0,0,0
"06-MAR-2023 22:35","06-MAR-2023 22:34:04","WDV0111",0,1.2104,262.589,0,0,1.2104,0,262.589,0,0,0
"06-MAR-2023 22:35","06-MAR-2023 22:34:04","WDV1101",0,0,262.5031,0,0,0,0,262.5031,0,0,0
"06-MAR-2023 22:35","06-MAR-2023 22:34:04","WDV1101 TAP0",16.15,0,262.5031,0,0,0,16.15,262.5031,0,0,0
"06-MAR-2023 22:35","06-MAR-2023 22:34:04","WDV1102",0,0,262.5031,0,0,0,0,262.5031,0,0,0
"06-MAR-2023 22:35","06-MAR-2023 22:34:04","WEL0331",0,17.4497,269.2432,0,0,17.4497,0,269.2432,0,0,0
"06-MAR-2023 22:35","06-MAR-2023 22:34:04","WEL1101",0,0,268.4543,0,0,0,0,268.4543,0,0,0
"06-MAR-2023 22:35","06-MAR-2023 22:34:04","WEL1102",0,0,268.447,0,0,0,0,268.447,0,0,0
"06-MAR-2023 22:35","06-MAR-2023 22:34:04","WGN0331",0,17.2479,262.277,0,0,17.2479,0,262.277,0,0,0
"06-MAR-2023 22:35","06-MAR-2023 22:34:04","WGN1101",0,0,261.5926,0,0,0,0,261.5926,0,0,0
"06-MAR-2023 22:35","06-MAR-2023 22:34:04","WHI0111",0,0,249.4426,0,0,0,0,249.4426,0,0,0
"06-MAR-2023 22:35","06-MAR-2023 22:34:04","WHI0111 DLS2",0,0,249.4429,0,0,0,0,249.4429,0,0,0
"06-MAR-2023 22:35","06-MAR-2023 22:34:04","WHI2201",0,0,249.3356,0,0,0,0,249.3356,0,0,0
"06-MAR-2023 22:35","06-MAR-2023 22:34:04","WHI2201 WHI0",0,0,249.3356,0,0,0,0,249.3356,0,0,0
"06-MAR-2023 22:35","06-MAR-2023 22:34:04","WHU0331",0,19.1644,263.7763,0,0,19.1644,0,263.7763,0,0,0
"06-MAR-2023 22:35","06-MAR-2023 22:34:04","WHU1101",0,0,263.6598,0,0,0,0,263.6598,0,0,0
"06-MAR-2023 22:35","06-MAR-2023 22:34:04","WIL0331",0,18.5793,262.5807,0,0,18.5793,0,262.5807,0,0,0
"06-MAR-2023 22:35","06-MAR-2023 22:34:04","WIL0331 MCK0",1.92,0,262.5807,0,0,0,1.92,262.5807,0,0,0
"06-MAR-2023 22:35","06-MAR-2023 22:34:04","WIL1101",0,0,263.0135,0,0,0,0,263.0135,0,0,0
"06-MAR-2023 22:35","06-MAR-2023 22:34:04","WIL2201",0,0,262.5266,0,0,0,0,262.5266,0,0,0
"06-MAR-2023 22:35","06-MAR-2023 22:34:04","WIR0331",0,52.9541,264.0408,0,0,52.9541,0,264.0408,0,0,0
"06-MAR-2023 22:35","06-MAR-2023 22:34:04","WIR0331 VLD3",0,0,264.0408,0,0,0,0,264.0408,0,0,0
"06-MAR-2023 22:35","06-MAR-2023 22:34:04","WIR1101",0,0,263.3026,0,0,0,0,263.3026,0,0,0
"06-MAR-2023 22:35","06-MAR-2023 22:34:04","WIR1102",0,0,263.2705,0,0,0,0,263.2705,0,0,0
"06-MAR-2023 22:35","06-MAR-2023 22:34:04","WKM2201",0,3.9337,250.7308,0,0,3.9337,0,250.7308,0,0,0
"06-MAR-2023 22:35","06-MAR-2023 22:34:04","WKM2201 MOK0",74,0,250.7308,0,0,0,74,250.7308,0,0,0
"06-MAR-2023 22:35","06-MAR-2023 22:34:04","WKM2201 WKM0",84,0,250.7308,0,0,0,84,250.7308,0,0,0
"06-MAR-2023 22:35","06-MAR-2023 22:34:04","WKM2202",0,0,250.7663,0,0,0,0,250.7663,0,0,0
"06-MAR-2023 22:35","06-MAR-2023 22:34:04","WKO0331",0,17.7522,266.2766,0,0,17.7522,0,266.2766,0,0,0
"06-MAR-2023 22:35","06-MAR-2023 22:34:04","WKO1101",0,0,265.942,0,0,0,0,265.942,0,0,0
"06-MAR-2023 22:35","06-MAR-2023 22:34:04","WPA2201",0,0,249.737,0,0,0,0,249.737,0,0,0
"06-MAR-2023 22:35","06-MAR-2023 22:34:04","WPA2201 WPA0",33,0,249.737,0,0,0,33,249.737,0,0,0
"06-MAR-2023 22:35","06-MAR-2023 22:34:04","WPR0331",0,3.3484,275.6853,0,0,3.3484,0,275.6853,0,0,0
"06-MAR-2023 22:35","06-MAR-2023 22:34:04","WPR0661",0,0.6088,274.8441,0,0,0.6088,0,274.8441,0,0,0
"06-MAR-2023 22:35","06-MAR-2023 22:34:04","WPR2202",0,0,275.8973,0,0,0,0,275.8973,0,0,0
"06-MAR-2023 22:35","06-MAR-2023 22:34:04","WPR2203",0,0,275.901,0,0,0,0,275.901,0,0,0
"06-MAR-2023 22:35","06-MAR-2023 22:34:04","WPT1101",0,0,280.8371,0,0,0,0,283.128,0,0,-2.29089999999997
"06-MAR-2023 22:35","06-MAR-2023 22:34:04","WPT1102",0,0,283.4306,0,0,0,0,283.4306,0,0,0
"06-MAR-2023 22:35","06-MAR-2023 22:34:04","WPW0331",0,11.4986,267.0856,0,0,11.4986,0,267.0856,0,0,0
"06-MAR-2023 22:35","06-MAR-2023 22:34:04","WPW1101",0,0,266.8317,0,0,0,0,266.8317,0,0,0
"06-MAR-2023 22:35","06-MAR-2023 22:34:04","WPW1102",0,0,265.4577,0,0,0,0,265.4577,0,0,0
"06-MAR-2023 22:35","06-MAR-2023 22:34:04","WRD0331",0,62.6372,262.3987,0,0,62.6372,0,262.3987,0,0,0
"06-MAR-2023 22:35","06-MAR-2023 22:34:04","WRD2201",0,0,261.8958,0,0,0,0,261.8958,0,0,0
"06-MAR-2023 22:35","06-MAR-2023 22:34:04","WRK0331",0,22.5938,247.333,0,0,22.5938,0,247.333,0,0,0
"06-MAR-2023 22:35","06-MAR-2023 22:34:04","WRK0331 RKA0",32,0,247.333,0,0,0,32,247.333,0,0,0
"06-MAR-2023 22:35","06-MAR-2023 22:34:04","WRK0331 TAA0",25,0,247.333,0,0,0,25,247.333,0,0,0
"06-MAR-2023 22:35","06-MAR-2023 22:34:04","WRK2201",0,0,248.0604,0,0,0,0,248.0604,0,0,0
"06-MAR-2023 22:35","06-MAR-2023 22:34:04","WRK2201 WRK0",107,0,248.0604,0,0,0,107,248.0604,0,0,0
"06-MAR-2023 22:35","06-MAR-2023 22:34:04","WTK0111",0,3.4498,259.6736,0,0,3.4498,0,259.6736,0,0,0
"06-MAR-2023 22:35","06-MAR-2023 22:34:04","WTK0111 WTK0",70,0,259.6736,0,0,0,70,259.6736,0,0,0
"06-MAR-2023 22:35","06-MAR-2023 22:34:04","WTK0331",0,0,260.0233,0,0,0,0,260.0233,0,0,0
"06-MAR-2023 22:35","06-MAR-2023 22:34:04","WTK1101",0,0,260.7665,0,0,0,0,260.7665,0,0,0
"06-MAR-2023 22:35","06-MAR-2023 22:34:04","WTK1102",0,0,260.3939,0,0,0,0,260.3939,0,0,0
"06-MAR-2023 22:35","06-MAR-2023 22:34:04","WTK2201",0,0,260.4723,0,0,0,0,260.4723,0,0,0
"06-MAR-2023 22:35","06-MAR-2023 22:34:04","WTU0331",0,64.6545,250.4085,0,0,64.6545,0,250.4085,0,0,0
"06-MAR-2023 22:35","06-MAR-2023 22:34:04","WTU2201",0,0,249.7115,0,0,0,0,249.7115,0,0,0
"06-MAR-2023 22:35","06-MAR-2023 22:34:04","WTU2202",0,0,249.7118,0,0,0,0,249.7118,0,0,0
"06-MAR-2023 22:35","06-MAR-2023 22:34:04","WVY0111",0,2.5216,260.2416,0,0,2.5216,0,260.2416,0,0,0
"06-MAR-2023 22:35","06-MAR-2023 22:34:04","WVY1101",0,0,259.4383,0,0,0,0,259.4383,0,0,0
"06-MAR-2023 22:35","06-MAR-2023 22:34:04","WVY1101 WPP0",11.98,0,259.4383,0,0,0,11.98,259.4383,0,0,0
"06-MAR-2023 22:35","06-MAR-2023 22:34:04","WWD1102",0,0,263.0291,0,0,0,0,263.0291,0,0,0
"06-MAR-2023 22:35","06-MAR-2023 22:34:04","WWD1102 WWD0",5.39,0,263.0291,0,0,0,5.39,263.0291,0,0,0
"06-MAR-2023 22:35","06-MAR-2023 22:34:04","WWD1103",0,0,263.0302,0,0,0,0,263.0302,0,0,0
"06-MAR-2023 22:35","06-MAR-2023 22:34:04","WWD1103 WWD0",2.89,0,263.0302,0,0,0,2.89,263.0302,0,0,0
