"CaseID","DateTime","Period","Offer","Trader","Generation (MW)","FIR (MW)","SIR (MW)"
"261322025012100401","27-JAN-2025 10:00","TP21","ARA2201 ARA0","MRPL",0.0000,0.0000,0.0000
"261322025012100401","27-JAN-2025 10:00","TP21","ARG1101 BRR0","CNIR",6.0000,0.0000,0.0000
"261322025012100401","27-JAN-2025 10:00","TP21","ARI1101 ARI0","MRPL",46.0000,1.0000,1.0000
"261322025012100401","27-JAN-2025 10:00","TP21","ARI1102 ARI0","MRPL",20.0000,0.0000,1.0000
"261322025012100401","27-JAN-2025 10:00","TP21","ASB0661 HBK0","CNIR",0.0000,0.0000,0.0000
"261322025012100401","27-JAN-2025 10:00","TP21","ATI2201 ATI0","MRPL",17.0000,0.0000,0.0000
"261322025012100401","27-JAN-2025 10:00","TP21","AVI2201 AVI0","MERI",168.8940,12.3440,12.5710
"261322025012100401","27-JAN-2025 10:00","TP21","BEN2202 BEN0","MERI",409.5960,17.6560,27.4290
"261322025012100401","27-JAN-2025 10:00","TP21","BOB1101","CNTP",0.0000,5.9700,7.4600
"261322025012100401","27-JAN-2025 10:00","TP21","BPE0331","SZRO",0.0000,0.0000,0.0000
"261322025012100401","27-JAN-2025 10:00","TP21","BPE0331 TWF0","CNIR",28.3300,0.0000,0.0000
"261322025012100401","27-JAN-2025 10:00","TP21","BWK1101 WPI0","CNIR",0.0000,0.0000,0.0000
"261322025012100401","27-JAN-2025 10:00","TP21","COL0661 COL0","CNIR",4.0000,0.0000,0.0000
"261322025012100401","27-JAN-2025 10:00","TP21","CPK0331","VWEN",0.0000,0.0000,0.0000
"261322025012100401","27-JAN-2025 10:00","TP21","CYD2201 CYD0","CTCT",206.0000,0.0000,0.0000
"261322025012100401","27-JAN-2025 10:00","TP21","GLN0332 GLN0","ALNT",43.0000,0.0000,0.0000
"261322025012100401","27-JAN-2025 10:00","TP21","GOR0331 KWD0","MRPL",33.6000,0.0000,0.0000
"261322025012100401","27-JAN-2025 10:00","TP21","HAM0331","WNET",0.0000,0.0000,11.8000
"261322025012100401","27-JAN-2025 10:00","TP21","HLY0331 RHO0","NPEL",0.0000,0.0000,0.0000
"261322025012100401","27-JAN-2025 10:00","TP21","HLY2201 HLY1","GENE",0.0000,0.0000,0.0000
"261322025012100401","27-JAN-2025 10:00","TP21","HLY2201 HLY2","GENE",0.0000,0.0000,0.0000
"261322025012100401","27-JAN-2025 10:00","TP21","HLY2201 HLY4","GENE",0.0000,0.0000,0.0000
"261322025012100401","27-JAN-2025 10:00","TP21","HLY2201 HLY5","GENE",161.3515,0.0000,0.0000
"261322025012100401","27-JAN-2025 10:00","TP21","HLY2201 HLY6","GENE",0.0000,0.0000,0.0000
"261322025012100401","27-JAN-2025 10:00","TP21","HRP2201 HRP0","MERI",15.1290,0.0000,0.0000
"261322025012100401","27-JAN-2025 10:00","TP21","HWA1101 PTA1","CNIR",0.0000,0.0000,0.0000
"261322025012100401","27-JAN-2025 10:00","TP21","HWA1101 PTA2","CNIR",0.0000,0.0000,0.0000
"261322025012100401","27-JAN-2025 10:00","TP21","HWA1101 PTA3","CNIR",0.0000,0.0000,0.0000
"261322025012100401","27-JAN-2025 10:00","TP21","HWA1102 WAA0","TODD",10.0000,0.0000,0.0000
"261322025012100401","27-JAN-2025 10:00","TP21","HWB0331 MAH0","CNIR",35.0800,0.0000,0.0000
"261322025012100401","27-JAN-2025 10:00","TP21","HWB0331 WPI0","CNIR",0.0000,0.0000,0.0000
"261322025012100401","27-JAN-2025 10:00","TP21","ISL0331","ERGY",0.0000,0.0000,0.0000
"261322025012100401","27-JAN-2025 10:00","TP21","ISL0661","SZRO",0.0000,0.0000,0.0000
"261322025012100401","27-JAN-2025 10:00","TP21","JRD1101 JRD0","TODD",0.0000,0.0000,0.0000
"261322025012100401","27-JAN-2025 10:00","TP21","KAW0111 TAM0","TAOM",24.0000,0.0000,0.0000
"261322025012100401","27-JAN-2025 10:00","TP21","KAW0112 ONU0","CHHE",47.0000,0.0000,0.0000
"261322025012100401","27-JAN-2025 10:00","TP21","KAW1101 KAG0","MRPL",102.0000,0.0000,0.0000
"261322025012100401","27-JAN-2025 10:00","TP21","KIN0112 KIN0","CNIR",0.0000,0.0000,0.0000
"261322025012100401","27-JAN-2025 10:00","TP21","KOE1101 KSF0","LODE",13.7220,0.0000,0.0000
"261322025012100401","27-JAN-2025 10:00","TP21","KOE1101 NGB0","NGAG",30.0000,0.0000,0.0000
"261322025012100401","27-JAN-2025 10:00","TP21","KPA1101 KPI1","TODD",4.0000,0.0000,0.0000
"261322025012100401","27-JAN-2025 10:00","TP21","KPO1101 KPO0","MRPL",44.0000,0.0000,1.0000
"261322025012100401","27-JAN-2025 10:00","TP21","KUM0661 KUM0","CNIR",0.0000,0.0000,0.0000
"261322025012100401","27-JAN-2025 10:00","TP21","LTN0331 TWF0","CNIR",28.0800,0.0000,0.0000
"261322025012100401","27-JAN-2025 10:00","TP21","LTN2201 TUR0","MRPL",122.6000,0.0000,0.0000
"261322025012100401","27-JAN-2025 10:00","TP21","MAN2201 MAN0","MERI",331.0000,18.0000,32.0000
"261322025012100401","27-JAN-2025 10:00","TP21","MAT1101 ANI0","PUNZ",0.0000,0.0000,0.0000
"261322025012100401","27-JAN-2025 10:00","TP21","MAT1101 MAT0","CNIR",20.0000,0.0000,0.0000
"261322025012100401","27-JAN-2025 10:00","TP21","MHO0331 MHO0","KING",20.5000,0.0000,0.0000
"261322025012100401","27-JAN-2025 10:00","TP21","MKE1101 MKE1","TODD",0.0000,0.0000,0.0000
"261322025012100401","27-JAN-2025 10:00","TP21","MPE1101","NTHP",0.0000,0.0000,0.0000
"261322025012100401","27-JAN-2025 10:00","TP21","MTI2201 MTI0","MRPL",69.0000,10.0000,16.0000
"261322025012100401","27-JAN-2025 10:00","TP21","NAP2201 NAP0","NAPJ",146.0000,0.0000,0.0000
"261322025012100401","27-JAN-2025 10:00","TP21","NAP2202 NTM0","MRPL",83.0000,0.0000,0.0000
"261322025012100401","27-JAN-2025 10:00","TP21","NMA0331 WHL0","MERI",9.1510,0.0000,0.0000
"261322025012100401","27-JAN-2025 10:00","TP21","NSY0331 PAE0","CNIR",3.0000,0.0000,0.0000
"261322025012100401","27-JAN-2025 10:00","TP21","OHA2201 OHA0","MERI",245.0000,0.0000,0.0000
"261322025012100401","27-JAN-2025 10:00","TP21","OHB2201 OHB0","MERI",207.0000,0.0000,0.0000
"261322025012100401","27-JAN-2025 10:00","TP21","OHC2201 OHC0","MERI",207.0000,0.0000,0.0000
"261322025012100401","27-JAN-2025 10:00","TP21","OHK2201 OHK0","MRPL",23.0000,2.0000,5.0000
"261322025012100401","27-JAN-2025 10:00","TP21","OKI2201 OKI0","CTCT",34.0000,0.0000,0.0000
"261322025012100401","27-JAN-2025 10:00","TP21","PEN0331","VCTR",0.0000,0.0000,20.7500
"261322025012100401","27-JAN-2025 10:00","TP21","PPI2201 PPI0","CTCT",37.0000,0.0000,0.0000
"261322025012100401","27-JAN-2025 10:00","TP21","ROT1101 WHE0","CNIR",11.0000,0.0000,0.0000
"261322025012100401","27-JAN-2025 10:00","TP21","ROX1101 ROX0","CTCT",38.0010,0.0000,0.0000
"261322025012100401","27-JAN-2025 10:00","TP21","ROX2201 ROX0","CTCT",114.0010,6.8401,5.7001
"261322025012100401","27-JAN-2025 10:00","TP21","RPO2201 RPO0","GENE",45.0000,20.0000,18.2000
"261322025012100401","27-JAN-2025 10:00","TP21","SFD0331","CTCT",0.0000,16.3060,13.3670
"261322025012100401","27-JAN-2025 10:00","TP21","SFD2201 SFD21","CTCT",0.0000,0.0000,0.0000
"261322025012100401","27-JAN-2025 10:00","TP21","SFD2201 SFD22","CTCT",40.0000,0.0000,0.0000
"261322025012100401","27-JAN-2025 10:00","TP21","SFD2201 SPL0","CTCT",0.0000,0.0000,0.0000
"261322025012100401","27-JAN-2025 10:00","TP21","STK0661 COB0","CNIR",0.0000,0.0000,0.0000
"261322025012100401","27-JAN-2025 10:00","TP21","TAB2201 TAB0","CTCT",170.0000,0.0000,0.0000
"261322025012100401","27-JAN-2025 10:00","TP21","TGA0331 KMI0","CNIR",23.5000,0.0000,0.0000
"261322025012100401","27-JAN-2025 10:00","TP21","THI2201 THI1","CTCT",82.0000,0.0000,0.0000
"261322025012100401","27-JAN-2025 10:00","TP21","THI2201 THI2","CTCT",83.0000,0.0000,0.0000
"261322025012100401","27-JAN-2025 10:00","TP21","TKA0111 TKA1","GENE",23.0000,0.0000,0.0000
"261322025012100401","27-JAN-2025 10:00","TP21","TKB2201 TKB1","GENE",122.0000,0.0000,0.0000
"261322025012100401","27-JAN-2025 10:00","TP21","TKU2201 TKU0","GENE",47.0000,3.0600,9.5800
"261322025012100401","27-JAN-2025 10:00","TP21","TUI1101 KTW0","GENE",7.7000,0.0000,0.0000
"261322025012100401","27-JAN-2025 10:00","TP21","TUI1101 PRI0","GENE",13.8000,0.0010,0.0010
"261322025012100401","27-JAN-2025 10:00","TP21","TUI1101 TUI0","GENE",18.5000,0.3000,9.4000
"261322025012100401","27-JAN-2025 10:00","TP21","TWC2201 NZW0","NZWF",18.0000,0.0000,0.0000
"261322025012100401","27-JAN-2025 10:00","TP21","TWC2201 TWF0","CNIR",75.1600,0.0000,0.0000
"261322025012100401","27-JAN-2025 10:00","TP21","TWH0331 TUK0","MERI",58.5620,0.0000,0.0000
"261322025012100401","27-JAN-2025 10:00","TP21","WDV1101 TAP0","MERI",46.8600,0.0000,0.0000
"261322025012100401","27-JAN-2025 10:00","TP21","WGN0331","ERGY",0.0000,47.6536,34.1514
"261322025012100401","27-JAN-2025 10:00","TP21","WHI2201 WHI1","CTCT",0.0000,0.0000,0.0000
"261322025012100401","27-JAN-2025 10:00","TP21","WHI2201 WHI2","CTCT",51.0000,0.0000,0.0000
"261322025012100401","27-JAN-2025 10:00","TP21","WHI2201 WHI3","CTCT",0.0000,0.0000,0.0000
"261322025012100401","27-JAN-2025 10:00","TP21","WIL0331","MERI",0.0000,0.0000,0.0000
"261322025012100401","27-JAN-2025 10:00","TP21","WIL0331 MCK0","MERI",20.4170,0.0000,0.0000
"261322025012100401","27-JAN-2025 10:00","TP21","WKM2201 MOK0","TUAR",56.0000,0.0000,0.0000
"261322025012100401","27-JAN-2025 10:00","TP21","WKM2201 WKM0","MRPL",56.0000,0.0000,0.0000
"261322025012100401","27-JAN-2025 10:00","TP21","WPA2201 WPA0","MRPL",18.0000,1.0000,3.0000
"261322025012100401","27-JAN-2025 10:00","TP21","WRK0331 RKA0","MRPL",20.0000,0.0000,0.0000
"261322025012100401","27-JAN-2025 10:00","TP21","WRK0331 TAA0","CTCT",24.0000,0.0000,0.0000
"261322025012100401","27-JAN-2025 10:00","TP21","WRK2201 WRK0","CTCT",91.0000,0.0000,0.0000
"261322025012100401","27-JAN-2025 10:00","TP21","WTK0111 WTK0","MERI",59.5100,0.0000,0.0000
"261322025012100401","27-JAN-2025 10:00","TP21","WVY1101 WPP0","GENE",129.6220,0.0000,0.0000
"261322025012100401","27-JAN-2025 10:00","TP21","WWD1102 WWD0","MERI",54.8280,0.0000,0.0000
"261322025012100401","27-JAN-2025 10:00","TP21","WWD1103 WWD0","MERI",20.4730,0.0000,0.0000
"261322025012100401","27-JAN-2025 10:30","TP22","ARA2201 ARA0","MRPL",0.0000,0.0000,0.0000
"261322025012100401","27-JAN-2025 10:30","TP22","ARG1101 BRR0","CNIR",0.0000,0.0000,0.0000
"261322025012100401","27-JAN-2025 10:30","TP22","ARI1101 ARI0","MRPL",46.0000,1.0000,1.0000
"261322025012100401","27-JAN-2025 10:30","TP22","ARI1102 ARI0","MRPL",20.0000,0.0000,1.0000
"261322025012100401","27-JAN-2025 10:30","TP22","ASB0661 HBK0","CNIR",0.0000,0.0000,0.0000
"261322025012100401","27-JAN-2025 10:30","TP22","ATI2201 ATI0","MRPL",2.0000,0.0000,0.0000
"261322025012100401","27-JAN-2025 10:30","TP22","AVI2201 AVI0","MERI",159.0480,7.5360,7.5770
"261322025012100401","27-JAN-2025 10:30","TP22","BEN2202 BEN0","MERI",374.2340,10.0510,10.1050
"261322025012100401","27-JAN-2025 10:30","TP22","BOB1101","CNTP",0.0000,5.8500,7.3100
"261322025012100401","27-JAN-2025 10:30","TP22","BPE0331","SZRO",0.0000,0.0000,0.0000
"261322025012100401","27-JAN-2025 10:30","TP22","BPE0331 TWF0","CNIR",28.3300,0.0000,0.0000
"261322025012100401","27-JAN-2025 10:30","TP22","BWK1101 WPI0","CNIR",0.0000,0.0000,0.0000
"261322025012100401","27-JAN-2025 10:30","TP22","COL0661 COL0","CNIR",4.0000,0.0000,0.0000
"261322025012100401","27-JAN-2025 10:30","TP22","CPK0331","VWEN",0.0000,0.0000,0.0000
"261322025012100401","27-JAN-2025 10:30","TP22","CYD2201 CYD0","CTCT",206.0000,0.0000,0.0000
"261322025012100401","27-JAN-2025 10:30","TP22","GLN0332 GLN0","ALNT",43.0000,0.0000,0.0000
"261322025012100401","27-JAN-2025 10:30","TP22","GOR0331 KWD0","MRPL",5.0000,0.0000,0.0000
"261322025012100401","27-JAN-2025 10:30","TP22","HAM0331","WNET",0.0000,0.0000,11.1190
"261322025012100401","27-JAN-2025 10:30","TP22","HLY0331 RHO0","NPEL",0.0000,0.0000,0.0000
"261322025012100401","27-JAN-2025 10:30","TP22","HLY2201 HLY1","GENE",0.0000,0.0000,0.0000
"261322025012100401","27-JAN-2025 10:30","TP22","HLY2201 HLY2","GENE",0.0000,0.0000,0.0000
"261322025012100401","27-JAN-2025 10:30","TP22","HLY2201 HLY4","GENE",0.0000,0.0000,0.0000
"261322025012100401","27-JAN-2025 10:30","TP22","HLY2201 HLY5","GENE",184.0865,0.0000,0.0010
"261322025012100401","27-JAN-2025 10:30","TP22","HLY2201 HLY6","GENE",0.0000,0.0000,0.0000
"261322025012100401","27-JAN-2025 10:30","TP22","HRP2201 HRP0","MERI",0.0000,0.0000,0.0000
"261322025012100401","27-JAN-2025 10:30","TP22","HWA1101 PTA1","CNIR",0.0000,0.0000,0.0000
"261322025012100401","27-JAN-2025 10:30","TP22","HWA1101 PTA2","CNIR",0.0000,0.0000,0.0000
"261322025012100401","27-JAN-2025 10:30","TP22","HWA1101 PTA3","CNIR",0.0000,0.0000,0.0000
"261322025012100401","27-JAN-2025 10:30","TP22","HWA1102 WAA0","TODD",10.0000,0.0000,0.0000
"261322025012100401","27-JAN-2025 10:30","TP22","HWB0331 MAH0","CNIR",35.0800,0.0000,0.0000
"261322025012100401","27-JAN-2025 10:30","TP22","HWB0331 WPI0","CNIR",0.0000,0.0000,0.0000
"261322025012100401","27-JAN-2025 10:30","TP22","ISL0331","ERGY",0.0000,0.0000,0.0000
"261322025012100401","27-JAN-2025 10:30","TP22","ISL0661","SZRO",0.0000,0.0000,0.0000
"261322025012100401","27-JAN-2025 10:30","TP22","JRD1101 JRD0","TODD",0.0000,0.0000,0.0000
"261322025012100401","27-JAN-2025 10:30","TP22","KAW0111 TAM0","TAOM",24.0000,0.0000,0.0000
"261322025012100401","27-JAN-2025 10:30","TP22","KAW0112 ONU0","CHHE",47.0000,0.0000,0.0000
"261322025012100401","27-JAN-2025 10:30","TP22","KAW1101 KAG0","MRPL",102.0000,0.0000,0.0000
"261322025012100401","27-JAN-2025 10:30","TP22","KIN0112 KIN0","CNIR",0.0000,0.0000,0.0000
"261322025012100401","27-JAN-2025 10:30","TP22","KOE1101 KSF0","LODE",16.0860,0.0000,0.0000
"261322025012100401","27-JAN-2025 10:30","TP22","KOE1101 NGB0","NGAG",30.0000,0.0000,0.0000
"261322025012100401","27-JAN-2025 10:30","TP22","KPA1101 KPI1","TODD",4.0000,0.0000,0.0000
"261322025012100401","27-JAN-2025 10:30","TP22","KPO1101 KPO0","MRPL",42.0000,0.0000,1.0000
"261322025012100401","27-JAN-2025 10:30","TP22","KUM0661 KUM0","CNIR",0.0000,0.0000,0.0000
"261322025012100401","27-JAN-2025 10:30","TP22","LTN0331 TWF0","CNIR",28.0800,0.0000,0.0000
"261322025012100401","27-JAN-2025 10:30","TP22","LTN2201 TUR0","MRPL",141.0000,0.0000,0.0000
"261322025012100401","27-JAN-2025 10:30","TP22","MAN2201 MAN0","MERI",331.0000,18.0000,32.0000
"261322025012100401","27-JAN-2025 10:30","TP22","MAT1101 ANI0","PUNZ",14.0000,0.0000,0.0000
"261322025012100401","27-JAN-2025 10:30","TP22","MAT1101 MAT0","CNIR",20.0000,2.1627,0.0000
"261322025012100401","27-JAN-2025 10:30","TP22","MHO0331 MHO0","KING",20.5000,0.0000,0.0000
"261322025012100401","27-JAN-2025 10:30","TP22","MKE1101 MKE1","TODD",0.0000,0.0000,0.0000
"261322025012100401","27-JAN-2025 10:30","TP22","MPE1101","NTHP",0.0000,0.0000,0.0000
"261322025012100401","27-JAN-2025 10:30","TP22","MTI2201 MTI0","MRPL",81.0000,6.0000,8.0000
"261322025012100401","27-JAN-2025 10:30","TP22","NAP2201 NAP0","NAPJ",146.0000,0.0000,0.0000
"261322025012100401","27-JAN-2025 10:30","TP22","NAP2202 NTM0","MRPL",83.0000,0.0000,0.0000
"261322025012100401","27-JAN-2025 10:30","TP22","NMA0331 WHL0","MERI",9.1510,0.0000,0.0000
"261322025012100401","27-JAN-2025 10:30","TP22","NSY0331 PAE0","CNIR",3.0000,0.0000,0.0000
"261322025012100401","27-JAN-2025 10:30","TP22","OHA2201 OHA0","MERI",245.0000,0.0000,0.0000
"261322025012100401","27-JAN-2025 10:30","TP22","OHB2201 OHB0","MERI",194.5200,6.2070,12.4800
"261322025012100401","27-JAN-2025 10:30","TP22","OHC2201 OHC0","MERI",197.1620,6.2060,9.8380
"261322025012100401","27-JAN-2025 10:30","TP22","OHK2201 OHK0","MRPL",2.0000,0.0000,0.0000
"261322025012100401","27-JAN-2025 10:30","TP22","OKI2201 OKI0","CTCT",34.0000,0.0000,0.0000
"261322025012100401","27-JAN-2025 10:30","TP22","PEN0331","VCTR",0.0000,0.0000,9.1358
"261322025012100401","27-JAN-2025 10:30","TP22","PPI2201 PPI0","CTCT",37.0000,0.0000,0.0000
"261322025012100401","27-JAN-2025 10:30","TP22","ROT1101 WHE0","CNIR",6.5000,0.0000,0.0000
"261322025012100401","27-JAN-2025 10:30","TP22","ROX1101 ROX0","CTCT",38.0010,0.0000,0.0000
"261322025012100401","27-JAN-2025 10:30","TP22","ROX2201 ROX0","CTCT",114.0010,6.8401,5.7001
"261322025012100401","27-JAN-2025 10:30","TP22","RPO2201 RPO0","GENE",64.9990,0.0010,0.0010
"261322025012100401","27-JAN-2025 10:30","TP22","SFD0331","CTCT",0.0000,16.3060,13.3670
"261322025012100401","27-JAN-2025 10:30","TP22","SFD2201 SFD21","CTCT",0.0000,0.0000,0.0000
"261322025012100401","27-JAN-2025 10:30","TP22","SFD2201 SFD22","CTCT",0.0000,0.0000,0.0000
"261322025012100401","27-JAN-2025 10:30","TP22","SFD2201 SPL0","CTCT",0.0000,0.0000,0.0000
"261322025012100401","27-JAN-2025 10:30","TP22","STK0661 COB0","CNIR",0.0000,0.0000,0.0000
"261322025012100401","27-JAN-2025 10:30","TP22","TAB2201 TAB0","CTCT",388.0384,0.0000,0.0000
"261322025012100401","27-JAN-2025 10:30","TP22","TGA0331 KMI0","CNIR",23.5000,0.0000,0.0000
"261322025012100401","27-JAN-2025 10:30","TP22","THI2201 THI1","CTCT",82.0000,0.0000,0.0000
"261322025012100401","27-JAN-2025 10:30","TP22","THI2201 THI2","CTCT",83.0000,0.0000,0.0000
"261322025012100401","27-JAN-2025 10:30","TP22","TKA0111 TKA1","GENE",23.0000,0.0000,0.0000
"261322025012100401","27-JAN-2025 10:30","TP22","TKB2201 TKB1","GENE",122.0000,0.0000,0.0000
"261322025012100401","27-JAN-2025 10:30","TP22","TKU2201 TKU0","GENE",47.0000,3.0600,9.5800
"261322025012100401","27-JAN-2025 10:30","TP22","TUI1101 KTW0","GENE",0.0000,0.0000,0.0000
"261322025012100401","27-JAN-2025 10:30","TP22","TUI1101 PRI0","GENE",0.0010,0.0010,0.0010
"261322025012100401","27-JAN-2025 10:30","TP22","TUI1101 TUI0","GENE",0.2500,0.3000,0.4500
"261322025012100401","27-JAN-2025 10:30","TP22","TWC2201 NZW0","NZWF",18.0000,0.0000,0.0000
"261322025012100401","27-JAN-2025 10:30","TP22","TWC2201 TWF0","CNIR",75.1600,0.0000,0.0000
"261322025012100401","27-JAN-2025 10:30","TP22","TWH0331 TUK0","MERI",58.5620,0.0000,0.0000
"261322025012100401","27-JAN-2025 10:30","TP22","WDV1101 TAP0","MERI",46.8600,0.0000,0.0000
"261322025012100401","27-JAN-2025 10:30","TP22","WGN0331","ERGY",0.0000,50.0000,55.0000
"261322025012100401","27-JAN-2025 10:30","TP22","WHI2201 WHI1","CTCT",0.0000,0.0000,0.0000
"261322025012100401","27-JAN-2025 10:30","TP22","WHI2201 WHI2","CTCT",0.0000,0.0000,0.0000
"261322025012100401","27-JAN-2025 10:30","TP22","WHI2201 WHI3","CTCT",0.0000,0.0000,0.0000
"261322025012100401","27-JAN-2025 10:30","TP22","WIL0331","MERI",0.0000,0.0000,0.0000
"261322025012100401","27-JAN-2025 10:30","TP22","WIL0331 MCK0","MERI",20.4170,0.0000,0.0000
"261322025012100401","27-JAN-2025 10:30","TP22","WKM2201 MOK0","TUAR",56.0000,0.0000,0.0000
"261322025012100401","27-JAN-2025 10:30","TP22","WKM2201 WKM0","MRPL",2.0000,0.0000,0.0720
"261322025012100401","27-JAN-2025 10:30","TP22","WPA2201 WPA0","MRPL",10.0000,1.0000,3.0000
"261322025012100401","27-JAN-2025 10:30","TP22","WRK0331 RKA0","MRPL",20.0000,0.0000,0.0000
"261322025012100401","27-JAN-2025 10:30","TP22","WRK0331 TAA0","CTCT",24.0000,0.0000,0.0000
"261322025012100401","27-JAN-2025 10:30","TP22","WRK2201 WRK0","CTCT",90.0000,0.0000,0.0000
"261322025012100401","27-JAN-2025 10:30","TP22","WTK0111 WTK0","MERI",59.5100,0.0000,0.0000
"261322025012100401","27-JAN-2025 10:30","TP22","WVY1101 WPP0","GENE",129.6220,0.0000,0.0000
"261322025012100401","27-JAN-2025 10:30","TP22","WWD1102 WWD0","MERI",54.8280,0.0000,0.0000
"261322025012100401","27-JAN-2025 10:30","TP22","WWD1103 WWD0","MERI",20.4730,0.0000,0.0000
"261322025012100401","27-JAN-2025 11:00","TP23","ARA2201 ARA0","MRPL",0.0000,0.0000,0.0000
"261322025012100401","27-JAN-2025 11:00","TP23","ARG1101 BRR0","CNIR",0.0000,0.0000,0.0000
"261322025012100401","27-JAN-2025 11:00","TP23","ARI1101 ARI0","MRPL",46.0000,1.0000,1.0000
"261322025012100401","27-JAN-2025 11:00","TP23","ARI1102 ARI0","MRPL",20.0000,0.0000,1.0000
"261322025012100401","27-JAN-2025 11:00","TP23","ASB0661 HBK0","CNIR",0.0000,0.0000,0.0000
"261322025012100401","27-JAN-2025 11:00","TP23","ATI2201 ATI0","MRPL",17.0000,0.0000,0.0000
"261322025012100401","27-JAN-2025 11:00","TP23","AVI2201 AVI0","MERI",101.6520,15.7600,23.6600
"261322025012100401","27-JAN-2025 11:00","TP23","BEN2202 BEN0","MERI",352.4270,4.9600,4.9600
"261322025012100401","27-JAN-2025 11:00","TP23","BOB1101","CNTP",0.0000,5.8100,7.2600
"261322025012100401","27-JAN-2025 11:00","TP23","BPE0331","SZRO",0.0000,0.0000,0.0000
"261322025012100401","27-JAN-2025 11:00","TP23","BPE0331 TWF0","CNIR",28.3300,0.0000,0.0000
"261322025012100401","27-JAN-2025 11:00","TP23","BWK1101 WPI0","CNIR",0.0000,0.0000,0.0000
"261322025012100401","27-JAN-2025 11:00","TP23","COL0661 COL0","CNIR",4.0000,0.0000,0.0000
"261322025012100401","27-JAN-2025 11:00","TP23","CPK0331","VWEN",0.0000,0.0000,0.0000
"261322025012100401","27-JAN-2025 11:00","TP23","CYD2201 CYD0","CTCT",206.0000,0.0000,0.0000
"261322025012100401","27-JAN-2025 11:00","TP23","GLN0332 GLN0","ALNT",43.0000,0.0000,0.0000
"261322025012100401","27-JAN-2025 11:00","TP23","GOR0331 KWD0","MRPL",35.2000,0.0000,0.0000
"261322025012100401","27-JAN-2025 11:00","TP23","HAM0331","WNET",0.0000,8.4080,0.0000
"261322025012100401","27-JAN-2025 11:00","TP23","HLY0331 RHO0","NPEL",0.0000,0.0000,0.0000
"261322025012100401","27-JAN-2025 11:00","TP23","HLY2201 HLY1","GENE",0.0000,0.0000,0.0000
"261322025012100401","27-JAN-2025 11:00","TP23","HLY2201 HLY2","GENE",0.0000,0.0000,0.0000
"261322025012100401","27-JAN-2025 11:00","TP23","HLY2201 HLY4","GENE",0.0000,0.0000,0.0000
"261322025012100401","27-JAN-2025 11:00","TP23","HLY2201 HLY5","GENE",240.0000,0.0010,0.0010
"261322025012100401","27-JAN-2025 11:00","TP23","HLY2201 HLY6","GENE",0.0000,0.0000,0.0000
"261322025012100401","27-JAN-2025 11:00","TP23","HRP2201 HRP0","MERI",15.1290,0.0000,0.0000
"261322025012100401","27-JAN-2025 11:00","TP23","HWA1101 PTA1","CNIR",0.0000,0.0000,0.0000
"261322025012100401","27-JAN-2025 11:00","TP23","HWA1101 PTA2","CNIR",0.0000,0.0000,0.0000
"261322025012100401","27-JAN-2025 11:00","TP23","HWA1101 PTA3","CNIR",0.0000,0.0000,0.0000
"261322025012100401","27-JAN-2025 11:00","TP23","HWA1102 WAA0","TODD",10.0000,0.0000,0.0000
"261322025012100401","27-JAN-2025 11:00","TP23","HWB0331 MAH0","CNIR",35.0800,0.0000,0.0000
"261322025012100401","27-JAN-2025 11:00","TP23","HWB0331 WPI0","CNIR",0.0000,0.0000,0.0000
"261322025012100401","27-JAN-2025 11:00","TP23","ISL0331","ERGY",0.0000,0.0000,0.0000
"261322025012100401","27-JAN-2025 11:00","TP23","ISL0661","SZRO",0.0000,0.0000,0.0000
"261322025012100401","27-JAN-2025 11:00","TP23","JRD1101 JRD0","TODD",0.0000,0.0000,0.0000
"261322025012100401","27-JAN-2025 11:00","TP23","KAW0111 TAM0","TAOM",24.0000,0.0000,0.0000
"261322025012100401","27-JAN-2025 11:00","TP23","KAW0112 ONU0","CHHE",47.0000,0.0000,0.0000
"261322025012100401","27-JAN-2025 11:00","TP23","KAW1101 KAG0","MRPL",102.0000,0.0000,0.0000
"261322025012100401","27-JAN-2025 11:00","TP23","KIN0112 KIN0","CNIR",0.0000,0.0000,0.0000
"261322025012100401","27-JAN-2025 11:00","TP23","KOE1101 KSF0","LODE",18.4760,0.0000,0.0000
"261322025012100401","27-JAN-2025 11:00","TP23","KOE1101 NGB0","NGAG",30.0000,0.0000,0.0000
"261322025012100401","27-JAN-2025 11:00","TP23","KPA1101 KPI1","TODD",4.0000,0.0000,0.0000
"261322025012100401","27-JAN-2025 11:00","TP23","KPO1101 KPO0","MRPL",44.0000,0.0000,1.0000
"261322025012100401","27-JAN-2025 11:00","TP23","KUM0661 KUM0","CNIR",2.8854,0.0000,0.0000
"261322025012100401","27-JAN-2025 11:00","TP23","LTN0331 TWF0","CNIR",28.0800,0.0000,0.0000
"261322025012100401","27-JAN-2025 11:00","TP23","LTN2201 TUR0","MRPL",147.1000,0.0000,0.0000
"261322025012100401","27-JAN-2025 11:00","TP23","MAN2201 MAN0","MERI",331.0000,23.9506,32.0000
"261322025012100401","27-JAN-2025 11:00","TP23","MAT1101 ANI0","PUNZ",14.0000,0.0000,0.0000
"261322025012100401","27-JAN-2025 11:00","TP23","MAT1101 MAT0","CNIR",20.0000,5.4000,0.0000
"261322025012100401","27-JAN-2025 11:00","TP23","MHO0331 MHO0","KING",20.5000,0.0000,0.0000
"261322025012100401","27-JAN-2025 11:00","TP23","MKE1101 MKE1","TODD",0.0000,0.0000,0.0000
"261322025012100401","27-JAN-2025 11:00","TP23","MPE1101","NTHP",0.0000,0.0000,0.0000
"261322025012100401","27-JAN-2025 11:00","TP23","MTI2201 MTI0","MRPL",93.0000,9.0000,14.0000
"261322025012100401","27-JAN-2025 11:00","TP23","NAP2201 NAP0","NAPJ",146.0000,0.0000,0.0000
"261322025012100401","27-JAN-2025 11:00","TP23","NAP2202 NTM0","MRPL",83.0000,0.0000,0.0000
"261322025012100401","27-JAN-2025 11:00","TP23","NMA0331 WHL0","MERI",9.1510,0.0000,0.0000
"261322025012100401","27-JAN-2025 11:00","TP23","NSY0331 PAE0","CNIR",3.0000,0.0000,0.0000
"261322025012100401","27-JAN-2025 11:00","TP23","OHA2201 OHA0","MERI",236.8920,0.0000,0.0000
"261322025012100401","27-JAN-2025 11:00","TP23","OHB2201 OHB0","MERI",197.0870,4.6400,5.6900
"261322025012100401","27-JAN-2025 11:00","TP23","OHC2201 OHC0","MERI",197.0870,4.6400,5.6900
"261322025012100401","27-JAN-2025 11:00","TP23","OHK2201 OHK0","MRPL",23.0000,0.0000,0.0000
"261322025012100401","27-JAN-2025 11:00","TP23","OKI2201 OKI0","CTCT",34.0000,0.0000,0.0000
"261322025012100401","27-JAN-2025 11:00","TP23","PEN0331","VCTR",0.0000,0.0000,16.4000
"261322025012100401","27-JAN-2025 11:00","TP23","PPI2201 PPI0","CTCT",37.0000,0.0000,0.0000
"261322025012100401","27-JAN-2025 11:00","TP23","ROT1101 WHE0","CNIR",6.5000,0.0000,0.0000
"261322025012100401","27-JAN-2025 11:00","TP23","ROX1101 ROX0","CTCT",38.0010,2.2801,0.0000
"261322025012100401","27-JAN-2025 11:00","TP23","ROX2201 ROX0","CTCT",114.0010,6.8401,5.7001
"261322025012100401","27-JAN-2025 11:00","TP23","RPO2201 RPO0","GENE",65.0000,0.0000,0.0000
"261322025012100401","27-JAN-2025 11:00","TP23","SFD0331","CTCT",0.0000,16.9360,9.4074
"261322025012100401","27-JAN-2025 11:00","TP23","SFD2201 SFD21","CTCT",0.0000,0.0000,0.0000
"261322025012100401","27-JAN-2025 11:00","TP23","SFD2201 SFD22","CTCT",0.0000,0.0000,0.0000
"261322025012100401","27-JAN-2025 11:00","TP23","SFD2201 SPL0","CTCT",0.0000,0.0000,0.0000
"261322025012100401","27-JAN-2025 11:00","TP23","STK0661 COB0","CNIR",0.0000,0.0000,0.0000
"261322025012100401","27-JAN-2025 11:00","TP23","TAB2201 TAB0","CTCT",170.0000,0.0000,0.0000
"261322025012100401","27-JAN-2025 11:00","TP23","TGA0331 KMI0","CNIR",23.5000,0.0000,0.0000
"261322025012100401","27-JAN-2025 11:00","TP23","THI2201 THI1","CTCT",82.0000,0.0000,0.0000
"261322025012100401","27-JAN-2025 11:00","TP23","THI2201 THI2","CTCT",83.0000,0.0000,0.0000
"261322025012100401","27-JAN-2025 11:00","TP23","TKA0111 TKA1","GENE",23.0000,0.0000,0.0000
"261322025012100401","27-JAN-2025 11:00","TP23","TKB2201 TKB1","GENE",122.0000,0.0000,0.0000
"261322025012100401","27-JAN-2025 11:00","TP23","TKU2201 TKU0","GENE",47.0000,3.0600,9.5800
"261322025012100401","27-JAN-2025 11:00","TP23","TUI1101 KTW0","GENE",7.7000,0.0000,0.0000
"261322025012100401","27-JAN-2025 11:00","TP23","TUI1101 PRI0","GENE",13.8000,0.0010,0.0010
"261322025012100401","27-JAN-2025 11:00","TP23","TUI1101 TUI0","GENE",18.5000,0.3000,9.4000
"261322025012100401","27-JAN-2025 11:00","TP23","TWC2201 NZW0","NZWF",18.0000,0.0000,0.0000
"261322025012100401","27-JAN-2025 11:00","TP23","TWC2201 TWF0","CNIR",75.1600,0.0000,0.0000
"261322025012100401","27-JAN-2025 11:00","TP23","TWH0331 TUK0","MERI",58.5620,0.0000,0.0000
"261322025012100401","27-JAN-2025 11:00","TP23","WDV1101 TAP0","MERI",46.8600,0.0000,0.0000
"261322025012100401","27-JAN-2025 11:00","TP23","WGN0331","ERGY",0.0000,50.0000,0.0000
"261322025012100401","27-JAN-2025 11:00","TP23","WHI2201 WHI1","CTCT",0.0000,0.0000,0.0000
"261322025012100401","27-JAN-2025 11:00","TP23","WHI2201 WHI2","CTCT",0.0000,0.0000,0.0000
"261322025012100401","27-JAN-2025 11:00","TP23","WHI2201 WHI3","CTCT",0.0000,0.0000,0.0000
"261322025012100401","27-JAN-2025 11:00","TP23","WIL0331","MERI",0.0000,0.0000,0.0000
"261322025012100401","27-JAN-2025 11:00","TP23","WIL0331 MCK0","MERI",20.4170,0.0000,0.0000
"261322025012100401","27-JAN-2025 11:00","TP23","WKM2201 MOK0","TUAR",56.0000,0.0000,0.0000
"261322025012100401","27-JAN-2025 11:00","TP23","WKM2201 WKM0","MRPL",56.0000,0.0000,0.0000
"261322025012100401","27-JAN-2025 11:00","TP23","WPA2201 WPA0","MRPL",18.0000,1.0000,3.0000
"261322025012100401","27-JAN-2025 11:00","TP23","WRK0331 RKA0","MRPL",20.0000,0.0000,0.0000
"261322025012100401","27-JAN-2025 11:00","TP23","WRK0331 TAA0","CTCT",24.0000,0.0000,0.0000
"261322025012100401","27-JAN-2025 11:00","TP23","WRK2201 WRK0","CTCT",90.0000,0.0000,0.0000
"261322025012100401","27-JAN-2025 11:00","TP23","WTK0111 WTK0","MERI",59.5000,0.0000,0.0000
"261322025012100401","27-JAN-2025 11:00","TP23","WVY1101 WPP0","GENE",129.6220,0.0000,0.0000
"261322025012100401","27-JAN-2025 11:00","TP23","WWD1102 WWD0","MERI",54.8280,0.0000,0.0000
"261322025012100401","27-JAN-2025 11:00","TP23","WWD1103 WWD0","MERI",20.4730,0.0000,0.0000
"261322025012100401","27-JAN-2025 11:30","TP24","ARA2201 ARA0","MRPL",0.0000,0.0000,0.0000
"261322025012100401","27-JAN-2025 11:30","TP24","ARG1101 BRR0","CNIR",0.0000,0.0000,0.0000
"261322025012100401","27-JAN-2025 11:30","TP24","ARI1101 ARI0","MRPL",46.0000,1.0000,1.0000
"261322025012100401","27-JAN-2025 11:30","TP24","ARI1102 ARI0","MRPL",20.0000,0.0000,1.0000
"261322025012100401","27-JAN-2025 11:30","TP24","ASB0661 HBK0","CNIR",0.0000,0.0000,0.0000
"261322025012100401","27-JAN-2025 11:30","TP24","ATI2201 ATI0","MRPL",34.0000,0.0000,0.0000
"261322025012100401","27-JAN-2025 11:30","TP24","AVI2201 AVI0","MERI",125.5410,7.4600,7.6960
"261322025012100401","27-JAN-2025 11:30","TP24","BEN2202 BEN0","MERI",381.0730,22.5400,32.3040
"261322025012100401","27-JAN-2025 11:30","TP24","BOB1101","CNTP",0.0000,5.3600,6.7000
"261322025012100401","27-JAN-2025 11:30","TP24","BPE0331","SZRO",0.0000,0.0000,0.0000
"261322025012100401","27-JAN-2025 11:30","TP24","BPE0331 TWF0","CNIR",28.3300,0.0000,0.0000
"261322025012100401","27-JAN-2025 11:30","TP24","BWK1101 WPI0","CNIR",0.0000,0.0000,0.0000
"261322025012100401","27-JAN-2025 11:30","TP24","COL0661 COL0","CNIR",18.0000,0.0000,0.0000
"261322025012100401","27-JAN-2025 11:30","TP24","CPK0331","VWEN",0.0000,0.0000,0.0000
"261322025012100401","27-JAN-2025 11:30","TP24","CYD2201 CYD0","CTCT",206.0000,0.5038,0.0000
"261322025012100401","27-JAN-2025 11:30","TP24","GLN0332 GLN0","ALNT",43.0000,0.0000,0.0000
"261322025012100401","27-JAN-2025 11:30","TP24","GOR0331 KWD0","MRPL",35.8000,0.0000,0.0000
"261322025012100401","27-JAN-2025 11:30","TP24","HAM0331","WNET",0.0000,4.8240,9.9410
"261322025012100401","27-JAN-2025 11:30","TP24","HLY0331 RHO0","NPEL",3.9440,0.0000,0.0000
"261322025012100401","27-JAN-2025 11:30","TP24","HLY2201 HLY1","GENE",0.0000,0.0000,0.0000
"261322025012100401","27-JAN-2025 11:30","TP24","HLY2201 HLY2","GENE",0.0000,0.0000,0.0000
"261322025012100401","27-JAN-2025 11:30","TP24","HLY2201 HLY4","GENE",0.0000,0.0000,0.0000
"261322025012100401","27-JAN-2025 11:30","TP24","HLY2201 HLY5","GENE",0.0000,0.0000,0.0000
"261322025012100401","27-JAN-2025 11:30","TP24","HLY2201 HLY6","GENE",0.0000,0.0000,0.0000
"261322025012100401","27-JAN-2025 11:30","TP24","HRP2201 HRP0","MERI",15.1290,0.0000,0.0000
"261322025012100401","27-JAN-2025 11:30","TP24","HWA1101 PTA1","CNIR",9.0000,0.0000,0.0000
"261322025012100401","27-JAN-2025 11:30","TP24","HWA1101 PTA2","CNIR",9.0000,0.0000,0.0000
"261322025012100401","27-JAN-2025 11:30","TP24","HWA1101 PTA3","CNIR",0.0000,0.0000,0.0000
"261322025012100401","27-JAN-2025 11:30","TP24","HWA1102 WAA0","TODD",10.0000,0.0000,0.0000
"261322025012100401","27-JAN-2025 11:30","TP24","HWB0331 MAH0","CNIR",35.0800,0.0000,0.0000
"261322025012100401","27-JAN-2025 11:30","TP24","HWB0331 WPI0","CNIR",0.0000,0.0000,0.0000
"261322025012100401","27-JAN-2025 11:30","TP24","ISL0331","ERGY",0.0000,0.0000,0.0000
"261322025012100401","27-JAN-2025 11:30","TP24","ISL0661","SZRO",0.0000,0.0000,0.0000
"261322025012100401","27-JAN-2025 11:30","TP24","JRD1101 JRD0","TODD",0.0000,0.0000,0.0000
"261322025012100401","27-JAN-2025 11:30","TP24","KAW0111 TAM0","TAOM",24.0000,0.0000,0.0000
"261322025012100401","27-JAN-2025 11:30","TP24","KAW0112 ONU0","CHHE",47.0000,0.0000,0.0000
"261322025012100401","27-JAN-2025 11:30","TP24","KAW1101 KAG0","MRPL",102.0000,0.0000,0.0000
"261322025012100401","27-JAN-2025 11:30","TP24","KIN0112 KIN0","CNIR",0.0000,0.0000,0.0000
"261322025012100401","27-JAN-2025 11:30","TP24","KOE1101 KSF0","LODE",20.7570,0.0000,0.0000
"261322025012100401","27-JAN-2025 11:30","TP24","KOE1101 NGB0","NGAG",30.0000,0.0000,0.0000
"261322025012100401","27-JAN-2025 11:30","TP24","KPA1101 KPI1","TODD",4.0000,0.0000,0.0000
"261322025012100401","27-JAN-2025 11:30","TP24","KPO1101 KPO0","MRPL",44.0000,0.0000,1.0000
"261322025012100401","27-JAN-2025 11:30","TP24","KUM0661 KUM0","CNIR",6.0000,0.0000,0.0000
"261322025012100401","27-JAN-2025 11:30","TP24","LTN0331 TWF0","CNIR",28.0800,0.0000,0.0000
"261322025012100401","27-JAN-2025 11:30","TP24","LTN2201 TUR0","MRPL",141.0000,0.0000,0.0000
"261322025012100401","27-JAN-2025 11:30","TP24","MAN2201 MAN0","MERI",331.0000,43.0000,54.7936
"261322025012100401","27-JAN-2025 11:30","TP24","MAT1101 ANI0","PUNZ",14.0000,0.0000,0.0000
"261322025012100401","27-JAN-2025 11:30","TP24","MAT1101 MAT0","CNIR",31.0000,3.0000,3.0000
"261322025012100401","27-JAN-2025 11:30","TP24","MHO0331 MHO0","KING",26.0000,0.0000,0.0000
"261322025012100401","27-JAN-2025 11:30","TP24","MKE1101 MKE1","TODD",0.0000,0.0000,0.0000
"261322025012100401","27-JAN-2025 11:30","TP24","MPE1101","NTHP",0.0000,0.0000,0.0000
"261322025012100401","27-JAN-2025 11:30","TP24","MTI2201 MTI0","MRPL",106.0000,5.0000,6.0000
"261322025012100401","27-JAN-2025 11:30","TP24","NAP2201 NAP0","NAPJ",146.0000,0.0000,0.0000
"261322025012100401","27-JAN-2025 11:30","TP24","NAP2202 NTM0","MRPL",83.0000,0.0000,0.0000
"261322025012100401","27-JAN-2025 11:30","TP24","NMA0331 WHL0","MERI",9.1510,0.0000,0.0000
"261322025012100401","27-JAN-2025 11:30","TP24","NSY0331 PAE0","CNIR",3.0000,0.0000,0.0000
"261322025012100401","27-JAN-2025 11:30","TP24","OHA2201 OHA0","MERI",245.0000,0.0000,0.0000
"261322025012100401","27-JAN-2025 11:30","TP24","OHB2201 OHB0","MERI",207.0000,0.0000,0.0000
"261322025012100401","27-JAN-2025 11:30","TP24","OHC2201 OHC0","MERI",207.0000,0.0000,0.0000
"261322025012100401","27-JAN-2025 11:30","TP24","OHK2201 OHK0","MRPL",28.7343,2.0000,5.0000
"261322025012100401","27-JAN-2025 11:30","TP24","OKI2201 OKI0","CTCT",34.0000,0.0000,0.0000
"261322025012100401","27-JAN-2025 11:30","TP24","PEN0331","VCTR",0.0000,0.0000,15.5500
"261322025012100401","27-JAN-2025 11:30","TP24","PPI2201 PPI0","CTCT",37.0000,0.0000,0.0000
"261322025012100401","27-JAN-2025 11:30","TP24","ROT1101 WHE0","CNIR",6.5000,0.0000,0.0000
"261322025012100401","27-JAN-2025 11:30","TP24","ROX1101 ROX0","CTCT",38.0010,2.2801,0.0000
"261322025012100401","27-JAN-2025 11:30","TP24","ROX2201 ROX0","CTCT",114.0010,6.8401,5.7001
"261322025012100401","27-JAN-2025 11:30","TP24","RPO2201 RPO0","GENE",65.0000,0.0000,0.0000
"261322025012100401","27-JAN-2025 11:30","TP24","SFD0331","CTCT",0.0000,16.9360,13.6190
"261322025012100401","27-JAN-2025 11:30","TP24","SFD2201 SFD21","CTCT",0.0000,0.0000,0.0000
"261322025012100401","27-JAN-2025 11:30","TP24","SFD2201 SFD22","CTCT",0.0000,0.0000,0.0000
"261322025012100401","27-JAN-2025 11:30","TP24","SFD2201 SPL0","CTCT",0.0000,0.0000,0.0000
"261322025012100401","27-JAN-2025 11:30","TP24","STK0661 COB0","CNIR",32.0000,0.0000,0.0000
"261322025012100401","27-JAN-2025 11:30","TP24","TAB2201 TAB0","CTCT",170.0000,0.0000,0.0000
"261322025012100401","27-JAN-2025 11:30","TP24","TGA0331 KMI0","CNIR",23.5000,0.0000,0.0000
"261322025012100401","27-JAN-2025 11:30","TP24","THI2201 THI1","CTCT",82.0000,0.0000,0.0000
"261322025012100401","27-JAN-2025 11:30","TP24","THI2201 THI2","CTCT",83.0000,0.0000,0.0000
"261322025012100401","27-JAN-2025 11:30","TP24","TKA0111 TKA1","GENE",23.0000,0.0000,0.0000
"261322025012100401","27-JAN-2025 11:30","TP24","TKB2201 TKB1","GENE",122.0000,0.0000,0.0000
"261322025012100401","27-JAN-2025 11:30","TP24","TKU2201 TKU0","GENE",47.0000,3.0600,9.5800
"261322025012100401","27-JAN-2025 11:30","TP24","TUI1101 KTW0","GENE",16.8000,0.0000,0.0000
"261322025012100401","27-JAN-2025 11:30","TP24","TUI1101 PRI0","GENE",22.5000,0.0010,0.0010
"261322025012100401","27-JAN-2025 11:30","TP24","TUI1101 TUI0","GENE",30.7000,0.3000,9.4000
"261322025012100401","27-JAN-2025 11:30","TP24","TWC2201 NZW0","NZWF",18.0000,0.0000,0.0000
"261322025012100401","27-JAN-2025 11:30","TP24","TWC2201 TWF0","CNIR",75.1600,0.0000,0.0000
"261322025012100401","27-JAN-2025 11:30","TP24","TWH0331 TUK0","MERI",58.5620,0.0000,0.0000
"261322025012100401","27-JAN-2025 11:30","TP24","WDV1101 TAP0","MERI",46.8600,0.0000,0.0000
"261322025012100401","27-JAN-2025 11:30","TP24","WGN0331","ERGY",0.0000,50.0000,55.0000
"261322025012100401","27-JAN-2025 11:30","TP24","WHI2201 WHI1","CTCT",0.0000,0.0000,0.0000
"261322025012100401","27-JAN-2025 11:30","TP24","WHI2201 WHI2","CTCT",0.0000,0.0000,0.0000
"261322025012100401","27-JAN-2025 11:30","TP24","WHI2201 WHI3","CTCT",0.0000,0.0000,0.0000
"261322025012100401","27-JAN-2025 11:30","TP24","WIL0331","MERI",0.0000,0.0000,0.0000
"261322025012100401","27-JAN-2025 11:30","TP24","WIL0331 MCK0","MERI",20.4170,0.0000,0.0000
"261322025012100401","27-JAN-2025 11:30","TP24","WKM2201 MOK0","TUAR",56.0000,0.0000,0.0000
"261322025012100401","27-JAN-2025 11:30","TP24","WKM2201 WKM0","MRPL",56.0000,0.0000,0.0000
"261322025012100401","27-JAN-2025 11:30","TP24","WPA2201 WPA0","MRPL",18.0000,1.0000,3.0000
"261322025012100401","27-JAN-2025 11:30","TP24","WRK0331 RKA0","MRPL",20.0000,0.0000,0.0000
"261322025012100401","27-JAN-2025 11:30","TP24","WRK0331 TAA0","CTCT",24.0000,0.0000,0.0000
"261322025012100401","27-JAN-2025 11:30","TP24","WRK2201 WRK0","CTCT",90.0000,0.0000,0.0000
"261322025012100401","27-JAN-2025 11:30","TP24","WTK0111 WTK0","MERI",59.4900,0.0000,0.0000
"261322025012100401","27-JAN-2025 11:30","TP24","WVY1101 WPP0","GENE",129.6220,0.0000,0.0000
"261322025012100401","27-JAN-2025 11:30","TP24","WWD1102 WWD0","MERI",54.8280,0.0000,0.0000
"261322025012100401","27-JAN-2025 11:30","TP24","WWD1103 WWD0","MERI",20.4730,0.0000,0.0000
"261322025012100401","27-JAN-2025 12:00","TP25","ARA2201 ARA0","MRPL",0.0000,0.0000,0.0000
"261322025012100401","27-JAN-2025 12:00","TP25","ARG1101 BRR0","CNIR",0.0000,0.0000,0.0000
"261322025012100401","27-JAN-2025 12:00","TP25","ARI1101 ARI0","MRPL",46.0000,1.0000,1.0000
"261322025012100401","27-JAN-2025 12:00","TP25","ARI1102 ARI0","MRPL",20.0000,0.0000,1.0000
"261322025012100401","27-JAN-2025 12:00","TP25","ASB0661 HBK0","CNIR",0.0000,0.0000,0.0000
"261322025012100401","27-JAN-2025 12:00","TP25","ATI2201 ATI0","MRPL",19.0000,0.0000,0.0000
"261322025012100401","27-JAN-2025 12:00","TP25","AVI2201 AVI0","MERI",95.0630,9.1920,8.0520
"261322025012100401","27-JAN-2025 12:00","TP25","BEN2202 BEN0","MERI",301.4570,20.8080,31.9480
"261322025012100401","27-JAN-2025 12:00","TP25","BOB1101","CNTP",0.0000,5.0400,6.3000
"261322025012100401","27-JAN-2025 12:00","TP25","BPE0331","SZRO",0.0000,0.0000,0.0000
"261322025012100401","27-JAN-2025 12:00","TP25","BPE0331 TWF0","CNIR",23.0000,0.0000,0.0000
"261322025012100401","27-JAN-2025 12:00","TP25","BWK1101 WPI0","CNIR",0.0000,0.0000,0.0000
"261322025012100401","27-JAN-2025 12:00","TP25","COL0661 COL0","CNIR",4.0000,0.0000,0.0000
"261322025012100401","27-JAN-2025 12:00","TP25","CPK0331","VWEN",0.0000,0.0000,0.0000
"261322025012100401","27-JAN-2025 12:00","TP25","CYD2201 CYD0","CTCT",206.0000,0.0000,0.0000
"261322025012100401","27-JAN-2025 12:00","TP25","GLN0332 GLN0","ALNT",43.0000,0.0000,0.0000
"261322025012100401","27-JAN-2025 12:00","TP25","GOR0331 KWD0","MRPL",36.3000,0.0000,0.0000
"261322025012100401","27-JAN-2025 12:00","TP25","HAM0331","WNET",0.0000,5.0270,9.4220
"261322025012100401","27-JAN-2025 12:00","TP25","HLY0331 RHO0","NPEL",0.0000,0.0000,0.0000
"261322025012100401","27-JAN-2025 12:00","TP25","HLY2201 HLY1","GENE",0.0000,0.0000,0.0000
"261322025012100401","27-JAN-2025 12:00","TP25","HLY2201 HLY2","GENE",0.0000,0.0000,0.0000
"261322025012100401","27-JAN-2025 12:00","TP25","HLY2201 HLY4","GENE",0.0000,0.0000,0.0000
"261322025012100401","27-JAN-2025 12:00","TP25","HLY2201 HLY5","GENE",227.2929,0.0000,0.0000
"261322025012100401","27-JAN-2025 12:00","TP25","HLY2201 HLY6","GENE",0.0000,0.0000,0.0000
"261322025012100401","27-JAN-2025 12:00","TP25","HRP2201 HRP0","MERI",52.7670,0.0000,0.0000
"261322025012100401","27-JAN-2025 12:00","TP25","HWA1101 PTA1","CNIR",3.0000,8.0000,0.0000
"261322025012100401","27-JAN-2025 12:00","TP25","HWA1101 PTA2","CNIR",0.0000,0.0000,0.0000
"261322025012100401","27-JAN-2025 12:00","TP25","HWA1101 PTA3","CNIR",0.0000,0.0000,0.0000
"261322025012100401","27-JAN-2025 12:00","TP25","HWA1102 WAA0","TODD",10.0000,0.0000,0.0000
"261322025012100401","27-JAN-2025 12:00","TP25","HWB0331 MAH0","CNIR",29.0000,0.0000,0.0000
"261322025012100401","27-JAN-2025 12:00","TP25","HWB0331 WPI0","CNIR",0.0000,0.0000,0.0000
"261322025012100401","27-JAN-2025 12:00","TP25","ISL0331","ERGY",0.0000,0.0000,0.0000
"261322025012100401","27-JAN-2025 12:00","TP25","ISL0661","SZRO",0.0000,0.0000,0.0000
"261322025012100401","27-JAN-2025 12:00","TP25","JRD1101 JRD0","TODD",0.0000,0.0000,0.0000
"261322025012100401","27-JAN-2025 12:00","TP25","KAW0111 TAM0","TAOM",24.0000,0.0000,0.0000
"261322025012100401","27-JAN-2025 12:00","TP25","KAW0112 ONU0","CHHE",47.0000,0.0000,0.0000
"261322025012100401","27-JAN-2025 12:00","TP25","KAW1101 KAG0","MRPL",102.0000,0.0000,0.0000
"261322025012100401","27-JAN-2025 12:00","TP25","KIN0112 KIN0","CNIR",0.0000,0.0000,0.0000
"261322025012100401","27-JAN-2025 12:00","TP25","KOE1101 KSF0","LODE",23.0320,0.0000,0.0000
"261322025012100401","27-JAN-2025 12:00","TP25","KOE1101 NGB0","NGAG",30.0000,0.0000,0.0000
"261322025012100401","27-JAN-2025 12:00","TP25","KPA1101 KPI1","TODD",4.0000,0.0000,0.0000
"261322025012100401","27-JAN-2025 12:00","TP25","KPO1101 KPO0","MRPL",44.0000,0.0000,1.0000
"261322025012100401","27-JAN-2025 12:00","TP25","KUM0661 KUM0","CNIR",3.0000,0.0000,0.0000
"261322025012100401","27-JAN-2025 12:00","TP25","LTN0331 TWF0","CNIR",23.4000,0.0000,0.0000
"261322025012100401","27-JAN-2025 12:00","TP25","LTN2201 TUR0","MRPL",126.1000,0.0000,0.0000
"261322025012100401","27-JAN-2025 12:00","TP25","MAN2201 MAN0","MERI",331.0000,29.4511,45.0469
"261322025012100401","27-JAN-2025 12:00","TP25","MAT1101 ANI0","PUNZ",14.0000,0.0000,0.0000
"261322025012100401","27-JAN-2025 12:00","TP25","MAT1101 MAT0","CNIR",27.0000,5.4000,5.1000
"261322025012100401","27-JAN-2025 12:00","TP25","MHO0331 MHO0","KING",20.5000,0.0000,0.0000
"261322025012100401","27-JAN-2025 12:00","TP25","MKE1101 MKE1","TODD",0.0000,0.0000,0.0000
"261322025012100401","27-JAN-2025 12:00","TP25","MPE1101","NTHP",0.0000,0.0000,0.0000
"261322025012100401","27-JAN-2025 12:00","TP25","MTI2201 MTI0","MRPL",111.0000,10.0000,15.0000
"261322025012100401","27-JAN-2025 12:00","TP25","NAP2201 NAP0","NAPJ",146.0000,0.0000,0.0000
"261322025012100401","27-JAN-2025 12:00","TP25","NAP2202 NTM0","MRPL",82.0000,0.0000,0.0000
"261322025012100401","27-JAN-2025 12:00","TP25","NMA0331 WHL0","MERI",18.6630,0.0000,0.0000
"261322025012100401","27-JAN-2025 12:00","TP25","NSY0331 PAE0","CNIR",3.0000,0.0000,0.0000
"261322025012100401","27-JAN-2025 12:00","TP25","OHA2201 OHA0","MERI",245.0000,0.0000,0.0000
"261322025012100401","27-JAN-2025 12:00","TP25","OHB2201 OHB0","MERI",207.0000,0.0000,0.0000
"261322025012100401","27-JAN-2025 12:00","TP25","OHC2201 OHC0","MERI",207.0000,0.0000,0.0000
"261322025012100401","27-JAN-2025 12:00","TP25","OHK2201 OHK0","MRPL",26.0000,2.0000,5.0000
"261322025012100401","27-JAN-2025 12:00","TP25","OKI2201 OKI0","CTCT",34.0000,0.0000,0.0000
"261322025012100401","27-JAN-2025 12:00","TP25","PEN0331","VCTR",0.0000,0.0000,14.7500
"261322025012100401","27-JAN-2025 12:00","TP25","PPI2201 PPI0","CTCT",37.0000,0.0000,0.0000
"261322025012100401","27-JAN-2025 12:00","TP25","ROT1101 WHE0","CNIR",6.5000,0.0000,0.0000
"261322025012100401","27-JAN-2025 12:00","TP25","ROX1101 ROX0","CTCT",38.0010,0.0000,1.5200
"261322025012100401","27-JAN-2025 12:00","TP25","ROX2201 ROX0","CTCT",114.0010,6.8401,5.7001
"261322025012100401","27-JAN-2025 12:00","TP25","RPO2201 RPO0","GENE",65.0000,0.0000,0.0000
"261322025012100401","27-JAN-2025 12:00","TP25","SFD0331","CTCT",0.0000,16.9360,13.6190
"261322025012100401","27-JAN-2025 12:00","TP25","SFD2201 SFD21","CTCT",0.0000,0.0000,0.0000
"261322025012100401","27-JAN-2025 12:00","TP25","SFD2201 SFD22","CTCT",0.0000,0.0000,0.0000
"261322025012100401","27-JAN-2025 12:00","TP25","SFD2201 SPL0","CTCT",0.0000,0.0000,0.0000
"261322025012100401","27-JAN-2025 12:00","TP25","STK0661 COB0","CNIR",0.0000,0.0000,0.0000
"261322025012100401","27-JAN-2025 12:00","TP25","TAB2201 TAB0","CTCT",170.0000,0.0000,0.0000
"261322025012100401","27-JAN-2025 12:00","TP25","TGA0331 KMI0","CNIR",23.5000,0.0000,0.0000
"261322025012100401","27-JAN-2025 12:00","TP25","THI2201 THI1","CTCT",82.0000,0.0000,0.0000
"261322025012100401","27-JAN-2025 12:00","TP25","THI2201 THI2","CTCT",83.0000,0.0000,0.0000
"261322025012100401","27-JAN-2025 12:00","TP25","TKA0111 TKA1","GENE",23.0000,0.0000,0.0000
"261322025012100401","27-JAN-2025 12:00","TP25","TKB2201 TKB1","GENE",122.0000,0.0000,0.0000
"261322025012100401","27-JAN-2025 12:00","TP25","TKU2201 TKU0","GENE",0.0000,3.0600,9.5800
"261322025012100401","27-JAN-2025 12:00","TP25","TUI1101 KTW0","GENE",7.7000,0.0000,0.0000
"261322025012100401","27-JAN-2025 12:00","TP25","TUI1101 PRI0","GENE",13.8000,0.0010,0.0010
"261322025012100401","27-JAN-2025 12:00","TP25","TUI1101 TUI0","GENE",18.5000,0.3000,9.4000
"261322025012100401","27-JAN-2025 12:00","TP25","TWC2201 NZW0","NZWF",21.0000,0.0000,0.0000
"261322025012100401","27-JAN-2025 12:00","TP25","TWC2201 TWF0","CNIR",51.0000,0.0000,0.0000
"261322025012100401","27-JAN-2025 12:00","TP25","TWH0331 TUK0","MERI",59.6180,0.0000,0.0000
"261322025012100401","27-JAN-2025 12:00","TP25","WDV1101 TAP0","MERI",30.1050,0.0000,0.0000
"261322025012100401","27-JAN-2025 12:00","TP25","WGN0331","ERGY",0.0000,50.0000,55.0000
"261322025012100401","27-JAN-2025 12:00","TP25","WHI2201 WHI1","CTCT",0.0000,0.0000,0.0000
"261322025012100401","27-JAN-2025 12:00","TP25","WHI2201 WHI2","CTCT",0.0000,0.0000,0.0000
"261322025012100401","27-JAN-2025 12:00","TP25","WHI2201 WHI3","CTCT",0.0000,0.0000,0.0000
"261322025012100401","27-JAN-2025 12:00","TP25","WIL0331","MERI",0.0000,0.0000,0.0000
"261322025012100401","27-JAN-2025 12:00","TP25","WIL0331 MCK0","MERI",37.7770,0.0000,0.0000
"261322025012100401","27-JAN-2025 12:00","TP25","WKM2201 MOK0","TUAR",56.0000,0.0000,0.0000
"261322025012100401","27-JAN-2025 12:00","TP25","WKM2201 WKM0","MRPL",56.0000,0.0000,0.0000
"261322025012100401","27-JAN-2025 12:00","TP25","WPA2201 WPA0","MRPL",18.0000,1.0000,3.0000
"261322025012100401","27-JAN-2025 12:00","TP25","WRK0331 RKA0","MRPL",20.0000,0.0000,0.0000
"261322025012100401","27-JAN-2025 12:00","TP25","WRK0331 TAA0","CTCT",24.0000,0.0000,0.0000
"261322025012100401","27-JAN-2025 12:00","TP25","WRK2201 WRK0","CTCT",90.0000,0.0000,0.0000
"261322025012100401","27-JAN-2025 12:00","TP25","WTK0111 WTK0","MERI",59.4800,0.0000,0.0000
"261322025012100401","27-JAN-2025 12:00","TP25","WVY1101 WPP0","GENE",130.7240,0.0000,0.0000
"261322025012100401","27-JAN-2025 12:00","TP25","WWD1102 WWD0","MERI",57.7790,0.0000,0.0000
"261322025012100401","27-JAN-2025 12:00","TP25","WWD1103 WWD0","MERI",25.5270,0.0000,0.0000
"261322025012100401","27-JAN-2025 12:30","TP26","ARA2201 ARA0","MRPL",0.0000,0.0000,0.0000
"261322025012100401","27-JAN-2025 12:30","TP26","ARG1101 BRR0","CNIR",0.0000,0.0000,0.0000
"261322025012100401","27-JAN-2025 12:30","TP26","ARI1101 ARI0","MRPL",46.0000,1.0000,1.0000
"261322025012100401","27-JAN-2025 12:30","TP26","ARI1102 ARI0","MRPL",20.0000,0.0000,1.0000
"261322025012100401","27-JAN-2025 12:30","TP26","ASB0661 HBK0","CNIR",0.0000,0.0000,0.0000
"261322025012100401","27-JAN-2025 12:30","TP26","ATI2201 ATI0","MRPL",17.0000,0.0000,0.0000
"261322025012100401","27-JAN-2025 12:30","TP26","AVI2201 AVI0","MERI",146.4590,13.3800,13.8180
"261322025012100401","27-JAN-2025 12:30","TP26","BEN2202 BEN0","MERI",244.0710,16.6200,26.1820
"261322025012100401","27-JAN-2025 12:30","TP26","BOB1101","CNTP",0.0000,4.7400,5.9200
"261322025012100401","27-JAN-2025 12:30","TP26","BPE0331","SZRO",0.0000,0.0000,0.0000
"261322025012100401","27-JAN-2025 12:30","TP26","BPE0331 TWF0","CNIR",23.0000,0.0000,0.0000
"261322025012100401","27-JAN-2025 12:30","TP26","BWK1101 WPI0","CNIR",0.0000,0.0000,0.0000
"261322025012100401","27-JAN-2025 12:30","TP26","COL0661 COL0","CNIR",4.0000,0.0000,0.0000
"261322025012100401","27-JAN-2025 12:30","TP26","CPK0331","VWEN",0.0000,0.0000,0.0000
"261322025012100401","27-JAN-2025 12:30","TP26","CYD2201 CYD0","CTCT",206.0000,1.9479,0.0000
"261322025012100401","27-JAN-2025 12:30","TP26","GLN0332 GLN0","ALNT",43.0000,0.0000,0.0000
"261322025012100401","27-JAN-2025 12:30","TP26","GOR0331 KWD0","MRPL",36.8000,0.0000,0.0000
"261322025012100401","27-JAN-2025 12:30","TP26","HAM0331","WNET",0.0000,5.5780,7.2990
"261322025012100401","27-JAN-2025 12:30","TP26","HLY0331 RHO0","NPEL",0.0000,0.0000,0.0000
"261322025012100401","27-JAN-2025 12:30","TP26","HLY2201 HLY1","GENE",0.0000,0.0000,0.0000
"261322025012100401","27-JAN-2025 12:30","TP26","HLY2201 HLY2","GENE",0.0000,0.0000,0.0000
"261322025012100401","27-JAN-2025 12:30","TP26","HLY2201 HLY4","GENE",0.0000,0.0000,0.0000
"261322025012100401","27-JAN-2025 12:30","TP26","HLY2201 HLY5","GENE",225.2776,0.0000,0.0000
"261322025012100401","27-JAN-2025 12:30","TP26","HLY2201 HLY6","GENE",0.0000,0.0000,0.0000
"261322025012100401","27-JAN-2025 12:30","TP26","HRP2201 HRP0","MERI",52.7670,0.0000,0.0000
"261322025012100401","27-JAN-2025 12:30","TP26","HWA1101 PTA1","CNIR",3.0000,8.0000,0.0000
"261322025012100401","27-JAN-2025 12:30","TP26","HWA1101 PTA2","CNIR",0.0000,0.0000,0.0000
"261322025012100401","27-JAN-2025 12:30","TP26","HWA1101 PTA3","CNIR",0.0000,0.0000,0.0000
"261322025012100401","27-JAN-2025 12:30","TP26","HWA1102 WAA0","TODD",10.0000,0.0000,0.0000
"261322025012100401","27-JAN-2025 12:30","TP26","HWB0331 MAH0","CNIR",29.0000,0.0000,0.0000
"261322025012100401","27-JAN-2025 12:30","TP26","HWB0331 WPI0","CNIR",0.0000,0.0000,0.0000
"261322025012100401","27-JAN-2025 12:30","TP26","ISL0331","ERGY",0.0000,0.0000,0.0000
"261322025012100401","27-JAN-2025 12:30","TP26","ISL0661","SZRO",0.0000,0.0000,0.0000
"261322025012100401","27-JAN-2025 12:30","TP26","JRD1101 JRD0","TODD",0.0000,0.0000,0.0000
"261322025012100401","27-JAN-2025 12:30","TP26","KAW0111 TAM0","TAOM",24.0000,0.0000,0.0000
"261322025012100401","27-JAN-2025 12:30","TP26","KAW0112 ONU0","CHHE",47.0000,0.0000,0.0000
"261322025012100401","27-JAN-2025 12:30","TP26","KAW1101 KAG0","MRPL",102.0000,0.0000,0.0000
"261322025012100401","27-JAN-2025 12:30","TP26","KIN0112 KIN0","CNIR",0.0000,0.0000,0.0000
"261322025012100401","27-JAN-2025 12:30","TP26","KOE1101 KSF0","LODE",23.7000,0.0000,0.0000
"261322025012100401","27-JAN-2025 12:30","TP26","KOE1101 NGB0","NGAG",30.0000,0.0000,0.0000
"261322025012100401","27-JAN-2025 12:30","TP26","KPA1101 KPI1","TODD",4.0000,0.0000,0.0000
"261322025012100401","27-JAN-2025 12:30","TP26","KPO1101 KPO0","MRPL",44.0000,0.0000,1.0000
"261322025012100401","27-JAN-2025 12:30","TP26","KUM0661 KUM0","CNIR",3.0000,0.0000,0.0000
"261322025012100401","27-JAN-2025 12:30","TP26","LTN0331 TWF0","CNIR",23.4000,0.0000,0.0000
"261322025012100401","27-JAN-2025 12:30","TP26","LTN2201 TUR0","MRPL",102.6000,0.0000,0.0000
"261322025012100401","27-JAN-2025 12:30","TP26","MAN2201 MAN0","MERI",331.0000,43.0000,63.5331
"261322025012100401","27-JAN-2025 12:30","TP26","MAT1101 ANI0","PUNZ",14.0000,0.0000,0.0000
"261322025012100401","27-JAN-2025 12:30","TP26","MAT1101 MAT0","CNIR",23.0000,5.4000,5.1000
"261322025012100401","27-JAN-2025 12:30","TP26","MHO0331 MHO0","KING",20.5000,0.0000,0.0000
"261322025012100401","27-JAN-2025 12:30","TP26","MKE1101 MKE1","TODD",0.0000,0.0000,0.0000
"261322025012100401","27-JAN-2025 12:30","TP26","MPE1101","NTHP",0.0000,0.0000,0.0000
"261322025012100401","27-JAN-2025 12:30","TP26","MTI2201 MTI0","MRPL",117.0000,10.0000,15.0000
"261322025012100401","27-JAN-2025 12:30","TP26","NAP2201 NAP0","NAPJ",146.0000,0.0000,0.0000
"261322025012100401","27-JAN-2025 12:30","TP26","NAP2202 NTM0","MRPL",82.0000,0.0000,0.0000
"261322025012100401","27-JAN-2025 12:30","TP26","NMA0331 WHL0","MERI",20.6100,0.0000,0.0000
"261322025012100401","27-JAN-2025 12:30","TP26","NSY0331 PAE0","CNIR",3.0000,0.0000,0.0000
"261322025012100401","27-JAN-2025 12:30","TP26","OHA2201 OHA0","MERI",245.0000,0.0000,0.0000
"261322025012100401","27-JAN-2025 12:30","TP26","OHB2201 OHB0","MERI",207.0000,0.0000,0.0000
"261322025012100401","27-JAN-2025 12:30","TP26","OHC2201 OHC0","MERI",207.0000,0.0000,0.0000
"261322025012100401","27-JAN-2025 12:30","TP26","OHK2201 OHK0","MRPL",23.0000,2.0000,5.0000
"261322025012100401","27-JAN-2025 12:30","TP26","OKI2201 OKI0","CTCT",34.0000,0.0000,0.0000
"261322025012100401","27-JAN-2025 12:30","TP26","PEN0331","VCTR",0.0000,0.0000,13.8500
"261322025012100401","27-JAN-2025 12:30","TP26","PPI2201 PPI0","CTCT",37.0000,0.0000,0.0000
"261322025012100401","27-JAN-2025 12:30","TP26","ROT1101 WHE0","CNIR",6.5000,0.0000,0.0000
"261322025012100401","27-JAN-2025 12:30","TP26","ROX1101 ROX0","CTCT",38.0010,2.2801,0.0000
"261322025012100401","27-JAN-2025 12:30","TP26","ROX2201 ROX0","CTCT",114.0010,6.8401,5.7001
"261322025012100401","27-JAN-2025 12:30","TP26","RPO2201 RPO0","GENE",65.0000,0.0000,0.0000
"261322025012100401","27-JAN-2025 12:30","TP26","SFD0331","CTCT",0.0000,16.9360,13.6190
"261322025012100401","27-JAN-2025 12:30","TP26","SFD2201 SFD21","CTCT",0.0000,0.0000,0.0000
"261322025012100401","27-JAN-2025 12:30","TP26","SFD2201 SFD22","CTCT",0.0000,0.0000,0.0000
"261322025012100401","27-JAN-2025 12:30","TP26","SFD2201 SPL0","CTCT",0.0000,0.0000,0.0000
"261322025012100401","27-JAN-2025 12:30","TP26","STK0661 COB0","CNIR",0.0000,0.0000,0.0000
"261322025012100401","27-JAN-2025 12:30","TP26","TAB2201 TAB0","CTCT",170.0000,0.0000,0.0000
"261322025012100401","27-JAN-2025 12:30","TP26","TGA0331 KMI0","CNIR",23.5000,0.0000,0.0000
"261322025012100401","27-JAN-2025 12:30","TP26","THI2201 THI1","CTCT",82.0000,0.0000,0.0000
"261322025012100401","27-JAN-2025 12:30","TP26","THI2201 THI2","CTCT",83.0000,0.0000,0.0000
"261322025012100401","27-JAN-2025 12:30","TP26","TKA0111 TKA1","GENE",23.0000,0.0000,0.0000
"261322025012100401","27-JAN-2025 12:30","TP26","TKB2201 TKB1","GENE",122.0000,0.0000,0.0000
"261322025012100401","27-JAN-2025 12:30","TP26","TKU2201 TKU0","GENE",0.0000,3.0600,9.5800
"261322025012100401","27-JAN-2025 12:30","TP26","TUI1101 KTW0","GENE",7.7000,0.0000,0.0000
"261322025012100401","27-JAN-2025 12:30","TP26","TUI1101 PRI0","GENE",13.8000,0.0010,0.0010
"261322025012100401","27-JAN-2025 12:30","TP26","TUI1101 TUI0","GENE",18.5000,0.3000,9.4000
"261322025012100401","27-JAN-2025 12:30","TP26","TWC2201 NZW0","NZWF",21.0000,0.0000,0.0000
"261322025012100401","27-JAN-2025 12:30","TP26","TWC2201 TWF0","CNIR",51.0000,0.0000,0.0000
"261322025012100401","27-JAN-2025 12:30","TP26","TWH0331 TUK0","MERI",59.6180,0.0000,0.0000
"261322025012100401","27-JAN-2025 12:30","TP26","WDV1101 TAP0","MERI",32.2920,0.0000,0.0000
"261322025012100401","27-JAN-2025 12:30","TP26","WGN0331","ERGY",0.0000,50.0000,55.0000
"261322025012100401","27-JAN-2025 12:30","TP26","WHI2201 WHI1","CTCT",0.0000,0.0000,0.0000
"261322025012100401","27-JAN-2025 12:30","TP26","WHI2201 WHI2","CTCT",0.0000,0.0000,0.0000
"261322025012100401","27-JAN-2025 12:30","TP26","WHI2201 WHI3","CTCT",0.0000,0.0000,0.0000
"261322025012100401","27-JAN-2025 12:30","TP26","WIL0331","MERI",0.0000,0.0000,0.0000
"261322025012100401","27-JAN-2025 12:30","TP26","WIL0331 MCK0","MERI",39.5480,0.0000,0.0000
"261322025012100401","27-JAN-2025 12:30","TP26","WKM2201 MOK0","TUAR",56.0000,0.0000,0.0000
"261322025012100401","27-JAN-2025 12:30","TP26","WKM2201 WKM0","MRPL",56.0000,0.0000,0.0000
"261322025012100401","27-JAN-2025 12:30","TP26","WPA2201 WPA0","MRPL",18.0000,1.0000,3.0000
"261322025012100401","27-JAN-2025 12:30","TP26","WRK0331 RKA0","MRPL",21.0000,0.0000,0.0000
"261322025012100401","27-JAN-2025 12:30","TP26","WRK0331 TAA0","CTCT",23.0000,0.0000,0.0000
"261322025012100401","27-JAN-2025 12:30","TP26","WRK2201 WRK0","CTCT",90.0000,0.0000,0.0000
"261322025012100401","27-JAN-2025 12:30","TP26","WTK0111 WTK0","MERI",59.4700,0.0000,0.0000
"261322025012100401","27-JAN-2025 12:30","TP26","WVY1101 WPP0","GENE",129.1590,0.0000,0.0000
"261322025012100401","27-JAN-2025 12:30","TP26","WWD1102 WWD0","MERI",57.6870,0.0000,0.0000
"261322025012100401","27-JAN-2025 12:30","TP26","WWD1103 WWD0","MERI",25.2340,0.0000,0.0000
"261322025012100401","27-JAN-2025 13:00","TP27","ARA2201 ARA0","MRPL",0.0000,0.0000,0.0000
"261322025012100401","27-JAN-2025 13:00","TP27","ARG1101 BRR0","CNIR",0.0000,0.0000,0.0000
"261322025012100401","27-JAN-2025 13:00","TP27","ARI1101 ARI0","MRPL",46.0000,1.0000,1.0000
"261322025012100401","27-JAN-2025 13:00","TP27","ARI1102 ARI0","MRPL",20.0000,0.0000,1.0000
"261322025012100401","27-JAN-2025 13:00","TP27","ASB0661 HBK0","CNIR",0.0000,0.0000,0.0000
"261322025012100401","27-JAN-2025 13:00","TP27","ATI2201 ATI0","MRPL",17.0000,0.0000,0.0000
"261322025012100401","27-JAN-2025 13:00","TP27","AVI2201 AVI0","MERI",141.5840,14.9970,15.4830
"261322025012100401","27-JAN-2025 13:00","TP27","BEN2202 BEN0","MERI",241.9360,15.0030,24.5170
"261322025012100401","27-JAN-2025 13:00","TP27","BOB1101","CNTP",0.0000,4.5400,5.6800
"261322025012100401","27-JAN-2025 13:00","TP27","BPE0331","SZRO",0.0000,0.0000,0.0000
"261322025012100401","27-JAN-2025 13:00","TP27","BPE0331 TWF0","CNIR",20.4000,0.0000,0.0000
"261322025012100401","27-JAN-2025 13:00","TP27","BWK1101 WPI0","CNIR",0.0000,0.0000,0.0000
"261322025012100401","27-JAN-2025 13:00","TP27","COL0661 COL0","CNIR",4.0000,0.0000,0.0000
"261322025012100401","27-JAN-2025 13:00","TP27","CPK0331","VWEN",0.0000,0.0000,0.0000
"261322025012100401","27-JAN-2025 13:00","TP27","CYD2201 CYD0","CTCT",206.0000,0.0000,15.5071
"261322025012100401","27-JAN-2025 13:00","TP27","GLN0332 GLN0","ALNT",43.0000,0.0000,0.0000
"261322025012100401","27-JAN-2025 13:00","TP27","GOR0331 KWD0","MRPL",37.1000,0.0000,0.0000
"261322025012100401","27-JAN-2025 13:00","TP27","HAM0331","WNET",0.0000,4.4580,7.8910
"261322025012100401","27-JAN-2025 13:00","TP27","HLY0331 RHO0","NPEL",0.0000,0.0000,0.0000
"261322025012100401","27-JAN-2025 13:00","TP27","HLY2201 HLY1","GENE",0.0000,0.0000,0.0000
"261322025012100401","27-JAN-2025 13:00","TP27","HLY2201 HLY2","GENE",0.0000,0.0000,0.0000
"261322025012100401","27-JAN-2025 13:00","TP27","HLY2201 HLY4","GENE",0.0000,0.0000,0.0000
"261322025012100401","27-JAN-2025 13:00","TP27","HLY2201 HLY5","GENE",217.0000,0.0000,0.0000
"261322025012100401","27-JAN-2025 13:00","TP27","HLY2201 HLY6","GENE",0.0000,0.0000,0.0000
"261322025012100401","27-JAN-2025 13:00","TP27","HRP2201 HRP0","MERI",52.7670,0.0000,0.0000
"261322025012100401","27-JAN-2025 13:00","TP27","HWA1101 PTA1","CNIR",3.0000,8.0000,0.0000
"261322025012100401","27-JAN-2025 13:00","TP27","HWA1101 PTA2","CNIR",0.0000,0.0000,0.0000
"261322025012100401","27-JAN-2025 13:00","TP27","HWA1101 PTA3","CNIR",0.0000,0.0000,0.0000
"261322025012100401","27-JAN-2025 13:00","TP27","HWA1102 WAA0","TODD",10.0000,0.0000,0.0000
"261322025012100401","27-JAN-2025 13:00","TP27","HWB0331 MAH0","CNIR",26.7000,0.0000,0.0000
"261322025012100401","27-JAN-2025 13:00","TP27","HWB0331 WPI0","CNIR",0.0000,0.0000,0.0000
"261322025012100401","27-JAN-2025 13:00","TP27","ISL0331","ERGY",0.0000,0.0000,0.0000
"261322025012100401","27-JAN-2025 13:00","TP27","ISL0661","SZRO",0.0000,0.0000,0.0000
"261322025012100401","27-JAN-2025 13:00","TP27","JRD1101 JRD0","TODD",0.0000,0.0000,0.0000
"261322025012100401","27-JAN-2025 13:00","TP27","KAW0111 TAM0","TAOM",24.0000,0.0000,0.0000
"261322025012100401","27-JAN-2025 13:00","TP27","KAW0112 ONU0","CHHE",47.0000,0.0000,0.0000
"261322025012100401","27-JAN-2025 13:00","TP27","KAW1101 KAG0","MRPL",102.0000,0.0000,0.0000
"261322025012100401","27-JAN-2025 13:00","TP27","KIN0112 KIN0","CNIR",0.0000,0.0000,0.0000
"261322025012100401","27-JAN-2025 13:00","TP27","KOE1101 KSF0","LODE",23.7000,0.0000,0.0000
"261322025012100401","27-JAN-2025 13:00","TP27","KOE1101 NGB0","NGAG",30.0000,0.0000,0.0000
"261322025012100401","27-JAN-2025 13:00","TP27","KPA1101 KPI1","TODD",4.0000,0.0000,0.0000
"261322025012100401","27-JAN-2025 13:00","TP27","KPO1101 KPO0","MRPL",44.0000,0.0000,1.0000
"261322025012100401","27-JAN-2025 13:00","TP27","KUM0661 KUM0","CNIR",0.0776,0.0000,0.0000
"261322025012100401","27-JAN-2025 13:00","TP27","LTN0331 TWF0","CNIR",20.8000,0.0000,0.0000
"261322025012100401","27-JAN-2025 13:00","TP27","LTN2201 TUR0","MRPL",83.0000,0.0000,0.0000
"261322025012100401","27-JAN-2025 13:00","TP27","MAN2201 MAN0","MERI",331.0000,23.4248,32.0000
"261322025012100401","27-JAN-2025 13:00","TP27","MAT1101 ANI0","PUNZ",14.0000,0.0000,0.0000
"261322025012100401","27-JAN-2025 13:00","TP27","MAT1101 MAT0","CNIR",20.0000,5.4000,5.1000
"261322025012100401","27-JAN-2025 13:00","TP27","MHO0331 MHO0","KING",20.5000,0.0000,0.0000
"261322025012100401","27-JAN-2025 13:00","TP27","MKE1101 MKE1","TODD",0.0000,0.0000,0.0000
"261322025012100401","27-JAN-2025 13:00","TP27","MPE1101","NTHP",0.0000,0.0000,0.0000
"261322025012100401","27-JAN-2025 13:00","TP27","MTI2201 MTI0","MRPL",115.0000,10.0000,15.0000
"261322025012100401","27-JAN-2025 13:00","TP27","NAP2201 NAP0","NAPJ",146.0000,0.0000,0.0000
"261322025012100401","27-JAN-2025 13:00","TP27","NAP2202 NTM0","MRPL",82.0000,0.0000,0.0000
"261322025012100401","27-JAN-2025 13:00","TP27","NMA0331 WHL0","MERI",20.9670,0.0000,0.0000
"261322025012100401","27-JAN-2025 13:00","TP27","NSY0331 PAE0","CNIR",3.0000,0.0000,0.0000
"261322025012100401","27-JAN-2025 13:00","TP27","OHA2201 OHA0","MERI",245.0000,0.0000,0.0000
"261322025012100401","27-JAN-2025 13:00","TP27","OHB2201 OHB0","MERI",207.0000,0.0000,0.0000
"261322025012100401","27-JAN-2025 13:00","TP27","OHC2201 OHC0","MERI",207.0000,0.0000,0.0000
"261322025012100401","27-JAN-2025 13:00","TP27","OHK2201 OHK0","MRPL",46.0000,0.0000,0.0000
"261322025012100401","27-JAN-2025 13:00","TP27","OKI2201 OKI0","CTCT",34.0000,0.0000,0.0000
"261322025012100401","27-JAN-2025 13:00","TP27","PEN0331","VCTR",0.0000,0.0000,12.7000
"261322025012100401","27-JAN-2025 13:00","TP27","PPI2201 PPI0","CTCT",37.0000,0.0000,0.0000
"261322025012100401","27-JAN-2025 13:00","TP27","ROT1101 WHE0","CNIR",6.5000,0.0000,0.0000
"261322025012100401","27-JAN-2025 13:00","TP27","ROX1101 ROX0","CTCT",38.0010,0.0000,0.0000
"261322025012100401","27-JAN-2025 13:00","TP27","ROX2201 ROX0","CTCT",114.0010,6.8401,5.7001
"261322025012100401","27-JAN-2025 13:00","TP27","RPO2201 RPO0","GENE",65.0000,0.0000,0.0000
"261322025012100401","27-JAN-2025 13:00","TP27","SFD0331","CTCT",0.0000,16.9360,13.6190
"261322025012100401","27-JAN-2025 13:00","TP27","SFD2201 SFD21","CTCT",0.0000,0.0000,0.0000
"261322025012100401","27-JAN-2025 13:00","TP27","SFD2201 SFD22","CTCT",0.0000,0.0000,0.0000
"261322025012100401","27-JAN-2025 13:00","TP27","SFD2201 SPL0","CTCT",0.0000,0.0000,0.0000
"261322025012100401","27-JAN-2025 13:00","TP27","STK0661 COB0","CNIR",0.0000,0.0000,0.0000
"261322025012100401","27-JAN-2025 13:00","TP27","TAB2201 TAB0","CTCT",170.0000,0.0000,0.0000
"261322025012100401","27-JAN-2025 13:00","TP27","TGA0331 KMI0","CNIR",23.5000,0.0000,0.0000
"261322025012100401","27-JAN-2025 13:00","TP27","THI2201 THI1","CTCT",82.0000,0.0000,0.0000
"261322025012100401","27-JAN-2025 13:00","TP27","THI2201 THI2","CTCT",83.0000,0.0000,0.0000
"261322025012100401","27-JAN-2025 13:00","TP27","TKA0111 TKA1","GENE",23.0000,0.0000,0.0000
"261322025012100401","27-JAN-2025 13:00","TP27","TKB2201 TKB1","GENE",122.0000,0.0000,0.0000
"261322025012100401","27-JAN-2025 13:00","TP27","TKU2201 TKU0","GENE",0.0000,3.0600,9.5800
"261322025012100401","27-JAN-2025 13:00","TP27","TUI1101 KTW0","GENE",7.7000,0.0000,0.0000
"261322025012100401","27-JAN-2025 13:00","TP27","TUI1101 PRI0","GENE",13.8000,0.0010,0.0010
"261322025012100401","27-JAN-2025 13:00","TP27","TUI1101 TUI0","GENE",18.5000,0.3000,9.4000
"261322025012100401","27-JAN-2025 13:00","TP27","TWC2201 NZW0","NZWF",21.0000,0.0000,0.0000
"261322025012100401","27-JAN-2025 13:00","TP27","TWC2201 TWF0","CNIR",44.5000,0.0000,0.0000
"261322025012100401","27-JAN-2025 13:00","TP27","TWH0331 TUK0","MERI",59.6180,0.0000,0.0000
"261322025012100401","27-JAN-2025 13:00","TP27","WDV1101 TAP0","MERI",33.8540,0.0000,0.0000
"261322025012100401","27-JAN-2025 13:00","TP27","WGN0331","ERGY",0.0000,50.0000,55.0000
"261322025012100401","27-JAN-2025 13:00","TP27","WHI2201 WHI1","CTCT",0.0000,0.0000,0.0000
"261322025012100401","27-JAN-2025 13:00","TP27","WHI2201 WHI2","CTCT",0.0000,0.0000,0.0000
"261322025012100401","27-JAN-2025 13:00","TP27","WHI2201 WHI3","CTCT",0.0000,0.0000,0.0000
"261322025012100401","27-JAN-2025 13:00","TP27","WIL0331","MERI",0.0000,0.0000,0.0000
"261322025012100401","27-JAN-2025 13:00","TP27","WIL0331 MCK0","MERI",41.2100,0.0000,0.0000
"261322025012100401","27-JAN-2025 13:00","TP27","WKM2201 MOK0","TUAR",56.0000,0.0000,0.0000
"261322025012100401","27-JAN-2025 13:00","TP27","WKM2201 WKM0","MRPL",56.0000,0.0000,1.0000
"261322025012100401","27-JAN-2025 13:00","TP27","WPA2201 WPA0","MRPL",18.0000,0.0000,0.0000
"261322025012100401","27-JAN-2025 13:00","TP27","WRK0331 RKA0","MRPL",21.0000,0.0000,0.0000
"261322025012100401","27-JAN-2025 13:00","TP27","WRK0331 TAA0","CTCT",23.0000,0.0000,0.0000
"261322025012100401","27-JAN-2025 13:00","TP27","WRK2201 WRK0","CTCT",90.0000,0.0000,0.0000
"261322025012100401","27-JAN-2025 13:00","TP27","WTK0111 WTK0","MERI",59.4800,0.0000,0.0000
"261322025012100401","27-JAN-2025 13:00","TP27","WVY1101 WPP0","GENE",124.4470,0.0000,0.0000
"261322025012100401","27-JAN-2025 13:00","TP27","WWD1102 WWD0","MERI",59.4420,0.0000,0.0000
"261322025012100401","27-JAN-2025 13:00","TP27","WWD1103 WWD0","MERI",25.6460,0.0000,0.0000
"261322025012100401","27-JAN-2025 13:30","TP28","ARA2201 ARA0","MRPL",0.0000,0.0000,0.0000
"261322025012100401","27-JAN-2025 13:30","TP28","ARG1101 BRR0","CNIR",0.0000,0.0000,0.0000
"261322025012100401","27-JAN-2025 13:30","TP28","ARI1101 ARI0","MRPL",46.0000,1.0000,1.0000
"261322025012100401","27-JAN-2025 13:30","TP28","ARI1102 ARI0","MRPL",20.0000,0.0000,1.0000
"261322025012100401","27-JAN-2025 13:30","TP28","ASB0661 HBK0","CNIR",0.0000,0.0000,0.0000
"261322025012100401","27-JAN-2025 13:30","TP28","ATI2201 ATI0","MRPL",17.0000,0.0000,0.0000
"261322025012100401","27-JAN-2025 13:30","TP28","AVI2201 AVI0","MERI",148.8430,11.6600,11.7640
"261322025012100401","27-JAN-2025 13:30","TP28","BEN2202 BEN0","MERI",236.6770,18.3400,28.2360
"261322025012100401","27-JAN-2025 13:30","TP28","BOB1101","CNTP",0.0000,4.1700,5.2200
"261322025012100401","27-JAN-2025 13:30","TP28","BPE0331","SZRO",0.0000,0.0000,0.0000
"261322025012100401","27-JAN-2025 13:30","TP28","BPE0331 TWF0","CNIR",20.4000,0.0000,0.0000
"261322025012100401","27-JAN-2025 13:30","TP28","BWK1101 WPI0","CNIR",0.0000,0.0000,0.0000
"261322025012100401","27-JAN-2025 13:30","TP28","COL0661 COL0","CNIR",4.0000,0.0000,0.0000
"261322025012100401","27-JAN-2025 13:30","TP28","CPK0331","VWEN",0.0000,0.0000,0.0000
"261322025012100401","27-JAN-2025 13:30","TP28","CYD2201 CYD0","CTCT",206.0000,14.3857,0.0000
"261322025012100401","27-JAN-2025 13:30","TP28","GLN0332 GLN0","ALNT",43.0000,0.0000,0.0000
"261322025012100401","27-JAN-2025 13:30","TP28","GOR0331 KWD0","MRPL",37.2000,0.0000,0.0000
"261322025012100401","27-JAN-2025 13:30","TP28","HAM0331","WNET",0.0000,5.6410,7.6840
"261322025012100401","27-JAN-2025 13:30","TP28","HLY0331 RHO0","NPEL",0.0000,0.0000,0.0000
"261322025012100401","27-JAN-2025 13:30","TP28","HLY2201 HLY1","GENE",0.0000,0.0000,0.0000
"261322025012100401","27-JAN-2025 13:30","TP28","HLY2201 HLY2","GENE",0.0000,0.0000,0.0000
"261322025012100401","27-JAN-2025 13:30","TP28","HLY2201 HLY4","GENE",0.0000,0.0000,0.0000
"261322025012100401","27-JAN-2025 13:30","TP28","HLY2201 HLY5","GENE",217.0000,0.0000,0.0000
"261322025012100401","27-JAN-2025 13:30","TP28","HLY2201 HLY6","GENE",0.0000,0.0000,0.0000
"261322025012100401","27-JAN-2025 13:30","TP28","HRP2201 HRP0","MERI",53.9020,0.0000,0.0000
"261322025012100401","27-JAN-2025 13:30","TP28","HWA1101 PTA1","CNIR",0.0000,0.0000,0.0000
"261322025012100401","27-JAN-2025 13:30","TP28","HWA1101 PTA2","CNIR",0.0000,0.0000,0.0000
"261322025012100401","27-JAN-2025 13:30","TP28","HWA1101 PTA3","CNIR",0.0000,0.0000,0.0000
"261322025012100401","27-JAN-2025 13:30","TP28","HWA1102 WAA0","TODD",10.0000,0.0000,0.0000
"261322025012100401","27-JAN-2025 13:30","TP28","HWB0331 MAH0","CNIR",26.7000,0.0000,0.0000
"261322025012100401","27-JAN-2025 13:30","TP28","HWB0331 WPI0","CNIR",0.0000,0.0000,0.0000
"261322025012100401","27-JAN-2025 13:30","TP28","ISL0331","ERGY",0.0000,0.0000,0.0000
"261322025012100401","27-JAN-2025 13:30","TP28","ISL0661","SZRO",0.0000,0.0000,0.0000
"261322025012100401","27-JAN-2025 13:30","TP28","JRD1101 JRD0","TODD",0.0000,0.0000,0.0000
"261322025012100401","27-JAN-2025 13:30","TP28","KAW0111 TAM0","TAOM",24.0000,0.0000,0.0000
"261322025012100401","27-JAN-2025 13:30","TP28","KAW0112 ONU0","CHHE",47.0000,0.0000,0.0000
"261322025012100401","27-JAN-2025 13:30","TP28","KAW1101 KAG0","MRPL",102.0000,0.0000,0.0000
"261322025012100401","27-JAN-2025 13:30","TP28","KIN0112 KIN0","CNIR",0.0000,0.0000,0.0000
"261322025012100401","27-JAN-2025 13:30","TP28","KOE1101 KSF0","LODE",23.7000,0.0000,0.0000
"261322025012100401","27-JAN-2025 13:30","TP28","KOE1101 NGB0","NGAG",30.0000,0.0000,0.0000
"261322025012100401","27-JAN-2025 13:30","TP28","KPA1101 KPI1","TODD",4.0000,0.0000,0.0000
"261322025012100401","27-JAN-2025 13:30","TP28","KPO1101 KPO0","MRPL",44.0000,0.0000,1.0000
"261322025012100401","27-JAN-2025 13:30","TP28","KUM0661 KUM0","CNIR",0.0000,0.0000,0.0000
"261322025012100401","27-JAN-2025 13:30","TP28","LTN0331 TWF0","CNIR",20.8000,0.0000,0.0000
"261322025012100401","27-JAN-2025 13:30","TP28","LTN2201 TUR0","MRPL",67.6000,0.0000,0.0000
"261322025012100401","27-JAN-2025 13:30","TP28","MAN2201 MAN0","MERI",331.0000,43.0000,56.0989
"261322025012100401","27-JAN-2025 13:30","TP28","MAT1101 ANI0","PUNZ",14.0000,0.0000,0.0000
"261322025012100401","27-JAN-2025 13:30","TP28","MAT1101 MAT0","CNIR",20.0000,5.4000,5.1000
"261322025012100401","27-JAN-2025 13:30","TP28","MHO0331 MHO0","KING",20.5000,0.0000,0.0000
"261322025012100401","27-JAN-2025 13:30","TP28","MKE1101 MKE1","TODD",0.0000,0.0000,0.0000
"261322025012100401","27-JAN-2025 13:30","TP28","MPE1101","NTHP",0.0000,0.0000,0.0000
"261322025012100401","27-JAN-2025 13:30","TP28","MTI2201 MTI0","MRPL",105.3526,10.0000,15.0000
"261322025012100401","27-JAN-2025 13:30","TP28","NAP2201 NAP0","NAPJ",146.0000,0.0000,0.0000
"261322025012100401","27-JAN-2025 13:30","TP28","NAP2202 NTM0","MRPL",82.0000,0.0000,0.0000
"261322025012100401","27-JAN-2025 13:30","TP28","NMA0331 WHL0","MERI",20.9820,0.0000,0.0000
"261322025012100401","27-JAN-2025 13:30","TP28","NSY0331 PAE0","CNIR",3.0000,0.0000,0.0000
"261322025012100401","27-JAN-2025 13:30","TP28","OHA2201 OHA0","MERI",245.0000,0.0000,0.0000
"261322025012100401","27-JAN-2025 13:30","TP28","OHB2201 OHB0","MERI",207.0000,0.0000,0.0000
"261322025012100401","27-JAN-2025 13:30","TP28","OHC2201 OHC0","MERI",207.0000,0.0000,0.0000
"261322025012100401","27-JAN-2025 13:30","TP28","OHK2201 OHK0","MRPL",23.0000,2.0000,5.0000
"261322025012100401","27-JAN-2025 13:30","TP28","OKI2201 OKI0","CTCT",34.0000,0.0000,0.0000
"261322025012100401","27-JAN-2025 13:30","TP28","PEN0331","VCTR",0.0000,0.0000,11.6000
"261322025012100401","27-JAN-2025 13:30","TP28","PPI2201 PPI0","CTCT",37.0000,0.0000,0.0000
"261322025012100401","27-JAN-2025 13:30","TP28","ROT1101 WHE0","CNIR",6.5000,0.0000,0.0000
"261322025012100401","27-JAN-2025 13:30","TP28","ROX1101 ROX0","CTCT",38.0010,2.2801,1.5200
"261322025012100401","27-JAN-2025 13:30","TP28","ROX2201 ROX0","CTCT",114.0010,6.8401,5.7001
"261322025012100401","27-JAN-2025 13:30","TP28","RPO2201 RPO0","GENE",65.0000,0.0000,0.0000
"261322025012100401","27-JAN-2025 13:30","TP28","SFD0331","CTCT",0.0000,16.9360,13.6190
"261322025012100401","27-JAN-2025 13:30","TP28","SFD2201 SFD21","CTCT",0.0000,0.0000,0.0000
"261322025012100401","27-JAN-2025 13:30","TP28","SFD2201 SFD22","CTCT",0.0000,0.0000,0.0000
"261322025012100401","27-JAN-2025 13:30","TP28","SFD2201 SPL0","CTCT",0.0000,0.0000,0.0000
"261322025012100401","27-JAN-2025 13:30","TP28","STK0661 COB0","CNIR",0.0000,0.0000,0.0000
"261322025012100401","27-JAN-2025 13:30","TP28","TAB2201 TAB0","CTCT",170.0000,0.0000,0.0000
"261322025012100401","27-JAN-2025 13:30","TP28","TGA0331 KMI0","CNIR",23.5000,0.0000,0.0000
"261322025012100401","27-JAN-2025 13:30","TP28","THI2201 THI1","CTCT",82.0000,0.0000,0.0000
"261322025012100401","27-JAN-2025 13:30","TP28","THI2201 THI2","CTCT",83.0000,0.0000,0.0000
"261322025012100401","27-JAN-2025 13:30","TP28","TKA0111 TKA1","GENE",23.0000,0.0000,0.0000
"261322025012100401","27-JAN-2025 13:30","TP28","TKB2201 TKB1","GENE",122.0000,0.0000,0.0000
"261322025012100401","27-JAN-2025 13:30","TP28","TKU2201 TKU0","GENE",0.0000,3.0600,9.5800
"261322025012100401","27-JAN-2025 13:30","TP28","TUI1101 KTW0","GENE",7.7000,0.0000,0.0000
"261322025012100401","27-JAN-2025 13:30","TP28","TUI1101 PRI0","GENE",13.8000,0.0010,0.0010
"261322025012100401","27-JAN-2025 13:30","TP28","TUI1101 TUI0","GENE",18.5000,0.3000,9.4000
"261322025012100401","27-JAN-2025 13:30","TP28","TWC2201 NZW0","NZWF",21.0000,0.0000,0.0000
"261322025012100401","27-JAN-2025 13:30","TP28","TWC2201 TWF0","CNIR",44.5000,0.0000,0.0000
"261322025012100401","27-JAN-2025 13:30","TP28","TWH0331 TUK0","MERI",59.7510,0.0000,0.0000
"261322025012100401","27-JAN-2025 13:30","TP28","WDV1101 TAP0","MERI",30.1050,0.0000,0.0000
"261322025012100401","27-JAN-2025 13:30","TP28","WGN0331","ERGY",0.0000,50.0000,55.0000
"261322025012100401","27-JAN-2025 13:30","TP28","WHI2201 WHI1","CTCT",0.0000,0.0000,0.0000
"261322025012100401","27-JAN-2025 13:30","TP28","WHI2201 WHI2","CTCT",0.0000,0.0000,0.0000
"261322025012100401","27-JAN-2025 13:30","TP28","WHI2201 WHI3","CTCT",0.0000,0.0000,0.0000
"261322025012100401","27-JAN-2025 13:30","TP28","WIL0331","MERI",0.0000,0.0000,0.0000
"261322025012100401","27-JAN-2025 13:30","TP28","WIL0331 MCK0","MERI",42.7630,0.0000,0.0000
"261322025012100401","27-JAN-2025 13:30","TP28","WKM2201 MOK0","TUAR",56.0000,0.0000,0.0000
"261322025012100401","27-JAN-2025 13:30","TP28","WKM2201 WKM0","MRPL",56.0000,0.0000,0.0000
"261322025012100401","27-JAN-2025 13:30","TP28","WPA2201 WPA0","MRPL",18.0000,1.0000,3.0000
"261322025012100401","27-JAN-2025 13:30","TP28","WRK0331 RKA0","MRPL",21.0000,0.0000,0.0000
"261322025012100401","27-JAN-2025 13:30","TP28","WRK0331 TAA0","CTCT",23.0000,0.0000,0.0000
"261322025012100401","27-JAN-2025 13:30","TP28","WRK2201 WRK0","CTCT",90.0000,0.0000,0.0000
"261322025012100401","27-JAN-2025 13:30","TP28","WTK0111 WTK0","MERI",59.4800,0.0000,0.0000
"261322025012100401","27-JAN-2025 13:30","TP28","WVY1101 WPP0","GENE",116.5880,0.0000,0.0000
"261322025012100401","27-JAN-2025 13:30","TP28","WWD1102 WWD0","MERI",58.8640,0.0000,0.0000
"261322025012100401","27-JAN-2025 13:30","TP28","WWD1103 WWD0","MERI",25.7490,0.0000,0.0000
