"DateTime","RunTime","Node","Generation (MW)","Load (MW)","Price ($/MWh)","Deficit(MW)","Surplus(MW)"
"06-NOV-2022 17:25","06-NOV-2022 17:24:01","ABY0111",0.0000,-3.0000,15.7872,0.0000,0.0000
"06-NOV-2022 17:25","06-NOV-2022 17:24:01","ABY1101",0.0000,0.0000,15.8037,0.0000,0.0000
"06-NOV-2022 17:25","06-NOV-2022 17:24:01","ALB0331",0.0000,71.3712,19.5818,0.0000,0.0000
"06-NOV-2022 17:25","06-NOV-2022 17:24:01","ALB1101",0.0000,33.6103,19.5593,0.0000,0.0000
"06-NOV-2022 17:25","06-NOV-2022 17:24:01","ALB2201",0.0000,0.0000,19.5323,0.0000,0.0000
"06-NOV-2022 17:25","06-NOV-2022 17:24:01","APS0111",0.0000,0.0000,18.1177,0.0000,0.0000
"06-NOV-2022 17:25","06-NOV-2022 17:24:01","APS0661",0.0000,0.0000,18.1104,0.0000,0.0000
"06-NOV-2022 17:25","06-NOV-2022 17:24:01","ARA2201",0.0000,0.0000,17.7756,0.0000,0.0000
"06-NOV-2022 17:25","06-NOV-2022 17:24:01","ARA2201 ARA0",72.0000,0.0000,17.7756,0.0000,0.0000
"06-NOV-2022 17:25","06-NOV-2022 17:24:01","ARG1101",0.0000,0.0000,17.3349,0.0000,0.0000
"06-NOV-2022 17:25","06-NOV-2022 17:24:01","ARG1101 BRR0",10.0000,0.0000,17.3349,0.0000,0.0000
"06-NOV-2022 17:25","06-NOV-2022 17:24:01","ARI1101",0.0000,0.1650,16.7473,0.0000,0.0000
"06-NOV-2022 17:25","06-NOV-2022 17:24:01","ARI1101 ARI0",69.0000,0.0000,16.7473,0.0000,0.0000
"06-NOV-2022 17:25","06-NOV-2022 17:24:01","ARI1102",0.0000,0.0000,18.5039,0.0000,0.0000
"06-NOV-2022 17:25","06-NOV-2022 17:24:01","ARI1102 ARI0",60.0000,0.0000,18.5039,0.0000,0.0000
"06-NOV-2022 17:25","06-NOV-2022 17:24:01","ASB0661",0.0000,136.3000,16.6043,0.0000,0.0000
"06-NOV-2022 17:25","06-NOV-2022 17:24:01","ASB0661 HBK0",0.0000,0.0000,16.6043,0.0000,0.0000
"06-NOV-2022 17:25","06-NOV-2022 17:24:01","ASB2201",0.0000,0.0000,16.5395,0.0000,0.0000
"06-NOV-2022 17:25","06-NOV-2022 17:24:01","ASY0111",0.0000,9.8653,17.6269,0.0000,0.0000
"06-NOV-2022 17:25","06-NOV-2022 17:24:01","ASY0661",0.0000,0.0000,17.6149,0.0000,0.0000
"06-NOV-2022 17:25","06-NOV-2022 17:24:01","ATI2201",0.0000,0.4384,17.7344,0.0000,0.0000
"06-NOV-2022 17:25","06-NOV-2022 17:24:01","ATI2201 ATI0",51.0000,0.0000,17.7344,0.0000,0.0000
"06-NOV-2022 17:25","06-NOV-2022 17:24:01","ATU1101",0.0000,0.0000,17.6684,0.0000,0.0000
"06-NOV-2022 17:25","06-NOV-2022 17:24:01","AVI2201",0.0000,0.0000,15.8503,0.0000,0.0000
"06-NOV-2022 17:25","06-NOV-2022 17:24:01","AVI2201 AVI0",98.9570,0.0000,15.8503,0.0000,0.0000
"06-NOV-2022 17:25","06-NOV-2022 17:24:01","BAL0331",0.0000,21.6433,16.0893,0.0000,0.0000
"06-NOV-2022 17:25","06-NOV-2022 17:24:01","BAL1101",0.0000,0.0000,16.0142,0.0000,0.0000
"06-NOV-2022 17:25","06-NOV-2022 17:24:01","BDE0111",0.0000,8.2547,15.6342,0.0000,0.0000
"06-NOV-2022 17:25","06-NOV-2022 17:24:01","BDE1101",0.0000,0.0000,15.5884,0.0000,0.0000
"06-NOV-2022 17:25","06-NOV-2022 17:24:01","BEN2201",0.0000,0.0000,15.8926,0.0000,0.0000
"06-NOV-2022 17:25","06-NOV-2022 17:24:01","BEN2202",0.0000,0.0000,15.8926,0.0000,0.0000
"06-NOV-2022 17:25","06-NOV-2022 17:24:01","BEN2202 BEN0",329.0310,0.0000,15.8926,0.0000,0.0000
"06-NOV-2022 17:25","06-NOV-2022 17:24:01","BEN3502",0.0000,0.0000,15.8926,0.0000,0.0000
"06-NOV-2022 17:25","06-NOV-2022 17:24:01","BEN3503",0.0000,0.0000,15.8926,0.0000,0.0000
"06-NOV-2022 17:25","06-NOV-2022 17:24:01","BHL2201",0.0000,0.0000,19.2632,0.0000,0.0000
"06-NOV-2022 17:25","06-NOV-2022 17:24:01","BHL2202",0.0000,0.0000,19.2634,0.0000,0.0000
"06-NOV-2022 17:25","06-NOV-2022 17:24:01","BLN0331",0.0000,39.4614,17.7863,0.0000,0.0000
"06-NOV-2022 17:25","06-NOV-2022 17:24:01","BLN1101",0.0000,0.0000,17.7489,0.0000,0.0000
"06-NOV-2022 17:25","06-NOV-2022 17:24:01","BOB0331",0.0000,7.2890,19.7179,0.0000,0.0000
"06-NOV-2022 17:25","06-NOV-2022 17:24:01","BOB1101",0.0000,40.8992,19.6646,0.0000,0.0000
"06-NOV-2022 17:25","06-NOV-2022 17:24:01","BPC1101",0.0000,0.0000,16.1348,0.0000,0.0000
"06-NOV-2022 17:25","06-NOV-2022 17:24:01","BPD1101",0.0000,8.8587,16.2261,0.0000,0.0000
"06-NOV-2022 17:25","06-NOV-2022 17:24:01","BPE0331",0.0000,53.0070,17.3627,0.0000,0.0000
"06-NOV-2022 17:25","06-NOV-2022 17:24:01","BPE0331 TWF0",9.3600,0.0000,17.3627,0.0000,0.0000
"06-NOV-2022 17:25","06-NOV-2022 17:24:01","BPE0551",0.0000,0.0000,17.3218,0.0000,0.0000
"06-NOV-2022 17:25","06-NOV-2022 17:24:01","BPE1101",0.0000,0.0000,17.2954,0.0000,0.0000
"06-NOV-2022 17:25","06-NOV-2022 17:24:01","BPE2201",0.0000,0.0000,17.3079,0.0000,0.0000
"06-NOV-2022 17:25","06-NOV-2022 17:24:01","BPT1101",0.0000,1.1486,16.1384,0.0000,0.0000
"06-NOV-2022 17:25","06-NOV-2022 17:24:01","BRB0331",0.0000,12.5532,19.7123,0.0000,0.0000
"06-NOV-2022 17:25","06-NOV-2022 17:24:01","BRB2201",0.0000,0.0000,19.6983,0.0000,0.0000
"06-NOV-2022 17:25","06-NOV-2022 17:24:01","BRK0331",0.0000,14.1730,17.4059,0.0000,0.0000
"06-NOV-2022 17:25","06-NOV-2022 17:24:01","BRK2201",0.0000,0.0000,17.3718,0.0000,0.0000
"06-NOV-2022 17:25","06-NOV-2022 17:24:01","BRK2202",0.0000,0.0000,17.3718,0.0000,0.0000
"06-NOV-2022 17:25","06-NOV-2022 17:24:01","BRY0661",0.0000,69.3594,16.9174,0.0000,0.0000
"06-NOV-2022 17:25","06-NOV-2022 17:24:01","BRY2201",0.0000,0.0000,16.8906,0.0000,0.0000
"06-NOV-2022 17:25","06-NOV-2022 17:24:01","BWK1101",0.0000,0.0000,15.6218,0.0000,0.0000
"06-NOV-2022 17:25","06-NOV-2022 17:24:01","BWK1101 WPI0",0.0000,0.0000,15.6218,0.0000,0.0000
"06-NOV-2022 17:25","06-NOV-2022 17:24:01","CBG0111",0.0000,30.2695,19.0691,0.0000,0.0000
"06-NOV-2022 17:25","06-NOV-2022 17:24:01","CBG1101",0.0000,0.0000,18.9566,0.0000,0.0000
"06-NOV-2022 17:25","06-NOV-2022 17:24:01","CBG1102",0.0000,0.0000,18.9566,0.0000,0.0000
"06-NOV-2022 17:25","06-NOV-2022 17:24:01","CLH0111",0.0000,0.0000,17.1883,0.0000,0.0000
"06-NOV-2022 17:25","06-NOV-2022 17:24:01","CLH0661",0.0000,0.0000,17.1832,0.0000,0.0000
"06-NOV-2022 17:25","06-NOV-2022 17:24:01","CML0331",0.0000,13.6907,15.3666,0.0000,0.0000
"06-NOV-2022 17:25","06-NOV-2022 17:24:01","CML1101",0.0000,0.0000,15.3573,0.0000,0.0000
"06-NOV-2022 17:25","06-NOV-2022 17:24:01","CML1102",0.0000,0.0000,15.3597,0.0000,0.0000
"06-NOV-2022 17:25","06-NOV-2022 17:24:01","CML2201",0.0000,0.0000,15.3526,0.0000,0.0000
"06-NOV-2022 17:25","06-NOV-2022 17:24:01","CML2202",0.0000,0.0000,15.3530,0.0000,0.0000
"06-NOV-2022 17:25","06-NOV-2022 17:24:01","COL0111",0.0000,0.0000,17.0961,0.0000,0.0000
"06-NOV-2022 17:25","06-NOV-2022 17:24:01","COL0661",0.0000,0.1168,17.0857,0.0000,0.0000
"06-NOV-2022 17:25","06-NOV-2022 17:24:01","COL0661 COL0",12.5000,0.0000,17.0857,0.0000,0.0000
"06-NOV-2022 17:25","06-NOV-2022 17:24:01","CPK0111",0.0000,9.7065,17.1822,0.0000,0.0000
"06-NOV-2022 17:25","06-NOV-2022 17:24:01","CPK0331",0.0000,68.1317,17.1103,0.0000,0.0000
"06-NOV-2022 17:25","06-NOV-2022 17:24:01","CPK1101",0.0000,0.0000,17.0428,0.0000,0.0000
"06-NOV-2022 17:25","06-NOV-2022 17:24:01","CPK1102",0.0000,0.0000,17.0426,0.0000,0.0000
"06-NOV-2022 17:25","06-NOV-2022 17:24:01","CPK1103",0.0000,0.0000,17.0771,0.0000,0.0000
"06-NOV-2022 17:25","06-NOV-2022 17:24:01","CST0331",0.0000,33.1041,17.7959,0.0000,0.0000
"06-NOV-2022 17:25","06-NOV-2022 17:24:01","CST1101",0.0000,0.0000,17.7630,0.0000,0.0000
"06-NOV-2022 17:25","06-NOV-2022 17:24:01","CUL0331",0.0000,15.5027,17.2219,0.0000,0.0000
"06-NOV-2022 17:25","06-NOV-2022 17:24:01","CUL0661",0.0000,4.0267,17.2988,0.0000,0.0000
"06-NOV-2022 17:25","06-NOV-2022 17:24:01","CUL2202",0.0000,0.0000,17.1821,0.0000,0.0000
"06-NOV-2022 17:25","06-NOV-2022 17:24:01","CUL2203",0.0000,0.0000,17.1835,0.0000,0.0000
"06-NOV-2022 17:25","06-NOV-2022 17:24:01","CYD0331",0.0000,-9.1000,15.2545,0.0000,0.0000
"06-NOV-2022 17:25","06-NOV-2022 17:24:01","CYD2201",0.0000,0.0000,15.2695,0.0000,0.0000
"06-NOV-2022 17:25","06-NOV-2022 17:24:01","CYD2201 CYD0",412.0000,0.0000,15.2695,0.0000,0.0000
"06-NOV-2022 17:25","06-NOV-2022 17:24:01","DOB0331",0.0000,0.0000,17.7605,0.0000,0.0000
"06-NOV-2022 17:25","06-NOV-2022 17:24:01","DOB0661",0.0000,0.0000,17.7473,0.0000,0.0000
"06-NOV-2022 17:25","06-NOV-2022 17:24:01","DOB1101",0.0000,0.0000,17.7346,0.0000,0.0000
"06-NOV-2022 17:25","06-NOV-2022 17:24:01","DOB1102",0.0000,0.0000,17.7488,0.0000,0.0000
"06-NOV-2022 17:25","06-NOV-2022 17:24:01","DRY2201",0.0000,0.0000,19.3160,0.0000,0.0000
"06-NOV-2022 17:25","06-NOV-2022 17:24:01","DRY2202",0.0000,0.0000,19.3160,0.0000,0.0000
"06-NOV-2022 17:25","06-NOV-2022 17:24:01","DVK0111",0.0000,8.6050,17.5481,0.0000,0.0000
"06-NOV-2022 17:25","06-NOV-2022 17:24:01","DVK1101",0.0000,0.0000,17.5002,0.0000,0.0000
"06-NOV-2022 17:25","06-NOV-2022 17:24:01","DVK1102",0.0000,0.0000,17.5458,0.0000,0.0000
"06-NOV-2022 17:25","06-NOV-2022 17:24:01","EDG0331",0.0000,37.8000,17.5133,0.0000,0.0000
"06-NOV-2022 17:25","06-NOV-2022 17:24:01","EDG1101",0.0000,0.0000,17.3690,0.0000,0.0000
"06-NOV-2022 17:25","06-NOV-2022 17:24:01","EDG1102",0.0000,1.1132,17.3690,0.0000,0.0000
"06-NOV-2022 17:25","06-NOV-2022 17:24:01","EDG2201",0.0000,0.0000,17.4747,0.0000,0.0000
"06-NOV-2022 17:25","06-NOV-2022 17:24:01","EDN0331",0.0000,26.7773,15.7466,0.0000,0.0000
"06-NOV-2022 17:25","06-NOV-2022 17:24:01","EDN1101",0.0000,0.0000,15.6764,0.0000,0.0000
"06-NOV-2022 17:25","06-NOV-2022 17:24:01","FHL0331",0.0000,29.8645,18.0197,0.0000,0.0000
"06-NOV-2022 17:25","06-NOV-2022 17:24:01","FHL1101",0.0000,0.0000,17.9877,0.0000,0.0000
"06-NOV-2022 17:25","06-NOV-2022 17:24:01","FKN0331",0.0000,26.2740,15.7182,0.0000,0.0000
"06-NOV-2022 17:25","06-NOV-2022 17:24:01","FKN1101",0.0000,0.0000,15.6642,0.0000,0.0000
"06-NOV-2022 17:25","06-NOV-2022 17:24:01","FKN1102",0.0000,0.0000,15.6833,0.0000,0.0000
"06-NOV-2022 17:25","06-NOV-2022 17:24:01","GFD0331",0.0000,25.3089,17.0648,0.0000,0.0000
"06-NOV-2022 17:25","06-NOV-2022 17:24:01","GFD1101",0.0000,0.0000,17.0313,0.0000,0.0000
"06-NOV-2022 17:25","06-NOV-2022 17:24:01","GFD1102",0.0000,0.0000,17.0108,0.0000,0.0000
"06-NOV-2022 17:25","06-NOV-2022 17:24:01","GLN0331",0.0000,53.3000,19.3676,0.0000,0.0000
"06-NOV-2022 17:25","06-NOV-2022 17:24:01","GLN0332",0.0000,42.7215,19.3463,0.0000,0.0000
"06-NOV-2022 17:25","06-NOV-2022 17:24:01","GLN0332 GLN0",31.0000,0.0000,19.3463,0.0000,0.0000
"06-NOV-2022 17:25","06-NOV-2022 17:24:01","GLN2201",0.0000,0.0000,19.3398,0.0000,0.0000
"06-NOV-2022 17:25","06-NOV-2022 17:24:01","GNY1101",0.0000,0.0000,16.3262,0.0000,0.0000
"06-NOV-2022 17:25","06-NOV-2022 17:24:01","GOR0331",0.0000,17.4153,15.4340,0.0000,0.0000
"06-NOV-2022 17:25","06-NOV-2022 17:24:01","GOR1101",0.0000,0.0000,15.3865,0.0000,0.0000
"06-NOV-2022 17:25","06-NOV-2022 17:24:01","GOR1102",0.0000,0.0000,15.3865,0.0000,0.0000
"06-NOV-2022 17:25","06-NOV-2022 17:24:01","GOR2201",0.0000,0.0000,15.3370,0.0000,0.0000
"06-NOV-2022 17:25","06-NOV-2022 17:24:01","GOR2202",0.0000,0.0000,15.3371,0.0000,0.0000
"06-NOV-2022 17:25","06-NOV-2022 17:24:01","GOT2201",0.0000,0.0000,15.3349,0.0000,0.0000
"06-NOV-2022 17:25","06-NOV-2022 17:24:01","GOT2202",0.0000,0.0000,15.3349,0.0000,0.0000
"06-NOV-2022 17:25","06-NOV-2022 17:24:01","GYM0661",0.0000,6.0400,17.8919,0.0000,0.0000
"06-NOV-2022 17:25","06-NOV-2022 17:24:01","GYT0331",0.0000,9.8199,17.5041,0.0000,0.0000
"06-NOV-2022 17:25","06-NOV-2022 17:24:01","GYT1101",0.0000,0.0000,17.4094,0.0000,0.0000
"06-NOV-2022 17:25","06-NOV-2022 17:24:01","GYT1102",0.0000,0.0000,17.4093,0.0000,0.0000
"06-NOV-2022 17:25","06-NOV-2022 17:24:01","HAM0111",0.0000,12.8569,18.9910,0.0000,0.0000
"06-NOV-2022 17:25","06-NOV-2022 17:24:01","HAM0331",0.0000,80.2799,18.9967,0.0000,0.0000
"06-NOV-2022 17:25","06-NOV-2022 17:24:01","HAM0551",0.0000,0.0000,18.9468,0.0000,0.0000
"06-NOV-2022 17:25","06-NOV-2022 17:24:01","HAM1101",0.0000,0.0000,18.9215,0.0000,0.0000
"06-NOV-2022 17:25","06-NOV-2022 17:24:01","HAM2201",0.0000,0.0000,18.9340,0.0000,0.0000
"06-NOV-2022 17:25","06-NOV-2022 17:24:01","HAY0111",0.0000,7.3902,17.0161,0.0000,0.0000
"06-NOV-2022 17:25","06-NOV-2022 17:24:01","HAY0331",0.0000,7.1877,17.0174,0.0000,0.0000
"06-NOV-2022 17:25","06-NOV-2022 17:24:01","HAY1101",0.0000,0.0000,16.9982,0.0000,0.0000
"06-NOV-2022 17:25","06-NOV-2022 17:24:01","HAY2201",0.0000,0.0000,16.9821,0.0000,0.0000
"06-NOV-2022 17:25","06-NOV-2022 17:24:01","HAY3502",0.0000,0.0000,16.9821,0.0000,0.0000
"06-NOV-2022 17:25","06-NOV-2022 17:24:01","HAY3503",0.0000,0.0000,16.9821,0.0000,0.0000
"06-NOV-2022 17:25","06-NOV-2022 17:24:01","HEN0331",0.0000,63.4748,19.5597,0.0000,0.0000
"06-NOV-2022 17:25","06-NOV-2022 17:24:01","HEN1101",0.0000,0.0000,19.5022,0.0000,0.0000
"06-NOV-2022 17:25","06-NOV-2022 17:24:01","HEN2201",0.0000,0.0000,19.4990,0.0000,0.0000
"06-NOV-2022 17:25","06-NOV-2022 17:24:01","HEP0331",0.0000,66.6131,19.6418,0.0000,0.0000
"06-NOV-2022 17:25","06-NOV-2022 17:24:01","HEP1101",0.0000,0.0000,19.5898,0.0000,0.0000
"06-NOV-2022 17:25","06-NOV-2022 17:24:01","HIN0331",0.0000,31.3831,19.3108,0.0000,0.0000
"06-NOV-2022 17:25","06-NOV-2022 17:24:01","HIN1101",0.0000,0.0000,19.2548,0.0000,0.0000
"06-NOV-2022 17:25","06-NOV-2022 17:24:01","HKK0661",0.0000,3.3220,18.1574,0.0000,0.0000
"06-NOV-2022 17:25","06-NOV-2022 17:24:01","HLY0331",0.0000,23.4867,19.0846,0.0000,0.0000
"06-NOV-2022 17:25","06-NOV-2022 17:24:01","HLY2201",0.0000,5.9800,19.0762,0.0000,0.0000
"06-NOV-2022 17:25","06-NOV-2022 17:24:01","HLY2201 HLY1",0.0000,0.0000,19.0762,0.0000,0.0000
"06-NOV-2022 17:25","06-NOV-2022 17:24:01","HLY2201 HLY2",0.0000,0.0000,19.0762,0.0000,0.0000
"06-NOV-2022 17:25","06-NOV-2022 17:24:01","HLY2201 HLY4",0.0000,0.0000,19.0762,0.0000,0.0000
"06-NOV-2022 17:25","06-NOV-2022 17:24:01","HLY2201 HLY5",0.0000,0.0000,19.0762,0.0000,0.0000
"06-NOV-2022 17:25","06-NOV-2022 17:24:01","HLY2201 HLY6",45.0000,0.0000,19.0762,0.0000,0.0000
"06-NOV-2022 17:25","06-NOV-2022 17:24:01","HOB1101",0.0000,20.0447,19.4943,0.0000,0.0000
"06-NOV-2022 17:25","06-NOV-2022 17:24:01","HOB2201",0.0000,0.0000,19.5138,0.0000,0.0000
"06-NOV-2022 17:25","06-NOV-2022 17:24:01","HOR0331",0.0000,14.1940,17.8108,0.0000,0.0000
"06-NOV-2022 17:25","06-NOV-2022 17:24:01","HOR0661",0.0000,10.3687,17.7290,0.0000,0.0000
"06-NOV-2022 17:25","06-NOV-2022 17:24:01","HPI2201",0.0000,0.0000,19.5436,0.0000,0.0000
"06-NOV-2022 17:25","06-NOV-2022 17:24:01","HPI2202",0.0000,0.0000,19.5436,0.0000,0.0000
"06-NOV-2022 17:25","06-NOV-2022 17:24:01","HTI0331",0.0000,13.6668,19.0635,0.0000,0.0000
"06-NOV-2022 17:25","06-NOV-2022 17:24:01","HTI1101",0.0000,5.3655,18.9993,0.0000,0.0000
"06-NOV-2022 17:25","06-NOV-2022 17:24:01","HUI0331",0.0000,14.9829,17.8140,0.0000,0.0000
"06-NOV-2022 17:25","06-NOV-2022 17:24:01","HUI1101",0.0000,0.0000,17.8068,0.0000,0.0000
"06-NOV-2022 17:25","06-NOV-2022 17:24:01","HWA0331",0.0000,19.7410,17.5279,0.0000,0.0000
"06-NOV-2022 17:25","06-NOV-2022 17:24:01","HWA0332",0.0000,0.3310,17.4981,0.0000,0.0000
"06-NOV-2022 17:25","06-NOV-2022 17:24:01","HWA1101",0.0000,0.0000,17.4871,0.0000,0.0000
"06-NOV-2022 17:25","06-NOV-2022 17:24:01","HWA1101 PTA1",9.0000,0.0000,17.4871,0.0000,0.0000
"06-NOV-2022 17:25","06-NOV-2022 17:24:01","HWA1101 PTA2",9.0000,0.0000,17.4871,0.0000,0.0000
"06-NOV-2022 17:25","06-NOV-2022 17:24:01","HWA1101 PTA3",9.0000,0.0000,17.4871,0.0000,0.0000
"06-NOV-2022 17:25","06-NOV-2022 17:24:01","HWA1102",0.0000,2.3011,17.4871,0.0000,0.0000
"06-NOV-2022 17:25","06-NOV-2022 17:24:01","HWA1102 WAA0",14.4200,0.0000,17.4871,0.0000,0.0000
"06-NOV-2022 17:25","06-NOV-2022 17:24:01","HWB0331",0.0000,54.4204,15.3953,0.0000,0.0000
"06-NOV-2022 17:25","06-NOV-2022 17:24:01","HWB0331 MAH0",0.6600,0.0000,15.3953,0.0000,0.0000
"06-NOV-2022 17:25","06-NOV-2022 17:24:01","HWB0331 WPI0",0.0000,0.0000,15.3953,0.0000,0.0000
"06-NOV-2022 17:25","06-NOV-2022 17:24:01","HWB1101",0.0000,0.0000,15.3583,0.0000,0.0000
"06-NOV-2022 17:25","06-NOV-2022 17:24:01","HWB2201",0.0000,0.0000,15.3660,0.0000,0.0000
"06-NOV-2022 17:25","06-NOV-2022 17:24:01","IGH1101",0.0000,0.0000,17.5075,0.0000,0.0000
"06-NOV-2022 17:25","06-NOV-2022 17:24:01","INV0331",0.0000,60.1987,15.3876,0.0000,0.0000
"06-NOV-2022 17:25","06-NOV-2022 17:24:01","INV1101",0.0000,0.0000,15.3958,0.0000,0.0000
"06-NOV-2022 17:25","06-NOV-2022 17:24:01","INV2201",0.0000,0.0000,15.3606,0.0000,0.0000
"06-NOV-2022 17:25","06-NOV-2022 17:24:01","INV2202",0.0000,0.0000,15.3606,0.0000,0.0000
"06-NOV-2022 17:25","06-NOV-2022 17:24:01","ISL0331",0.0000,32.8173,16.9479,0.0000,0.0000
"06-NOV-2022 17:25","06-NOV-2022 17:24:01","ISL0661",0.0000,244.9221,16.9884,0.0000,0.0000
"06-NOV-2022 17:25","06-NOV-2022 17:24:01","ISL2201",0.0000,0.0000,16.9106,0.0000,0.0000
"06-NOV-2022 17:25","06-NOV-2022 17:24:01","JRD1101",0.0000,0.0607,17.7757,0.0000,0.0000
"06-NOV-2022 17:25","06-NOV-2022 17:24:01","JRD1101 JRD0",0.0000,0.0000,17.7757,0.0000,0.0000
"06-NOV-2022 17:25","06-NOV-2022 17:24:01","KAI0111",0.0000,14.6973,17.9405,0.0000,0.0000
"06-NOV-2022 17:25","06-NOV-2022 17:24:01","KAI0661",0.0000,0.0000,17.8867,0.0000,0.0000
"06-NOV-2022 17:25","06-NOV-2022 17:24:01","KAW0111",0.0000,14.1800,17.1398,0.0000,0.0000
"06-NOV-2022 17:25","06-NOV-2022 17:24:01","KAW0111 TAM0",24.0000,0.0000,17.1398,0.0000,0.0000
"06-NOV-2022 17:25","06-NOV-2022 17:24:01","KAW0112",0.0000,13.3000,17.2036,0.0000,0.0000
"06-NOV-2022 17:25","06-NOV-2022 17:24:01","KAW0112 ONU0",25.5000,0.0000,17.2036,0.0000,0.0000
"06-NOV-2022 17:25","06-NOV-2022 17:24:01","KAW0113",0.0000,0.0000,17.3373,0.0000,0.0000
"06-NOV-2022 17:25","06-NOV-2022 17:24:01","KAW1101",0.0000,0.1012,17.2136,0.0000,0.0000
"06-NOV-2022 17:25","06-NOV-2022 17:24:01","KAW1101 KAG0",107.0000,0.0000,17.2136,0.0000,0.0000
"06-NOV-2022 17:25","06-NOV-2022 17:24:01","KAW2201",0.0000,0.0000,17.3283,0.0000,0.0000
"06-NOV-2022 17:25","06-NOV-2022 17:24:01","KBT0661",0.0000,0.0000,17.6543,0.0000,0.0000
"06-NOV-2022 17:25","06-NOV-2022 17:24:01","KBT0662",0.0000,0.0000,17.6543,0.0000,0.0000
"06-NOV-2022 17:25","06-NOV-2022 17:24:01","KBY0661",0.0000,7.0467,17.6602,0.0000,0.0000
"06-NOV-2022 17:25","06-NOV-2022 17:24:01","KBY0662",0.0000,7.1473,17.6602,0.0000,0.0000
"06-NOV-2022 17:25","06-NOV-2022 17:24:01","KIK0111",0.0000,1.6107,17.3483,0.0000,0.0000
"06-NOV-2022 17:25","06-NOV-2022 17:24:01","KIK1101",0.0000,0.0000,17.3597,0.0000,0.0000
"06-NOV-2022 17:25","06-NOV-2022 17:24:01","KIK2201",0.0000,0.0000,17.3617,0.0000,0.0000
"06-NOV-2022 17:25","06-NOV-2022 17:24:01","KIN0111",0.0000,17.6000,17.5396,0.0000,0.0000
"06-NOV-2022 17:25","06-NOV-2022 17:24:01","KIN0112",0.0000,0.4000,17.4697,0.0000,0.0000
"06-NOV-2022 17:25","06-NOV-2022 17:24:01","KIN0112 KIN0",0.0000,0.0000,0.0000,0.0000,0.0000
"06-NOV-2022 17:25","06-NOV-2022 17:24:01","KIN0113",0.0000,11.9000,17.4985,0.0000,0.0000
"06-NOV-2022 17:25","06-NOV-2022 17:24:01","KIN0331",0.0000,10.5285,17.5056,0.0000,0.0000
"06-NOV-2022 17:25","06-NOV-2022 17:24:01","KIN1005",0.0000,0.0000,17.4697,0.0000,0.0000
"06-NOV-2022 17:25","06-NOV-2022 17:24:01","KIN1009",0.0000,0.0000,17.4846,0.0000,0.0000
"06-NOV-2022 17:25","06-NOV-2022 17:24:01","KIN1101",0.0000,0.0000,17.4662,0.0000,0.0000
"06-NOV-2022 17:25","06-NOV-2022 17:24:01","KIN1102",0.0000,0.0000,17.4662,0.0000,0.0000
"06-NOV-2022 17:25","06-NOV-2022 17:24:01","KMO0331",0.0000,18.9311,17.9224,0.0000,0.0000
"06-NOV-2022 17:25","06-NOV-2022 17:24:01","KMO1101",0.0000,0.0000,17.8846,0.0000,0.0000
"06-NOV-2022 17:25","06-NOV-2022 17:24:01","KMO1102",0.0000,0.0000,17.8846,0.0000,0.0000
"06-NOV-2022 17:25","06-NOV-2022 17:24:01","KMO1103",0.0000,0.0000,17.8846,0.0000,0.0000
"06-NOV-2022 17:25","06-NOV-2022 17:24:01","KMO2201",0.0000,0.0000,17.7892,0.0000,0.0000
"06-NOV-2022 17:25","06-NOV-2022 17:24:01","KOE1101",0.0000,25.2786,19.8396,0.0000,0.0000
"06-NOV-2022 17:25","06-NOV-2022 17:24:01","KOE1101 NGB0",31.0000,0.0000,19.8396,0.0000,0.0000
"06-NOV-2022 17:25","06-NOV-2022 17:24:01","KPA1101",0.0000,0.0000,17.7221,0.0000,0.0000
"06-NOV-2022 17:25","06-NOV-2022 17:24:01","KPA1101 KPI1",2.0000,0.0000,17.7221,0.0000,0.0000
"06-NOV-2022 17:25","06-NOV-2022 17:24:01","KPO1101",0.0000,0.0000,18.8946,0.0000,0.0000
"06-NOV-2022 17:25","06-NOV-2022 17:24:01","KPO1101 KPO0",64.0000,0.0000,18.8946,0.0000,0.0000
"06-NOV-2022 17:25","06-NOV-2022 17:24:01","KPU0661",0.0000,29.1559,19.9398,0.0000,0.0000
"06-NOV-2022 17:25","06-NOV-2022 17:24:01","KPU1101",0.0000,0.0000,19.8593,0.0000,0.0000
"06-NOV-2022 17:25","06-NOV-2022 17:24:01","KPU1102",0.0000,0.0000,19.8593,0.0000,0.0000
"06-NOV-2022 17:25","06-NOV-2022 17:24:01","KUM0661",0.0000,0.7953,17.9837,0.0000,0.0000
"06-NOV-2022 17:25","06-NOV-2022 17:24:01","KUM0661 KUM0",1.0000,0.0000,17.9837,0.0000,0.0000
"06-NOV-2022 17:25","06-NOV-2022 17:24:01","KWA0111",0.0000,12.3508,17.0594,0.0000,0.0000
"06-NOV-2022 17:25","06-NOV-2022 17:24:01","KWA1101",0.0000,0.0000,17.0288,0.0000,0.0000
"06-NOV-2022 17:25","06-NOV-2022 17:24:01","KWA1102",0.0000,0.0000,17.0288,0.0000,0.0000
"06-NOV-2022 17:25","06-NOV-2022 17:24:01","LFD1101",0.0000,5.5680,17.6452,0.0000,0.0000
"06-NOV-2022 17:25","06-NOV-2022 17:24:01","LFD1102",0.0000,5.3655,17.6452,0.0000,0.0000
"06-NOV-2022 17:25","06-NOV-2022 17:24:01","LIV2201",0.0000,0.0000,15.8526,0.0000,0.0000
"06-NOV-2022 17:25","06-NOV-2022 17:24:01","LTN0331",0.0000,31.9399,17.2434,0.0000,0.0000
"06-NOV-2022 17:25","06-NOV-2022 17:24:01","LTN0331 TWF0",11.3500,0.0000,17.2434,0.0000,0.0000
"06-NOV-2022 17:25","06-NOV-2022 17:24:01","LTN2201",0.0000,0.0000,17.2064,0.0000,0.0000
"06-NOV-2022 17:25","06-NOV-2022 17:24:01","LTN2201 TUR0",31.3000,0.0000,17.2064,0.0000,0.0000
"06-NOV-2022 17:25","06-NOV-2022 17:24:01","LTN2202",0.0000,0.0000,17.2573,0.0000,0.0000
"06-NOV-2022 17:25","06-NOV-2022 17:24:01","MAN2201",0.0000,0.8259,14.5314,0.0000,0.0000
"06-NOV-2022 17:25","06-NOV-2022 17:24:01","MAN2201 MAN0",738.0000,0.0000,14.5314,0.0000,0.0000
"06-NOV-2022 17:25","06-NOV-2022 17:24:01","MAT1101",0.0000,4.8330,16.9923,0.0000,0.0000
"06-NOV-2022 17:25","06-NOV-2022 17:24:01","MAT1101 ANI0",25.0000,0.0000,16.9923,0.0000,0.0000
"06-NOV-2022 17:25","06-NOV-2022 17:24:01","MAT1101 MAT0",65.0000,0.0000,16.9923,0.0000,0.0000
"06-NOV-2022 17:25","06-NOV-2022 17:24:01","MCH0111",0.0000,0.0000,17.4524,0.0000,0.0000
"06-NOV-2022 17:25","06-NOV-2022 17:24:01","MCH1101",0.0000,0.0000,17.4470,0.0000,0.0000
"06-NOV-2022 17:25","06-NOV-2022 17:24:01","MDN1101",0.0000,0.0000,19.7706,0.0000,0.0000
"06-NOV-2022 17:25","06-NOV-2022 17:24:01","MDN2201",0.0000,0.0000,19.7020,0.0000,0.0000
"06-NOV-2022 17:25","06-NOV-2022 17:24:01","MGM0331",0.0000,12.4520,17.5640,0.0000,0.0000
"06-NOV-2022 17:25","06-NOV-2022 17:24:01","MGM1101",0.0000,0.0000,17.4925,0.0000,0.0000
"06-NOV-2022 17:25","06-NOV-2022 17:24:01","MHO0331",0.0000,21.3688,17.7225,0.0000,0.0000
"06-NOV-2022 17:25","06-NOV-2022 17:24:01","MHO0331 MHO0",0.0000,0.0000,17.7225,0.0000,0.0000
"06-NOV-2022 17:25","06-NOV-2022 17:24:01","MHO1101",0.0000,0.0000,17.6837,0.0000,0.0000
"06-NOV-2022 17:25","06-NOV-2022 17:24:01","MHO1102",0.0000,0.0000,17.6837,0.0000,0.0000
"06-NOV-2022 17:25","06-NOV-2022 17:24:01","MHT1102",0.0000,0.0000,17.0325,0.0000,0.0000
"06-NOV-2022 17:25","06-NOV-2022 17:24:01","MHT1103",0.0000,0.0000,17.0323,0.0000,0.0000
"06-NOV-2022 17:25","06-NOV-2022 17:24:01","MKE1101",0.0000,0.0000,17.7708,0.0000,0.0000
"06-NOV-2022 17:25","06-NOV-2022 17:24:01","MKE1101 MKE1",0.0000,0.0000,17.7708,0.0000,0.0000
"06-NOV-2022 17:25","06-NOV-2022 17:24:01","MKT1101",0.0000,0.0000,17.7860,0.0000,0.0000
"06-NOV-2022 17:25","06-NOV-2022 17:24:01","MLG0111",0.0000,11.4396,17.0714,0.0000,0.0000
"06-NOV-2022 17:25","06-NOV-2022 17:24:01","MLG0331",0.0000,13.8693,17.0380,0.0000,0.0000
"06-NOV-2022 17:25","06-NOV-2022 17:24:01","MLG1101",0.0000,0.0000,17.0207,0.0000,0.0000
"06-NOV-2022 17:25","06-NOV-2022 17:24:01","MLG1102",0.0000,0.0000,17.0200,0.0000,0.0000
"06-NOV-2022 17:25","06-NOV-2022 17:24:01","MNG0331",0.0000,60.6402,19.4658,0.0000,0.0000
"06-NOV-2022 17:25","06-NOV-2022 17:24:01","MNG1101",0.0000,2.9000,19.4244,0.0000,0.0000
"06-NOV-2022 17:25","06-NOV-2022 17:24:01","MNI0111",0.0000,11.0347,17.8480,0.0000,0.0000
"06-NOV-2022 17:25","06-NOV-2022 17:24:01","MNI1101",0.0000,0.0000,17.7973,0.0000,0.0000
"06-NOV-2022 17:25","06-NOV-2022 17:24:01","MPE1101",0.0000,75.3194,19.9671,0.0000,0.0000
"06-NOV-2022 17:25","06-NOV-2022 17:24:01","MST0331",0.0000,25.3089,17.6551,0.0000,0.0000
"06-NOV-2022 17:25","06-NOV-2022 17:24:01","MST1101",0.0000,0.0000,17.6145,0.0000,0.0000
"06-NOV-2022 17:25","06-NOV-2022 17:24:01","MTI2201",0.0000,0.2146,17.9560,0.0000,0.0000
"06-NOV-2022 17:25","06-NOV-2022 17:24:01","MTI2201 MTI0",121.0000,0.0000,17.9560,0.0000,0.0000
"06-NOV-2022 17:25","06-NOV-2022 17:24:01","MTM0331",0.0000,35.7362,18.0172,0.0000,0.0000
"06-NOV-2022 17:25","06-NOV-2022 17:24:01","MTM1101",0.0000,0.0000,17.9791,0.0000,0.0000
"06-NOV-2022 17:25","06-NOV-2022 17:24:01","MTN0331",0.0000,11.2372,17.5472,0.0000,0.0000
"06-NOV-2022 17:25","06-NOV-2022 17:24:01","MTN1101",0.0000,0.0000,17.5134,0.0000,0.0000
"06-NOV-2022 17:25","06-NOV-2022 17:24:01","MTN1102",0.0000,0.0000,17.5123,0.0000,0.0000
"06-NOV-2022 17:25","06-NOV-2022 17:24:01","MTO0331",0.0000,14.2742,20.0746,0.0000,0.0000
"06-NOV-2022 17:25","06-NOV-2022 17:24:01","MTO1101",0.0000,0.0000,19.9952,0.0000,0.0000
"06-NOV-2022 17:25","06-NOV-2022 17:24:01","MTO1102",0.0000,0.0000,19.9951,0.0000,0.0000
"06-NOV-2022 17:25","06-NOV-2022 17:24:01","MTR0331",0.0000,3.5939,17.7461,0.0000,0.0000
"06-NOV-2022 17:25","06-NOV-2022 17:24:01","MTR1101",0.0000,0.0000,17.7392,0.0000,0.0000
"06-NOV-2022 17:25","06-NOV-2022 17:24:01","MVE1101",0.0000,0.0000,19.4970,0.0000,0.0000
"06-NOV-2022 17:25","06-NOV-2022 17:24:01","MVE1102",0.0000,0.0000,19.4975,0.0000,0.0000
"06-NOV-2022 17:25","06-NOV-2022 17:24:01","NAP2201",0.0000,0.0000,17.7202,0.0000,0.0000
"06-NOV-2022 17:25","06-NOV-2022 17:24:01","NAP2201 NAP0",137.0000,0.0000,17.7202,0.0000,0.0000
"06-NOV-2022 17:25","06-NOV-2022 17:24:01","NAP2202",0.0000,0.1012,17.7202,0.0000,0.0000
"06-NOV-2022 17:25","06-NOV-2022 17:24:01","NAP2202 NTM0",85.0000,0.0000,17.7202,0.0000,0.0000
"06-NOV-2022 17:25","06-NOV-2022 17:24:01","NGA1101",0.0000,0.0000,19.8396,0.0000,0.0000
"06-NOV-2022 17:25","06-NOV-2022 17:24:01","NMA0331",0.0000,36.1494,15.3582,0.0000,0.0000
"06-NOV-2022 17:25","06-NOV-2022 17:24:01","NMA0331 WHL0",2.0100,0.0000,15.3582,0.0000,0.0000
"06-NOV-2022 17:25","06-NOV-2022 17:24:01","NMA2201",0.0000,0.0000,15.3034,0.0000,0.0000
"06-NOV-2022 17:25","06-NOV-2022 17:24:01","NPK0331",0.0000,1.2148,18.4390,0.0000,0.0000
"06-NOV-2022 17:25","06-NOV-2022 17:24:01","NPK1101",0.0000,0.0000,18.4299,0.0000,0.0000
"06-NOV-2022 17:25","06-NOV-2022 17:24:01","NSY0331",0.0000,26.7773,15.7903,0.0000,0.0000
"06-NOV-2022 17:25","06-NOV-2022 17:24:01","NSY0331 PAE0",4.5000,0.0000,15.7903,0.0000,0.0000
"06-NOV-2022 17:25","06-NOV-2022 17:24:01","NSY2201",0.0000,0.0000,15.7512,0.0000,0.0000
"06-NOV-2022 17:25","06-NOV-2022 17:24:01","OAM0331",0.0000,26.5760,16.6912,0.0000,0.0000
"06-NOV-2022 17:25","06-NOV-2022 17:24:01","OAM1101",0.0000,0.0000,16.6425,0.0000,0.0000
"06-NOV-2022 17:25","06-NOV-2022 17:24:01","OAM1102",0.0000,0.0000,16.6410,0.0000,0.0000
"06-NOV-2022 17:25","06-NOV-2022 17:24:01","OHA2201",0.0000,0.0000,15.8083,0.0000,0.0000
"06-NOV-2022 17:25","06-NOV-2022 17:24:01","OHA2201 OHA0",147.1980,0.0000,15.8083,0.0000,0.0000
"06-NOV-2022 17:25","06-NOV-2022 17:24:01","OHB2201",0.0000,0.0000,15.8380,0.0000,0.0000
"06-NOV-2022 17:25","06-NOV-2022 17:24:01","OHB2201 OHB0",127.4070,0.0000,15.8380,0.0000,0.0000
"06-NOV-2022 17:25","06-NOV-2022 17:24:01","OHC2201",0.0000,0.0000,15.8245,0.0000,0.0000
"06-NOV-2022 17:25","06-NOV-2022 17:24:01","OHC2201 OHC0",127.4070,0.0000,15.8245,0.0000,0.0000
"06-NOV-2022 17:25","06-NOV-2022 17:24:01","OHK2201",0.0000,0.1114,17.6922,0.0000,0.0000
"06-NOV-2022 17:25","06-NOV-2022 17:24:01","OHK2201 OHK0",69.0000,0.0000,17.6922,0.0000,0.0000
"06-NOV-2022 17:25","06-NOV-2022 17:24:01","OHW2201",0.0000,0.0000,19.0541,0.0000,0.0000
"06-NOV-2022 17:25","06-NOV-2022 17:24:01","OHW2202",0.0000,0.0000,19.0541,0.0000,0.0000
"06-NOV-2022 17:25","06-NOV-2022 17:24:01","OKE1101",0.0000,0.0000,17.8051,0.0000,0.0000
"06-NOV-2022 17:25","06-NOV-2022 17:24:01","OKI2201",0.0000,0.9071,17.7475,0.0000,0.0000
"06-NOV-2022 17:25","06-NOV-2022 17:24:01","OKI2201 OKI0",39.0000,0.0000,17.7475,0.0000,0.0000
"06-NOV-2022 17:25","06-NOV-2022 17:24:01","OKN0111",0.0000,2.8346,18.1266,0.0000,0.0000
"06-NOV-2022 17:25","06-NOV-2022 17:24:01","OKN1101",0.0000,0.0000,18.1177,0.0000,0.0000
"06-NOV-2022 17:25","06-NOV-2022 17:24:01","ONG0331",0.0000,0.0000,18.5949,0.0000,0.0000
"06-NOV-2022 17:25","06-NOV-2022 17:24:01","ONG1101",0.0000,0.0000,18.5840,0.0000,0.0000
"06-NOV-2022 17:25","06-NOV-2022 17:24:01","OPI2201",0.0000,0.0000,16.2171,0.0000,0.0000
"06-NOV-2022 17:25","06-NOV-2022 17:24:01","OPI2202",0.0000,0.0000,16.2891,0.0000,0.0000
"06-NOV-2022 17:25","06-NOV-2022 17:24:01","OPK0331",0.0000,8.3013,17.7907,0.0000,0.0000
"06-NOV-2022 17:25","06-NOV-2022 17:24:01","OPK1101",0.0000,0.0000,17.7767,0.0000,0.0000
"06-NOV-2022 17:25","06-NOV-2022 17:24:01","OPK1102",0.0000,0.0000,17.7688,0.0000,0.0000
"06-NOV-2022 17:25","06-NOV-2022 17:24:01","ORO1101",0.0000,2.7210,17.5675,0.0000,0.0000
"06-NOV-2022 17:25","06-NOV-2022 17:24:01","ORO1102",0.0000,2.7140,17.5898,0.0000,0.0000
"06-NOV-2022 17:25","06-NOV-2022 17:24:01","OTA0221",0.0000,27.3337,19.3841,0.0000,0.0000
"06-NOV-2022 17:25","06-NOV-2022 17:24:01","OTA1103",0.0000,0.0000,19.3954,0.0000,0.0000
"06-NOV-2022 17:25","06-NOV-2022 17:24:01","OTA1104",0.0000,0.0000,19.3954,0.0000,0.0000
"06-NOV-2022 17:25","06-NOV-2022 17:24:01","OTA1105",0.0000,0.0000,19.3954,0.0000,0.0000
"06-NOV-2022 17:25","06-NOV-2022 17:24:01","OTA1106",0.0000,0.0000,19.3954,0.0000,0.0000
"06-NOV-2022 17:25","06-NOV-2022 17:24:01","OTA1107",0.0000,0.0000,19.3954,0.0000,0.0000
"06-NOV-2022 17:25","06-NOV-2022 17:24:01","OTA1108",0.0000,0.0000,19.3954,0.0000,0.0000
"06-NOV-2022 17:25","06-NOV-2022 17:24:01","OTA1109",0.0000,0.0000,19.3954,0.0000,0.0000
"06-NOV-2022 17:25","06-NOV-2022 17:24:01","OTA110A",0.0000,0.0000,19.3954,0.0000,0.0000
"06-NOV-2022 17:25","06-NOV-2022 17:24:01","OTA2201",0.0000,0.0000,19.3335,0.0000,0.0000
"06-NOV-2022 17:25","06-NOV-2022 17:24:01","OTA2202",0.0000,0.0000,19.3373,0.0000,0.0000
"06-NOV-2022 17:25","06-NOV-2022 17:24:01","OTA2203",0.0000,0.0000,19.3331,0.0000,0.0000
"06-NOV-2022 17:25","06-NOV-2022 17:24:01","OTI0111",0.0000,0.0000,18.0760,0.0000,0.0000
"06-NOV-2022 17:25","06-NOV-2022 17:24:01","OTI0661",0.0000,0.0000,18.0634,0.0000,0.0000
"06-NOV-2022 17:25","06-NOV-2022 17:24:01","OWH0111",0.0000,6.7828,17.8189,0.0000,0.0000
"06-NOV-2022 17:25","06-NOV-2022 17:24:01","OWH1101",0.0000,0.0000,17.8084,0.0000,0.0000
"06-NOV-2022 17:25","06-NOV-2022 17:24:01","PAK0331",0.0000,70.9663,19.3393,0.0000,0.0000
"06-NOV-2022 17:25","06-NOV-2022 17:24:01","PAK2201",0.0000,0.0000,19.3019,0.0000,0.0000
"06-NOV-2022 17:25","06-NOV-2022 17:24:01","PAO1101",0.0000,29.2571,19.5144,0.0000,0.0000
"06-NOV-2022 17:25","06-NOV-2022 17:24:01","PEN0221",0.0000,16.5014,19.5500,0.0000,0.0000
"06-NOV-2022 17:25","06-NOV-2022 17:24:01","PEN0222",0.0000,0.0000,19.5500,0.0000,0.0000
"06-NOV-2022 17:25","06-NOV-2022 17:24:01","PEN0251",0.0000,1.7210,19.4576,0.0000,0.0000
"06-NOV-2022 17:25","06-NOV-2022 17:24:01","PEN0331",0.0000,147.1968,19.5109,0.0000,0.0000
"06-NOV-2022 17:25","06-NOV-2022 17:24:01","PEN1101",0.0000,71.6749,19.4940,0.0000,0.0000
"06-NOV-2022 17:25","06-NOV-2022 17:24:01","PEN2201",0.0000,0.0000,19.4451,0.0000,0.0000
"06-NOV-2022 17:25","06-NOV-2022 17:24:01","PIE1101",0.0000,0.0000,17.9056,0.0000,0.0000
"06-NOV-2022 17:25","06-NOV-2022 17:24:01","PNI0331",0.0000,7.5927,17.0945,0.0000,0.0000
"06-NOV-2022 17:25","06-NOV-2022 17:24:01","PNI1101",0.0000,0.0000,17.0527,0.0000,0.0000
"06-NOV-2022 17:25","06-NOV-2022 17:24:01","PNI1102",0.0000,0.0000,17.0553,0.0000,0.0000
"06-NOV-2022 17:25","06-NOV-2022 17:24:01","PPI2201",0.0000,0.0000,17.8021,0.0000,0.0000
"06-NOV-2022 17:25","06-NOV-2022 17:24:01","PPI2201 PPI0",36.0000,0.0000,17.8021,0.0000,0.0000
"06-NOV-2022 17:25","06-NOV-2022 17:24:01","PRM0331",0.0000,28.9534,17.0623,0.0000,0.0000
"06-NOV-2022 17:25","06-NOV-2022 17:24:01","PRM2201",0.0000,0.0000,17.0555,0.0000,0.0000
"06-NOV-2022 17:25","06-NOV-2022 17:24:01","PRM2202",0.0000,0.0000,17.0553,0.0000,0.0000
"06-NOV-2022 17:25","06-NOV-2022 17:24:01","PRT2201",0.0000,0.0000,17.0548,0.0000,0.0000
"06-NOV-2022 17:25","06-NOV-2022 17:24:01","PRT2202",0.0000,0.0000,17.0546,0.0000,0.0000
"06-NOV-2022 17:25","06-NOV-2022 17:24:01","RDF0331",0.0000,33.5090,17.9335,0.0000,0.0000
"06-NOV-2022 17:25","06-NOV-2022 17:24:01","RDF1101",0.0000,0.0000,17.9237,0.0000,0.0000
"06-NOV-2022 17:25","06-NOV-2022 17:24:01","RDF1102",0.0000,0.0000,17.9237,0.0000,0.0000
"06-NOV-2022 17:25","06-NOV-2022 17:24:01","RDF2201",0.0000,0.0000,17.8893,0.0000,0.0000
"06-NOV-2022 17:25","06-NOV-2022 17:24:01","RFC1101",0.0000,0.0000,17.5712,0.0000,0.0000
"06-NOV-2022 17:25","06-NOV-2022 17:24:01","RFN1101",0.0000,1.9127,17.5743,0.0000,0.0000
"06-NOV-2022 17:25","06-NOV-2022 17:24:01","RFN1102",0.0000,1.9449,17.5741,0.0000,0.0000
"06-NOV-2022 17:25","06-NOV-2022 17:24:01","ROS0221",0.0000,52.1364,19.6225,0.0000,0.0000
"06-NOV-2022 17:25","06-NOV-2022 17:24:01","ROS1101",0.0000,29.6621,19.5754,0.0000,0.0000
"06-NOV-2022 17:25","06-NOV-2022 17:24:01","ROT0111",0.0000,13.1606,17.8182,0.0000,0.0000
"06-NOV-2022 17:25","06-NOV-2022 17:24:01","ROT0331",0.0000,26.9287,17.8406,0.0000,0.0000
"06-NOV-2022 17:25","06-NOV-2022 17:24:01","ROT1101",0.0000,0.0000,17.7228,0.0000,0.0000
"06-NOV-2022 17:25","06-NOV-2022 17:24:01","ROT1101 WHE0",26.0000,0.0000,17.7228,0.0000,0.0000
"06-NOV-2022 17:25","06-NOV-2022 17:24:01","ROT1102",0.0000,0.0000,17.8283,0.0000,0.0000
"06-NOV-2022 17:25","06-NOV-2022 17:24:01","ROX1101",0.0000,0.0000,15.1338,0.0000,0.0000
"06-NOV-2022 17:25","06-NOV-2022 17:24:01","ROX1101 ROX0",80.0000,0.0000,15.1338,0.0000,0.0000
"06-NOV-2022 17:25","06-NOV-2022 17:24:01","ROX2201",0.0000,0.0000,15.2670,0.0000,0.0000
"06-NOV-2022 17:25","06-NOV-2022 17:24:01","ROX2201 ROX0",200.0000,0.0000,15.2670,0.0000,0.0000
"06-NOV-2022 17:25","06-NOV-2022 17:24:01","RPO2201",0.0000,0.0000,17.4287,0.0000,0.0000
"06-NOV-2022 17:25","06-NOV-2022 17:24:01","RPO2201 RPO0",60.0000,0.0000,17.4287,0.0000,0.0000
"06-NOV-2022 17:25","06-NOV-2022 17:24:01","RTO1101",0.0000,0.0000,18.7705,0.0000,0.0000
"06-NOV-2022 17:25","06-NOV-2022 17:24:01","RTR1101",0.0000,0.0000,18.4054,0.0000,0.0000
"06-NOV-2022 17:25","06-NOV-2022 17:24:01","SBK0661",0.0000,42.9847,17.7128,0.0000,0.0000
"06-NOV-2022 17:25","06-NOV-2022 17:24:01","SDN0331",0.0000,33.1193,15.3977,0.0000,0.0000
"06-NOV-2022 17:25","06-NOV-2022 17:24:01","SDN2201",0.0000,0.0000,15.3731,0.0000,0.0000
"06-NOV-2022 17:25","06-NOV-2022 17:24:01","SFD0331",0.0000,18.9311,17.7291,0.0000,0.0000
"06-NOV-2022 17:25","06-NOV-2022 17:24:01","SFD1101",0.0000,0.0000,17.6917,0.0000,0.0000
"06-NOV-2022 17:25","06-NOV-2022 17:24:01","SFD2201",0.0000,0.0000,17.6554,0.0000,0.0000
"06-NOV-2022 17:25","06-NOV-2022 17:24:01","SFD2201 SFD21",0.0000,0.0000,17.6554,0.0000,0.0000
"06-NOV-2022 17:25","06-NOV-2022 17:24:01","SFD2201 SFD22",0.0000,0.0000,17.6554,0.0000,0.0000
"06-NOV-2022 17:25","06-NOV-2022 17:24:01","SFD2201 SPL0",0.0000,0.0000,17.6554,0.0000,0.0000
"06-NOV-2022 17:25","06-NOV-2022 17:24:01","STK0331",0.0000,68.6547,17.5635,0.0000,0.0000
"06-NOV-2022 17:25","06-NOV-2022 17:24:01","STK0661",0.0000,14.5665,17.5448,0.0000,0.0000
"06-NOV-2022 17:25","06-NOV-2022 17:24:01","STK0661 COB0",22.0000,0.0000,17.5448,0.0000,0.0000
"06-NOV-2022 17:25","06-NOV-2022 17:24:01","STK1101",0.0000,0.0000,17.5504,0.0000,0.0000
"06-NOV-2022 17:25","06-NOV-2022 17:24:01","STK2201",0.0000,0.0000,17.5276,0.0000,0.0000
"06-NOV-2022 17:25","06-NOV-2022 17:24:01","STU0111",0.0000,11.6773,16.9327,0.0000,0.0000
"06-NOV-2022 17:25","06-NOV-2022 17:24:01","STU1101",0.0000,0.0000,16.7631,0.0000,0.0000
"06-NOV-2022 17:25","06-NOV-2022 17:24:01","SVL0331",0.0000,47.8845,19.5816,0.0000,0.0000
"06-NOV-2022 17:25","06-NOV-2022 17:24:01","SVL2201",0.0000,0.0000,19.5439,0.0000,0.0000
"06-NOV-2022 17:25","06-NOV-2022 17:24:01","SVL2202",0.0000,0.0000,19.5445,0.0000,0.0000
"06-NOV-2022 17:25","06-NOV-2022 17:24:01","SWN0251",0.0000,4.2519,19.3768,0.0000,0.0000
"06-NOV-2022 17:25","06-NOV-2022 17:24:01","SWN2201",0.0000,0.0992,19.3644,0.0000,0.0000
"06-NOV-2022 17:25","06-NOV-2022 17:24:01","TAK0331",0.0000,61.6526,19.3570,0.0000,0.0000
"06-NOV-2022 17:25","06-NOV-2022 17:24:01","TAK2201",0.0000,0.0000,19.3271,0.0000,0.0000
"06-NOV-2022 17:25","06-NOV-2022 17:24:01","TAK2202",0.0000,0.0000,19.3243,0.0000,0.0000
"06-NOV-2022 17:25","06-NOV-2022 17:24:01","TGA0111",0.0000,13.0594,17.9746,0.0000,0.0000
"06-NOV-2022 17:25","06-NOV-2022 17:24:01","TGA0331",0.0000,48.0870,17.9285,0.0000,0.0000
"06-NOV-2022 17:25","06-NOV-2022 17:24:01","TGA0331 KMI0",35.0000,0.0000,17.9285,0.0000,0.0000
"06-NOV-2022 17:25","06-NOV-2022 17:24:01","TGA1101",0.0000,0.0000,17.9192,0.0000,0.0000
"06-NOV-2022 17:25","06-NOV-2022 17:24:01","THI2201",0.0000,0.1033,17.8032,0.0000,0.0000
"06-NOV-2022 17:25","06-NOV-2022 17:24:01","THI2201 THI1",74.0000,0.0000,17.8032,0.0000,0.0000
"06-NOV-2022 17:25","06-NOV-2022 17:24:01","THI2201 THI2",75.0000,0.0000,17.8032,0.0000,0.0000
"06-NOV-2022 17:25","06-NOV-2022 17:24:01","TIM0111",0.0000,37.9514,16.4118,0.0000,0.0000
"06-NOV-2022 17:25","06-NOV-2022 17:24:01","TIM1101",0.0000,0.0000,16.3339,0.0000,0.0000
"06-NOV-2022 17:25","06-NOV-2022 17:24:01","TIM2201",0.0000,0.0000,16.2602,0.0000,0.0000
"06-NOV-2022 17:25","06-NOV-2022 17:24:01","TIM2202",0.0000,0.0000,16.3567,0.0000,0.0000
"06-NOV-2022 17:25","06-NOV-2022 17:24:01","TKA0111",0.0000,0.0000,15.1504,0.0000,0.0000
"06-NOV-2022 17:25","06-NOV-2022 17:24:01","TKA0111 TKA1",22.0000,0.0000,15.1504,0.0000,0.0000
"06-NOV-2022 17:25","06-NOV-2022 17:24:01","TKA0331",0.0000,1.6107,15.1961,0.0000,0.0000
"06-NOV-2022 17:25","06-NOV-2022 17:24:01","TKA1101",0.0000,0.0000,15.2449,0.0000,0.0000
"06-NOV-2022 17:25","06-NOV-2022 17:24:01","TKB2201",0.0000,0.0000,15.8767,0.0000,0.0000
"06-NOV-2022 17:25","06-NOV-2022 17:24:01","TKB2201 TKB1",152.0000,0.0000,15.8767,0.0000,0.0000
"06-NOV-2022 17:25","06-NOV-2022 17:24:01","TKR0331",0.0000,44.3413,17.1043,0.0000,0.0000
"06-NOV-2022 17:25","06-NOV-2022 17:24:01","TKR1101",0.0000,0.0000,17.0402,0.0000,0.0000
"06-NOV-2022 17:25","06-NOV-2022 17:24:01","TKU0331",0.0000,3.9482,17.6643,0.0000,0.0000
"06-NOV-2022 17:25","06-NOV-2022 17:24:01","TKU2201",0.0000,0.0000,17.6116,0.0000,0.0000
"06-NOV-2022 17:25","06-NOV-2022 17:24:01","TKU2201 TKU0",126.0000,0.0000,17.6116,0.0000,0.0000
"06-NOV-2022 17:25","06-NOV-2022 17:24:01","TMH2201",0.0000,0.0000,15.3640,0.0000,0.0000
"06-NOV-2022 17:25","06-NOV-2022 17:24:01","TMI0331",0.0000,21.1583,18.0481,0.0000,0.0000
"06-NOV-2022 17:25","06-NOV-2022 17:24:01","TMI1101",0.0000,0.0000,17.9981,0.0000,0.0000
"06-NOV-2022 17:25","06-NOV-2022 17:24:01","TMK0331",0.0000,50.0314,16.8113,0.0000,0.0000
"06-NOV-2022 17:25","06-NOV-2022 17:24:01","TMK1101",0.0000,0.0000,16.7173,0.0000,0.0000
"06-NOV-2022 17:25","06-NOV-2022 17:24:01","TMK1102",0.0000,0.0000,16.7158,0.0000,0.0000
"06-NOV-2022 17:25","06-NOV-2022 17:24:01","TMN0551",0.0000,0.0000,18.2005,0.0000,0.0000
"06-NOV-2022 17:25","06-NOV-2022 17:24:01","TMN2201",0.0000,0.0000,18.1857,0.0000,0.0000
"06-NOV-2022 17:25","06-NOV-2022 17:24:01","TMU0111",0.0000,27.5361,19.1781,0.0000,0.0000
"06-NOV-2022 17:25","06-NOV-2022 17:24:01","TMU1101",0.0000,0.0000,19.0983,0.0000,0.0000
"06-NOV-2022 17:25","06-NOV-2022 17:24:01","TNG0111",0.0000,17.3000,17.4615,0.0000,0.0000
"06-NOV-2022 17:25","06-NOV-2022 17:24:01","TNG0551",0.0000,0.0000,17.4545,0.0000,0.0000
"06-NOV-2022 17:25","06-NOV-2022 17:24:01","TNG2201",0.0000,0.0000,17.4423,0.0000,0.0000
"06-NOV-2022 17:25","06-NOV-2022 17:24:01","TRK0111",0.0000,4.5556,17.7800,0.0000,0.0000
"06-NOV-2022 17:25","06-NOV-2022 17:24:01","TRK1101",0.0000,0.0000,17.7355,0.0000,0.0000
"06-NOV-2022 17:25","06-NOV-2022 17:24:01","TRK1102",0.0000,0.0000,17.7355,0.0000,0.0000
"06-NOV-2022 17:25","06-NOV-2022 17:24:01","TRK2201",0.0000,0.0000,17.7136,0.0000,0.0000
"06-NOV-2022 17:25","06-NOV-2022 17:24:01","TUI1101",0.0000,31.2818,17.7772,0.0000,0.0000
"06-NOV-2022 17:25","06-NOV-2022 17:24:01","TUI1101 KTW0",7.7000,0.0000,17.7772,0.0000,0.0000
"06-NOV-2022 17:25","06-NOV-2022 17:24:01","TUI1101 PRI0",13.8000,0.0000,17.7772,0.0000,0.0000
"06-NOV-2022 17:25","06-NOV-2022 17:24:01","TUI1101 TUI0",18.5000,0.0000,17.7772,0.0000,0.0000
"06-NOV-2022 17:25","06-NOV-2022 17:24:01","TWC2201",0.0000,0.0000,17.2316,0.0000,0.0000
"06-NOV-2022 17:25","06-NOV-2022 17:24:01","TWC2201 NZW0",8.6100,0.0000,17.2316,0.0000,0.0000
"06-NOV-2022 17:25","06-NOV-2022 17:24:01","TWC2201 TWF0",34.8600,0.0000,17.2316,0.0000,0.0000
"06-NOV-2022 17:25","06-NOV-2022 17:24:01","TWH0331",0.0000,45.2524,18.9321,0.0000,0.0000
"06-NOV-2022 17:25","06-NOV-2022 17:24:01","TWH0331 TRC1",30.0000,0.0000,18.9321,0.0000,0.0000
"06-NOV-2022 17:25","06-NOV-2022 17:24:01","TWH0331 TUK0",6.5000,0.0000,18.9321,0.0000,0.0000
"06-NOV-2022 17:25","06-NOV-2022 17:24:01","TWH2201",0.0000,0.0000,18.9224,0.0000,0.0000
"06-NOV-2022 17:25","06-NOV-2022 17:24:01","TWI2201",0.0000,578.6000,15.4737,0.0000,0.0000
"06-NOV-2022 17:25","06-NOV-2022 17:24:01","TWT2201",0.0000,0.0000,17.2501,0.0000,0.0000
"06-NOV-2022 17:25","06-NOV-2022 17:24:01","TWZ0331",0.0000,2.5167,15.8455,0.0000,0.0000
"06-NOV-2022 17:25","06-NOV-2022 17:24:01","TWZ2201",0.0000,0.0000,15.8385,0.0000,0.0000
"06-NOV-2022 17:25","06-NOV-2022 17:24:01","TWZ2202",0.0000,0.0000,15.8385,0.0000,0.0000
"06-NOV-2022 17:25","06-NOV-2022 17:24:01","UHT0331",0.0000,14.9829,17.0707,0.0000,0.0000
"06-NOV-2022 17:25","06-NOV-2022 17:24:01","UHT1101",0.0000,0.0000,17.0173,0.0000,0.0000
"06-NOV-2022 17:25","06-NOV-2022 17:24:01","WAI0111",0.0000,0.0000,17.3690,0.0000,0.0000
"06-NOV-2022 17:25","06-NOV-2022 17:24:01","WAI0501",0.0000,0.0000,17.3690,0.0000,0.0000
"06-NOV-2022 17:25","06-NOV-2022 17:24:01","WAI1101",0.0000,0.0000,0.0000,0.0000,0.0000
"06-NOV-2022 17:25","06-NOV-2022 17:24:01","WDV0111",0.0000,1.5388,17.3429,0.0000,0.0000
"06-NOV-2022 17:25","06-NOV-2022 17:24:01","WDV1101",0.0000,0.0000,17.3185,0.0000,0.0000
"06-NOV-2022 17:25","06-NOV-2022 17:24:01","WDV1101 TAP0",27.9700,0.0000,17.3185,0.0000,0.0000
"06-NOV-2022 17:25","06-NOV-2022 17:24:01","WDV1102",0.0000,0.0000,17.3185,0.0000,0.0000
"06-NOV-2022 17:25","06-NOV-2022 17:24:01","WEL0331",0.0000,21.6644,20.0727,0.0000,0.0000
"06-NOV-2022 17:25","06-NOV-2022 17:24:01","WEL1101",0.0000,0.0000,20.0173,0.0000,0.0000
"06-NOV-2022 17:25","06-NOV-2022 17:24:01","WEL1102",0.0000,0.0000,20.0171,0.0000,0.0000
"06-NOV-2022 17:25","06-NOV-2022 17:24:01","WGN0331",0.0000,18.0200,17.5676,0.0000,0.0000
"06-NOV-2022 17:25","06-NOV-2022 17:24:01","WGN1101",0.0000,0.0000,17.5235,0.0000,0.0000
"06-NOV-2022 17:25","06-NOV-2022 17:24:01","WHI0111",0.0000,41.4000,17.9012,0.0000,0.0000
"06-NOV-2022 17:25","06-NOV-2022 17:24:01","WHI2201",0.0000,0.1144,17.8725,0.0000,0.0000
"06-NOV-2022 17:25","06-NOV-2022 17:24:01","WHI2201 WHI0",0.0000,0.0000,17.8725,0.0000,0.0000
"06-NOV-2022 17:25","06-NOV-2022 17:24:01","WHU0331",0.0000,24.2966,19.6633,0.0000,0.0000
"06-NOV-2022 17:25","06-NOV-2022 17:24:01","WHU1101",0.0000,0.0000,19.6431,0.0000,0.0000
"06-NOV-2022 17:25","06-NOV-2022 17:24:01","WIL0331",0.0000,21.2595,17.0287,0.0000,0.0000
"06-NOV-2022 17:25","06-NOV-2022 17:24:01","WIL0331 MCK0",0.0000,0.0000,17.0287,0.0000,0.0000
"06-NOV-2022 17:25","06-NOV-2022 17:24:01","WIL1101",0.0000,0.0000,17.0228,0.0000,0.0000
"06-NOV-2022 17:25","06-NOV-2022 17:24:01","WIL2201",0.0000,0.0000,17.0254,0.0000,0.0000
"06-NOV-2022 17:25","06-NOV-2022 17:24:01","WIR0331",0.0000,46.8721,19.5484,0.0000,0.0000
"06-NOV-2022 17:25","06-NOV-2022 17:24:01","WIR1101",0.0000,0.0000,19.4951,0.0000,0.0000
"06-NOV-2022 17:25","06-NOV-2022 17:24:01","WIR1102",0.0000,0.0000,19.4931,0.0000,0.0000
"06-NOV-2022 17:25","06-NOV-2022 17:24:01","WKM2201",0.0000,7.4914,18.0005,0.0000,0.0000
"06-NOV-2022 17:25","06-NOV-2022 17:24:01","WKM2201 MOK0",90.0000,0.0000,18.0005,0.0000,0.0000
"06-NOV-2022 17:25","06-NOV-2022 17:24:01","WKM2201 WKM0",97.9420,0.0000,18.0005,0.0000,0.0000
"06-NOV-2022 17:25","06-NOV-2022 17:24:01","WKM2202",0.0000,0.0000,18.0032,0.0000,0.0000
"06-NOV-2022 17:25","06-NOV-2022 17:24:01","WKO0331",0.0000,20.9558,19.8403,0.0000,0.0000
"06-NOV-2022 17:25","06-NOV-2022 17:24:01","WKO1101",0.0000,0.0000,19.7989,0.0000,0.0000
"06-NOV-2022 17:25","06-NOV-2022 17:24:01","WPA2201",0.0000,0.2885,17.9390,0.0000,0.0000
"06-NOV-2022 17:25","06-NOV-2022 17:24:01","WPA2201 WPA0",33.0000,0.0000,17.9390,0.0000,0.0000
"06-NOV-2022 17:25","06-NOV-2022 17:24:01","WPR0331",0.0000,6.6440,17.1520,0.0000,0.0000
"06-NOV-2022 17:25","06-NOV-2022 17:24:01","WPR0661",0.0000,4.9327,17.0599,0.0000,0.0000
"06-NOV-2022 17:25","06-NOV-2022 17:24:01","WPR2202",0.0000,0.0000,17.1251,0.0000,0.0000
"06-NOV-2022 17:25","06-NOV-2022 17:24:01","WPR2203",0.0000,0.0000,17.1276,0.0000,0.0000
"06-NOV-2022 17:25","06-NOV-2022 17:24:01","WPT1101",0.0000,0.0000,17.5623,0.0000,0.0000
"06-NOV-2022 17:25","06-NOV-2022 17:24:01","WPT1102",0.0000,0.0000,17.5898,0.0000,0.0000
"06-NOV-2022 17:25","06-NOV-2022 17:24:01","WPW0331",0.0000,15.7928,17.8635,0.0000,0.0000
"06-NOV-2022 17:25","06-NOV-2022 17:24:01","WPW1101",0.0000,0.0000,17.8618,0.0000,0.0000
"06-NOV-2022 17:25","06-NOV-2022 17:24:01","WPW1102",0.0000,0.0000,17.6888,0.0000,0.0000
"06-NOV-2022 17:25","06-NOV-2022 17:24:01","WRD0331",0.0000,35.7362,19.5593,0.0000,0.0000
"06-NOV-2022 17:25","06-NOV-2022 17:24:01","WRD2201",0.0000,0.0000,19.5236,0.0000,0.0000
"06-NOV-2022 17:25","06-NOV-2022 17:24:01","WRK0331",0.0000,28.5485,17.7376,0.0000,0.0000
"06-NOV-2022 17:25","06-NOV-2022 17:24:01","WRK0331 RKA0",32.0000,0.0000,17.7376,0.0000,0.0000
"06-NOV-2022 17:25","06-NOV-2022 17:24:01","WRK0331 TAA0",24.0000,0.0000,17.7376,0.0000,0.0000
"06-NOV-2022 17:25","06-NOV-2022 17:24:01","WRK2201",0.0000,0.1103,17.7889,0.0000,0.0000
"06-NOV-2022 17:25","06-NOV-2022 17:24:01","WRK2201 WRK0",122.0000,0.0000,17.7889,0.0000,0.0000
"06-NOV-2022 17:25","06-NOV-2022 17:24:01","WTK0111",0.0000,6.8453,15.8022,0.0000,0.0000
"06-NOV-2022 17:25","06-NOV-2022 17:24:01","WTK0111 WTK0",70.0000,0.0000,15.8022,0.0000,0.0000
"06-NOV-2022 17:25","06-NOV-2022 17:24:01","WTK0331",0.0000,0.0000,15.8216,0.0000,0.0000
"06-NOV-2022 17:25","06-NOV-2022 17:24:01","WTK1101",0.0000,0.0000,15.8603,0.0000,0.0000
"06-NOV-2022 17:25","06-NOV-2022 17:24:01","WTK1102",0.0000,0.0000,15.8606,0.0000,0.0000
"06-NOV-2022 17:25","06-NOV-2022 17:24:01","WTK2201",0.0000,0.0000,15.8508,0.0000,0.0000
"06-NOV-2022 17:25","06-NOV-2022 17:24:01","WTU0331",0.0000,43.0252,17.9456,0.0000,0.0000
"06-NOV-2022 17:25","06-NOV-2022 17:24:01","WTU2201",0.0000,0.0000,17.8978,0.0000,0.0000
"06-NOV-2022 17:25","06-NOV-2022 17:24:01","WTU2202",0.0000,0.0000,17.8978,0.0000,0.0000
"06-NOV-2022 17:25","06-NOV-2022 17:24:01","WVY0111",0.0000,3.2395,17.5985,0.0000,0.0000
"06-NOV-2022 17:25","06-NOV-2022 17:24:01","WVY1101",0.0000,0.0000,17.5029,0.0000,0.0000
"06-NOV-2022 17:25","06-NOV-2022 17:24:01","WVY1101 WPP0",7.4600,0.0000,17.5029,0.0000,0.0000
"06-NOV-2022 17:25","06-NOV-2022 17:24:01","WWD1102",0.0000,0.4049,17.0413,0.0000,0.0000
"06-NOV-2022 17:25","06-NOV-2022 17:24:01","WWD1102 WWD0",0.0000,0.0000,17.0413,0.0000,0.0000
"06-NOV-2022 17:25","06-NOV-2022 17:24:01","WWD1103",0.0000,0.4049,17.0408,0.0000,0.0000
"06-NOV-2022 17:25","06-NOV-2022 17:24:01","WWD1103 WWD0",0.0000,0.0000,17.0408,0.0000,0.0000
