"CaseID","DateTime","RunTime","Node","Generation (MW)","Load (MW)","Price ($/MWh)","Deficit(MW)","Surplus(MW)"
"311012023051230886","01-JUN-2023 00:30","01-JUN-2023 00:29:10","ABY0111",0.0000,1.8702,0.0204,0.0000,0.0000
"311012023051230886","01-JUN-2023 00:30","01-JUN-2023 00:29:10","ABY1101",0.0000,0.0000,0.0204,0.0000,0.0000
"311012023051230886","01-JUN-2023 00:30","01-JUN-2023 00:29:10","ALB0331",0.0000,58.8777,0.0244,0.0000,0.0000
"311012023051230886","01-JUN-2023 00:30","01-JUN-2023 00:29:10","ALB1101",0.0000,27.3432,0.0244,0.0000,0.0000
"311012023051230886","01-JUN-2023 00:30","01-JUN-2023 00:29:10","ALB2201",0.0000,0.0000,0.0244,0.0000,0.0000
"311012023051230886","01-JUN-2023 00:30","01-JUN-2023 00:29:10","APS0111",0.0000,0.0984,0.0240,0.0000,0.0000
"311012023051230886","01-JUN-2023 00:30","01-JUN-2023 00:29:10","APS0661",0.0000,0.0000,0.0240,0.0000,0.0000
"311012023051230886","01-JUN-2023 00:30","01-JUN-2023 00:29:10","ARA2201",0.0000,0.0000,0.0227,0.0000,0.0000
"311012023051230886","01-JUN-2023 00:30","01-JUN-2023 00:29:10","ARA2201 ARA0",15.0000,0.0000,0.0227,0.0000,0.0000
"311012023051230886","01-JUN-2023 00:30","01-JUN-2023 00:29:10","ARG1101",0.0000,0.0000,0.0230,0.0000,0.0000
"311012023051230886","01-JUN-2023 00:30","01-JUN-2023 00:29:10","ARG1101 BRR0",0.0000,0.0000,0.0230,0.0000,0.0000
"311012023051230886","01-JUN-2023 00:30","01-JUN-2023 00:29:10","ARI1101",0.0000,0.0000,0.0210,0.0000,0.0000
"311012023051230886","01-JUN-2023 00:30","01-JUN-2023 00:29:10","ARI1101 ARI0",70.0000,0.0000,0.0210,0.0000,0.0000
"311012023051230886","01-JUN-2023 00:30","01-JUN-2023 00:29:10","ARI1102",0.0000,6.4865,0.0232,0.0000,0.0000
"311012023051230886","01-JUN-2023 00:30","01-JUN-2023 00:29:10","ARI1102 ARI0",60.0000,0.0000,0.0232,0.0000,0.0000
"311012023051230886","01-JUN-2023 00:30","01-JUN-2023 00:29:10","ASB0661",0.0000,38.0000,0.0211,0.0000,0.0000
"311012023051230886","01-JUN-2023 00:30","01-JUN-2023 00:29:10","ASB0661 HBK0",21.5000,0.0000,0.0211,0.0000,0.0000
"311012023051230886","01-JUN-2023 00:30","01-JUN-2023 00:29:10","ASB2201",0.0000,0.0000,0.0211,0.0000,0.0000
"311012023051230886","01-JUN-2023 00:30","01-JUN-2023 00:29:10","ASY0111",0.0000,7.8747,0.0224,0.0000,0.0000
"311012023051230886","01-JUN-2023 00:30","01-JUN-2023 00:29:10","ASY0661",0.0000,0.0000,0.0224,0.0000,0.0000
"311012023051230886","01-JUN-2023 00:30","01-JUN-2023 00:29:10","ATI2201",0.0000,0.4321,0.0229,0.0000,0.0000
"311012023051230886","01-JUN-2023 00:30","01-JUN-2023 00:29:10","ATI2201 ATI0",0.0000,0.0000,0.0229,0.0000,0.0000
"311012023051230886","01-JUN-2023 00:30","01-JUN-2023 00:29:10","ATU1101",0.0000,0.0000,0.0231,0.0000,0.0000
"311012023051230886","01-JUN-2023 00:30","01-JUN-2023 00:29:10","AVI2201",0.0000,0.0000,0.0203,0.0000,0.0000
"311012023051230886","01-JUN-2023 00:30","01-JUN-2023 00:29:10","AVI2201 AVI0",117.0690,0.0000,0.0203,0.0000,0.0000
"311012023051230886","01-JUN-2023 00:30","01-JUN-2023 00:29:10","BAL0331",0.0000,16.9306,0.0139,0.0000,0.0000
"311012023051230886","01-JUN-2023 00:30","01-JUN-2023 00:29:10","BAL1101",0.0000,0.0000,0.0139,0.0000,0.0000
"311012023051230886","01-JUN-2023 00:30","01-JUN-2023 00:29:10","BDE0111",0.0000,6.5951,0.0159,0.0000,0.0000
"311012023051230886","01-JUN-2023 00:30","01-JUN-2023 00:29:10","BDE1101",0.0000,0.0000,0.0159,0.0000,0.0000
"311012023051230886","01-JUN-2023 00:30","01-JUN-2023 00:29:10","BEN2201",0.0000,0.0000,0.0204,0.0000,0.0000
"311012023051230886","01-JUN-2023 00:30","01-JUN-2023 00:29:10","BEN2202",0.0000,0.0000,0.0204,0.0000,0.0000
"311012023051230886","01-JUN-2023 00:30","01-JUN-2023 00:29:10","BEN2202 BEN0",242.3450,0.0000,0.0204,0.0000,0.0000
"311012023051230886","01-JUN-2023 00:30","01-JUN-2023 00:29:10","BEN3502",0.0000,0.0000,0.0204,0.0000,0.0000
"311012023051230886","01-JUN-2023 00:30","01-JUN-2023 00:29:10","BEN3503",0.0000,0.0000,0.0204,0.0000,0.0000
"311012023051230886","01-JUN-2023 00:30","01-JUN-2023 00:29:10","BHL2201",0.0000,0.0000,0.0241,0.0000,0.0000
"311012023051230886","01-JUN-2023 00:30","01-JUN-2023 00:29:10","BHL2202",0.0000,0.0000,0.0241,0.0000,0.0000
"311012023051230886","01-JUN-2023 00:30","01-JUN-2023 00:29:10","BLN0331",0.0000,37.6018,0.0234,0.0000,0.0000
"311012023051230886","01-JUN-2023 00:30","01-JUN-2023 00:29:10","BLN1101",0.0000,0.0000,0.0234,0.0000,0.0000
"311012023051230886","01-JUN-2023 00:30","01-JUN-2023 00:29:10","BOB0331",0.0000,1.7963,0.0243,0.0000,0.0000
"311012023051230886","01-JUN-2023 00:30","01-JUN-2023 00:29:10","BOB1101",0.0000,37.1229,0.0242,0.0000,0.0000
"311012023051230886","01-JUN-2023 00:30","01-JUN-2023 00:29:10","BOB2204",0.0000,0.0000,0.0241,0.0000,0.0000
"311012023051230886","01-JUN-2023 00:30","01-JUN-2023 00:29:10","BOB2205",0.0000,0.0000,0.0241,0.0000,0.0000
"311012023051230886","01-JUN-2023 00:30","01-JUN-2023 00:29:10","BOT2201",0.0000,0.0000,0.0241,0.0000,0.0000
"311012023051230886","01-JUN-2023 00:30","01-JUN-2023 00:29:10","BOT2202",0.0000,0.0000,0.0241,0.0000,0.0000
"311012023051230886","01-JUN-2023 00:30","01-JUN-2023 00:29:10","BPC1101",0.0000,0.0000,0.0205,0.0000,0.0000
"311012023051230886","01-JUN-2023 00:30","01-JUN-2023 00:29:10","BPD1101",0.0000,2.6577,0.0208,0.0000,0.0000
"311012023051230886","01-JUN-2023 00:30","01-JUN-2023 00:29:10","BPE0331",0.0000,38.1109,0.0214,0.0000,0.0000
"311012023051230886","01-JUN-2023 00:30","01-JUN-2023 00:29:10","BPE0331 TWF0",24.8900,0.0000,0.0214,0.0000,0.0000
"311012023051230886","01-JUN-2023 00:30","01-JUN-2023 00:29:10","BPE0551",0.0000,0.0000,0.0214,0.0000,0.0000
"311012023051230886","01-JUN-2023 00:30","01-JUN-2023 00:29:10","BPE1101",0.0000,0.0000,0.0213,0.0000,0.0000
"311012023051230886","01-JUN-2023 00:30","01-JUN-2023 00:29:10","BPE2201",0.0000,0.0000,0.0214,0.0000,0.0000
"311012023051230886","01-JUN-2023 00:30","01-JUN-2023 00:29:10","BPT1101",0.0000,0.0000,0.0205,0.0000,0.0000
"311012023051230886","01-JUN-2023 00:30","01-JUN-2023 00:29:10","BRB0331",0.0000,10.0791,0.0246,0.0000,0.0000
"311012023051230886","01-JUN-2023 00:30","01-JUN-2023 00:29:10","BRB2201",0.0000,0.0000,0.0245,0.0000,0.0000
"311012023051230886","01-JUN-2023 00:30","01-JUN-2023 00:29:10","BRK0331",0.0000,11.6758,0.0215,0.0000,0.0000
"311012023051230886","01-JUN-2023 00:30","01-JUN-2023 00:29:10","BRK2201",0.0000,0.0000,0.0215,0.0000,0.0000
"311012023051230886","01-JUN-2023 00:30","01-JUN-2023 00:29:10","BRK2202",0.0000,0.0000,0.0215,0.0000,0.0000
"311012023051230886","01-JUN-2023 00:30","01-JUN-2023 00:29:10","BRY0661",0.0000,78.7472,0.0216,0.0000,0.0000
"311012023051230886","01-JUN-2023 00:30","01-JUN-2023 00:29:10","BRY2201",0.0000,0.0000,0.0216,0.0000,0.0000
"311012023051230886","01-JUN-2023 00:30","01-JUN-2023 00:29:10","BWK1101",0.0000,0.0000,0.0142,0.0000,0.0000
"311012023051230886","01-JUN-2023 00:30","01-JUN-2023 00:29:10","BWK1101 WPI0",22.0000,0.0000,0.0142,0.0000,0.0000
"311012023051230886","01-JUN-2023 00:30","01-JUN-2023 00:29:10","CBG0111",0.0000,17.7631,0.0237,0.0000,0.0000
"311012023051230886","01-JUN-2023 00:30","01-JUN-2023 00:29:10","CBG1101",0.0000,0.0000,0.0237,0.0000,0.0000
"311012023051230886","01-JUN-2023 00:30","01-JUN-2023 00:29:10","CBG1102",0.0000,0.0000,0.0237,0.0000,0.0000
"311012023051230886","01-JUN-2023 00:30","01-JUN-2023 00:29:10","CLH0111",0.0000,0.1969,0.0243,0.0000,0.0000
"311012023051230886","01-JUN-2023 00:30","01-JUN-2023 00:29:10","CLH0661",0.0000,0.0000,0.0242,0.0000,0.0000
"311012023051230886","01-JUN-2023 00:30","01-JUN-2023 00:29:10","CML0331",0.0000,14.0761,0.0203,0.0000,0.0000
"311012023051230886","01-JUN-2023 00:30","01-JUN-2023 00:29:10","CML1101",0.0000,0.0000,0.0203,0.0000,0.0000
"311012023051230886","01-JUN-2023 00:30","01-JUN-2023 00:29:10","CML1102",0.0000,0.0000,0.0203,0.0000,0.0000
"311012023051230886","01-JUN-2023 00:30","01-JUN-2023 00:29:10","CML2201",0.0000,0.0000,0.0203,0.0000,0.0000
"311012023051230886","01-JUN-2023 00:30","01-JUN-2023 00:29:10","CML2202",0.0000,0.0000,0.0203,0.0000,0.0000
"311012023051230886","01-JUN-2023 00:30","01-JUN-2023 00:29:10","COL0111",0.0000,0.1555,0.0205,0.0000,0.0000
"311012023051230886","01-JUN-2023 00:30","01-JUN-2023 00:29:10","COL0661",0.0000,0.0000,0.0205,0.0000,0.0000
"311012023051230886","01-JUN-2023 00:30","01-JUN-2023 00:29:10","COL0661 COL0",15.7707,0.0000,0.0205,0.0000,0.0000
"311012023051230886","01-JUN-2023 00:30","01-JUN-2023 00:29:10","CPK0111",0.0000,7.6840,0.0213,0.0000,0.0000
"311012023051230886","01-JUN-2023 00:30","01-JUN-2023 00:29:10","CPK0331",0.0000,57.1813,0.0212,0.0000,0.0000
"311012023051230886","01-JUN-2023 00:30","01-JUN-2023 00:29:10","CPK1101",0.0000,0.0000,0.0212,0.0000,0.0000
"311012023051230886","01-JUN-2023 00:30","01-JUN-2023 00:29:10","CPK1102",0.0000,0.0000,0.0212,0.0000,0.0000
"311012023051230886","01-JUN-2023 00:30","01-JUN-2023 00:29:10","CPK1103",0.0000,0.0000,0.0212,0.0000,0.0000
"311012023051230886","01-JUN-2023 00:30","01-JUN-2023 00:29:10","CST0331",0.0000,24.7486,0.0220,0.0000,0.0000
"311012023051230886","01-JUN-2023 00:30","01-JUN-2023 00:29:10","CST1101",0.0000,0.0000,0.0220,0.0000,0.0000
"311012023051230886","01-JUN-2023 00:30","01-JUN-2023 00:29:10","CUL0331",0.0000,3.2483,0.0221,0.0000,0.0000
"311012023051230886","01-JUN-2023 00:30","01-JUN-2023 00:29:10","CUL0661",0.0000,2.3624,0.0221,0.0000,0.0000
"311012023051230886","01-JUN-2023 00:30","01-JUN-2023 00:29:10","CUL2202",0.0000,0.0000,0.0221,0.0000,0.0000
"311012023051230886","01-JUN-2023 00:30","01-JUN-2023 00:29:10","CUL2203",0.0000,0.0000,0.0221,0.0000,0.0000
"311012023051230886","01-JUN-2023 00:30","01-JUN-2023 00:29:10","CYD0331",0.0000,-9.9000,0.0203,0.0000,0.0000
"311012023051230886","01-JUN-2023 00:30","01-JUN-2023 00:29:10","CYD2201",0.0000,0.0000,0.0203,0.0000,0.0000
"311012023051230886","01-JUN-2023 00:30","01-JUN-2023 00:29:10","CYD2201 CYD0",0.0100,0.0000,0.0203,0.0000,0.0000
"311012023051230886","01-JUN-2023 00:30","01-JUN-2023 00:29:10","DOB0331",0.0000,0.0000,0.0232,0.0000,0.0000
"311012023051230886","01-JUN-2023 00:30","01-JUN-2023 00:29:10","DOB0661",0.0000,0.0000,0.0232,0.0000,0.0000
"311012023051230886","01-JUN-2023 00:30","01-JUN-2023 00:29:10","DOB1101",0.0000,0.0000,0.0232,0.0000,0.0000
"311012023051230886","01-JUN-2023 00:30","01-JUN-2023 00:29:10","DOB1102",0.0000,0.0000,0.0232,0.0000,0.0000
"311012023051230886","01-JUN-2023 00:30","01-JUN-2023 00:29:10","DRY2201",0.0000,0.0000,0.0242,0.0000,0.0000
"311012023051230886","01-JUN-2023 00:30","01-JUN-2023 00:29:10","DRY2202",0.0000,0.0000,0.0242,0.0000,0.0000
"311012023051230886","01-JUN-2023 00:30","01-JUN-2023 00:29:10","DVK0111",0.0000,6.0185,0.0210,0.0000,0.0000
"311012023051230886","01-JUN-2023 00:30","01-JUN-2023 00:29:10","DVK1101",0.0000,0.0000,0.0210,0.0000,0.0000
"311012023051230886","01-JUN-2023 00:30","01-JUN-2023 00:29:10","DVK1102",0.0000,0.0000,0.0210,0.0000,0.0000
"311012023051230886","01-JUN-2023 00:30","01-JUN-2023 00:29:10","EDG0331",0.0000,23.3860,0.0230,0.0000,0.0000
"311012023051230886","01-JUN-2023 00:30","01-JUN-2023 00:29:10","EDG1101",0.0000,0.0000,0.0228,0.0000,0.0000
"311012023051230886","01-JUN-2023 00:30","01-JUN-2023 00:29:10","EDG1102",0.0000,0.0000,0.0228,0.0000,0.0000
"311012023051230886","01-JUN-2023 00:30","01-JUN-2023 00:29:10","EDG2201",0.0000,0.0000,0.0229,0.0000,0.0000
"311012023051230886","01-JUN-2023 00:30","01-JUN-2023 00:29:10","EDN0331",0.0000,10.7421,0.0187,0.0000,0.0000
"311012023051230886","01-JUN-2023 00:30","01-JUN-2023 00:29:10","EDN1101",0.0000,0.0000,0.0186,0.0000,0.0000
"311012023051230886","01-JUN-2023 00:30","01-JUN-2023 00:29:10","FHL0331",0.0000,31.1354,0.0209,0.0000,0.0000
"311012023051230886","01-JUN-2023 00:30","01-JUN-2023 00:29:10","FHL1101",0.0000,0.0000,0.0209,0.0000,0.0000
"311012023051230886","01-JUN-2023 00:30","01-JUN-2023 00:29:10","FKN0331",0.0000,29.0380,0.0208,0.0000,0.0000
"311012023051230886","01-JUN-2023 00:30","01-JUN-2023 00:29:10","FKN1101",0.0000,0.0000,0.0208,0.0000,0.0000
"311012023051230886","01-JUN-2023 00:30","01-JUN-2023 00:29:10","FKN1102",0.0000,0.0000,0.0208,0.0000,0.0000
"311012023051230886","01-JUN-2023 00:30","01-JUN-2023 00:29:10","GFD0331",0.0000,25.1478,0.0212,0.0000,0.0000
"311012023051230886","01-JUN-2023 00:30","01-JUN-2023 00:29:10","GFD1101",0.0000,0.0000,0.0212,0.0000,0.0000
"311012023051230886","01-JUN-2023 00:30","01-JUN-2023 00:29:10","GFD1102",0.0000,0.0000,0.0212,0.0000,0.0000
"311012023051230886","01-JUN-2023 00:30","01-JUN-2023 00:29:10","GLN0331",0.0000,81.9000,0.0242,0.0000,0.0000
"311012023051230886","01-JUN-2023 00:30","01-JUN-2023 00:29:10","GLN0332",0.0000,36.1250,0.0242,0.0000,0.0000
"311012023051230886","01-JUN-2023 00:30","01-JUN-2023 00:29:10","GLN0332 GLN0",36.6000,0.0000,0.0242,0.0000,0.0000
"311012023051230886","01-JUN-2023 00:30","01-JUN-2023 00:29:10","GLN2201",0.0000,0.0000,0.0242,0.0000,0.0000
"311012023051230886","01-JUN-2023 00:30","01-JUN-2023 00:29:10","GNY1101",0.0000,0.0000,0.0209,0.0000,0.0000
"311012023051230886","01-JUN-2023 00:30","01-JUN-2023 00:29:10","GOR0331",0.0000,16.4385,0.0126,0.0000,0.0000
"311012023051230886","01-JUN-2023 00:30","01-JUN-2023 00:29:10","GOR1101",0.0000,0.0000,0.0125,0.0000,0.0000
"311012023051230886","01-JUN-2023 00:30","01-JUN-2023 00:29:10","GOR1102",0.0000,0.0000,0.0125,0.0000,0.0000
"311012023051230886","01-JUN-2023 00:30","01-JUN-2023 00:29:10","GOR2201",0.0000,0.0000,0.0039,0.0000,0.0000
"311012023051230886","01-JUN-2023 00:30","01-JUN-2023 00:29:10","GOR2202",0.0000,0.0000,0.0062,0.0000,0.0000
"311012023051230886","01-JUN-2023 00:30","01-JUN-2023 00:29:10","GOT2201",0.0000,0.0000,0.0039,0.0000,0.0000
"311012023051230886","01-JUN-2023 00:30","01-JUN-2023 00:29:10","GOT2202",0.0000,0.0000,0.0061,0.0000,0.0000
"311012023051230886","01-JUN-2023 00:30","01-JUN-2023 00:29:10","GYM0661",0.0000,5.0201,0.0234,0.0000,0.0000
"311012023051230886","01-JUN-2023 00:30","01-JUN-2023 00:29:10","GYT0331",0.0000,2.3950,0.0213,0.0000,0.0000
"311012023051230886","01-JUN-2023 00:30","01-JUN-2023 00:29:10","GYT1101",0.0000,0.0000,0.0213,0.0000,0.0000
"311012023051230886","01-JUN-2023 00:30","01-JUN-2023 00:29:10","GYT1102",0.0000,0.0000,0.0213,0.0000,0.0000
"311012023051230886","01-JUN-2023 00:30","01-JUN-2023 00:29:10","HAM0111",0.0000,12.6737,0.0237,0.0000,0.0000
"311012023051230886","01-JUN-2023 00:30","01-JUN-2023 00:29:10","HAM0331",0.0000,63.9672,0.0238,0.0000,0.0000
"311012023051230886","01-JUN-2023 00:30","01-JUN-2023 00:29:10","HAM0551",0.0000,0.0000,0.0238,0.0000,0.0000
"311012023051230886","01-JUN-2023 00:30","01-JUN-2023 00:29:10","HAM1101",0.0000,0.0000,0.0237,0.0000,0.0000
"311012023051230886","01-JUN-2023 00:30","01-JUN-2023 00:29:10","HAM2201",0.0000,0.0000,0.0237,0.0000,0.0000
"311012023051230886","01-JUN-2023 00:30","01-JUN-2023 00:29:10","HAY0111",0.0000,7.1851,0.0212,0.0000,0.0000
"311012023051230886","01-JUN-2023 00:30","01-JUN-2023 00:29:10","HAY0331",0.0000,6.9855,0.0212,0.0000,0.0000
"311012023051230886","01-JUN-2023 00:30","01-JUN-2023 00:29:10","HAY1101",0.0000,0.0000,0.0212,0.0000,0.0000
"311012023051230886","01-JUN-2023 00:30","01-JUN-2023 00:29:10","HAY2201",0.0000,0.0000,0.0212,0.0000,0.0000
"311012023051230886","01-JUN-2023 00:30","01-JUN-2023 00:29:10","HAY3502",0.0000,0.0000,0.0212,0.0000,0.0000
"311012023051230886","01-JUN-2023 00:30","01-JUN-2023 00:29:10","HAY3503",0.0000,0.0000,0.0212,0.0000,0.0000
"311012023051230886","01-JUN-2023 00:30","01-JUN-2023 00:29:10","HEN0331",0.0000,45.4057,0.0244,0.0000,0.0000
"311012023051230886","01-JUN-2023 00:30","01-JUN-2023 00:29:10","HEN1101",0.0000,0.0000,0.0244,0.0000,0.0000
"311012023051230886","01-JUN-2023 00:30","01-JUN-2023 00:29:10","HEN2201",0.0000,0.0000,0.0244,0.0000,0.0000
"311012023051230886","01-JUN-2023 00:30","01-JUN-2023 00:29:10","HEP0331",0.0000,56.7821,0.0245,0.0000,0.0000
"311012023051230886","01-JUN-2023 00:30","01-JUN-2023 00:29:10","HEP1101",0.0000,0.0000,0.0245,0.0000,0.0000
"311012023051230886","01-JUN-2023 00:30","01-JUN-2023 00:29:10","HIN0331",0.0000,8.2828,0.0237,0.0000,0.0000
"311012023051230886","01-JUN-2023 00:30","01-JUN-2023 00:29:10","HIN1101",0.0000,0.0000,0.0236,0.0000,0.0000
"311012023051230886","01-JUN-2023 00:30","01-JUN-2023 00:29:10","HKK0661",0.0000,0.0000,0.0237,0.0000,0.0000
"311012023051230886","01-JUN-2023 00:30","01-JUN-2023 00:29:10","HLY0331",0.0000,11.8753,0.0240,0.0000,0.0000
"311012023051230886","01-JUN-2023 00:30","01-JUN-2023 00:29:10","HLY2201",0.0000,6.9186,0.0240,0.0000,0.0000
"311012023051230886","01-JUN-2023 00:30","01-JUN-2023 00:29:10","HLY2201 HLY1",0.0000,0.0000,0.0240,0.0000,0.0000
"311012023051230886","01-JUN-2023 00:30","01-JUN-2023 00:29:10","HLY2201 HLY2",0.0000,0.0000,0.0240,0.0000,0.0000
"311012023051230886","01-JUN-2023 00:30","01-JUN-2023 00:29:10","HLY2201 HLY4",0.0000,0.0000,0.0240,0.0000,0.0000
"311012023051230886","01-JUN-2023 00:30","01-JUN-2023 00:29:10","HLY2201 HLY5",0.0000,0.0000,0.0240,0.0000,0.0000
"311012023051230886","01-JUN-2023 00:30","01-JUN-2023 00:29:10","HLY2201 HLY6",0.0000,0.0000,0.0240,0.0000,0.0000
"311012023051230886","01-JUN-2023 00:30","01-JUN-2023 00:29:10","HOB1101",0.0000,14.6695,0.0243,0.0000,0.0000
"311012023051230886","01-JUN-2023 00:30","01-JUN-2023 00:29:10","HOB2201",0.0000,0.0000,0.0244,0.0000,0.0000
"311012023051230886","01-JUN-2023 00:30","01-JUN-2023 00:29:10","HOR0331",0.0000,3.9374,0.0214,0.0000,0.0000
"311012023051230886","01-JUN-2023 00:30","01-JUN-2023 00:29:10","HOR0661",0.0000,1.3781,0.0213,0.0000,0.0000
"311012023051230886","01-JUN-2023 00:30","01-JUN-2023 00:29:10","HPI2201",0.0000,0.0000,0.0244,0.0000,0.0000
"311012023051230886","01-JUN-2023 00:30","01-JUN-2023 00:29:10","HPI2202",0.0000,0.0000,0.0244,0.0000,0.0000
"311012023051230886","01-JUN-2023 00:30","01-JUN-2023 00:29:10","HTI0331",0.0000,6.4057,0.0235,0.0000,0.0000
"311012023051230886","01-JUN-2023 00:30","01-JUN-2023 00:29:10","HTI1101",0.0000,3.5925,0.0235,0.0000,0.0000
"311012023051230886","01-JUN-2023 00:30","01-JUN-2023 00:29:10","HUI0331",0.0000,17.8629,0.0221,0.0000,0.0000
"311012023051230886","01-JUN-2023 00:30","01-JUN-2023 00:29:10","HUI1101",0.0000,0.0000,0.0221,0.0000,0.0000
"311012023051230886","01-JUN-2023 00:30","01-JUN-2023 00:29:10","HWA0331",0.0000,15.0687,0.0214,0.0000,0.0000
"311012023051230886","01-JUN-2023 00:30","01-JUN-2023 00:29:10","HWA0332",0.0000,9.2807,0.0214,0.0000,0.0000
"311012023051230886","01-JUN-2023 00:30","01-JUN-2023 00:29:10","HWA1101",0.0000,0.0000,0.0213,0.0000,0.0000
"311012023051230886","01-JUN-2023 00:30","01-JUN-2023 00:29:10","HWA1101 PTA1",11.0000,0.0000,0.0213,0.0000,0.0000
"311012023051230886","01-JUN-2023 00:30","01-JUN-2023 00:29:10","HWA1101 PTA2",11.0000,0.0000,0.0213,0.0000,0.0000
"311012023051230886","01-JUN-2023 00:30","01-JUN-2023 00:29:10","HWA1101 PTA3",10.5000,0.0000,0.0213,0.0000,0.0000
"311012023051230886","01-JUN-2023 00:30","01-JUN-2023 00:29:10","HWA1102",0.0000,0.0000,0.0213,0.0000,0.0000
"311012023051230886","01-JUN-2023 00:30","01-JUN-2023 00:29:10","HWA1102 WAA0",2.5600,0.0000,0.0213,0.0000,0.0000
"311012023051230886","01-JUN-2023 00:30","01-JUN-2023 00:29:10","HWB0331",0.0000,51.3629,0.0152,0.0000,0.0000
"311012023051230886","01-JUN-2023 00:30","01-JUN-2023 00:29:10","HWB0331 MAH0",20.1500,0.0000,0.0152,0.0000,0.0000
"311012023051230886","01-JUN-2023 00:30","01-JUN-2023 00:29:10","HWB0331 WPI0",2.0000,0.0000,0.0152,0.0000,0.0000
"311012023051230886","01-JUN-2023 00:30","01-JUN-2023 00:29:10","HWB1101",0.0000,0.0000,0.0148,0.0000,0.0000
"311012023051230886","01-JUN-2023 00:30","01-JUN-2023 00:29:10","HWB2201",0.0000,0.0000,0.0152,0.0000,0.0000
"311012023051230886","01-JUN-2023 00:30","01-JUN-2023 00:29:10","IGH1101",0.0000,0.0000,0.0229,0.0000,0.0000
"311012023051230886","01-JUN-2023 00:30","01-JUN-2023 00:29:10","INV0331",0.0000,46.8546,0.0305,0.0000,0.0000
"311012023051230886","01-JUN-2023 00:30","01-JUN-2023 00:29:10","INV1101",0.0000,0.0000,0.0250,0.0000,0.0000
"311012023051230886","01-JUN-2023 00:30","01-JUN-2023 00:29:10","INV2201",0.0000,0.0000,0.0304,0.0000,0.0000
"311012023051230886","01-JUN-2023 00:30","01-JUN-2023 00:29:10","INV2202",0.0000,0.0000,0.0304,0.0000,0.0000
"311012023051230886","01-JUN-2023 00:30","01-JUN-2023 00:29:10","ISL0331",0.0000,40.2595,0.0216,0.0000,0.0000
"311012023051230886","01-JUN-2023 00:30","01-JUN-2023 00:29:10","ISL0661",0.0000,242.9351,0.0216,0.0000,0.0000
"311012023051230886","01-JUN-2023 00:30","01-JUN-2023 00:29:10","ISL2201",0.0000,0.0000,0.0216,0.0000,0.0000
"311012023051230886","01-JUN-2023 00:30","01-JUN-2023 00:29:10","JRD1101",0.0000,0.1597,0.0220,0.0000,0.0000
"311012023051230886","01-JUN-2023 00:30","01-JUN-2023 00:29:10","JRD1101 JRD0",0.0000,0.0000,0.0220,0.0000,0.0000
"311012023051230886","01-JUN-2023 00:30","01-JUN-2023 00:29:10","KAI0111",0.0000,13.9776,0.0227,0.0000,0.0000
"311012023051230886","01-JUN-2023 00:30","01-JUN-2023 00:29:10","KAI0661",0.0000,0.0000,0.0227,0.0000,0.0000
"311012023051230886","01-JUN-2023 00:30","01-JUN-2023 00:29:10","KAW0111",0.0000,14.9340,0.0227,0.0000,0.0000
"311012023051230886","01-JUN-2023 00:30","01-JUN-2023 00:29:10","KAW0111 TAM0",23.0000,0.0000,0.0227,0.0000,0.0000
"311012023051230886","01-JUN-2023 00:30","01-JUN-2023 00:29:10","KAW0112",0.0000,9.0000,0.0227,0.0000,0.0000
"311012023051230886","01-JUN-2023 00:30","01-JUN-2023 00:29:10","KAW0112 ONU0",30.0000,0.0000,0.0227,0.0000,0.0000
"311012023051230886","01-JUN-2023 00:30","01-JUN-2023 00:29:10","KAW1101",0.0000,0.0998,0.0227,0.0000,0.0000
"311012023051230886","01-JUN-2023 00:30","01-JUN-2023 00:29:10","KAW1101 KAG0",0.0000,0.0000,0.0227,0.0000,0.0000
"311012023051230886","01-JUN-2023 00:30","01-JUN-2023 00:29:10","KAW2201",0.0000,0.0000,0.0228,0.0000,0.0000
"311012023051230886","01-JUN-2023 00:30","01-JUN-2023 00:29:10","KBT0661",0.0000,0.0000,0.0214,0.0000,0.0000
"311012023051230886","01-JUN-2023 00:30","01-JUN-2023 00:29:10","KBT0662",0.0000,0.0000,0.0214,0.0000,0.0000
"311012023051230886","01-JUN-2023 00:30","01-JUN-2023 00:29:10","KBY0661",0.0000,2.9530,0.0214,0.0000,0.0000
"311012023051230886","01-JUN-2023 00:30","01-JUN-2023 00:29:10","KBY0662",0.0000,2.8546,0.0214,0.0000,0.0000
"311012023051230886","01-JUN-2023 00:30","01-JUN-2023 00:29:10","KIK0111",0.0000,0.9843,0.0227,0.0000,0.0000
"311012023051230886","01-JUN-2023 00:30","01-JUN-2023 00:29:10","KIK1101",0.0000,0.0000,0.0227,0.0000,0.0000
"311012023051230886","01-JUN-2023 00:30","01-JUN-2023 00:29:10","KIK2201",0.0000,0.0000,0.0227,0.0000,0.0000
"311012023051230886","01-JUN-2023 00:30","01-JUN-2023 00:29:10","KIN0111",0.0000,20.8000,0.0219,0.0000,0.0000
"311012023051230886","01-JUN-2023 00:30","01-JUN-2023 00:29:10","KIN0112",0.0000,13.4000,0.0217,0.0000,0.0000
"311012023051230886","01-JUN-2023 00:30","01-JUN-2023 00:29:10","KIN0112 KIN0",33.5000,0.0000,0.0217,0.0000,0.0000
"311012023051230886","01-JUN-2023 00:30","01-JUN-2023 00:29:10","KIN0113",0.0000,31.4000,0.0219,0.0000,0.0000
"311012023051230886","01-JUN-2023 00:30","01-JUN-2023 00:29:10","KIN0331",0.0000,7.6840,0.0218,0.0000,0.0000
"311012023051230886","01-JUN-2023 00:30","01-JUN-2023 00:29:10","KIN1005",0.0000,0.0000,0.0217,0.0000,0.0000
"311012023051230886","01-JUN-2023 00:30","01-JUN-2023 00:29:10","KIN1009",0.0000,0.0000,0.0218,0.0000,0.0000
"311012023051230886","01-JUN-2023 00:30","01-JUN-2023 00:29:10","KIN1101",0.0000,0.0000,0.0218,0.0000,0.0000
"311012023051230886","01-JUN-2023 00:30","01-JUN-2023 00:29:10","KIN1102",0.0000,0.0000,0.0218,0.0000,0.0000
"311012023051230886","01-JUN-2023 00:30","01-JUN-2023 00:29:10","KMO0331",0.0000,14.8691,0.0233,0.0000,0.0000
"311012023051230886","01-JUN-2023 00:30","01-JUN-2023 00:29:10","KMO1101",0.0000,0.0000,0.0233,0.0000,0.0000
"311012023051230886","01-JUN-2023 00:30","01-JUN-2023 00:29:10","KMO1102",0.0000,0.0000,0.0233,0.0000,0.0000
"311012023051230886","01-JUN-2023 00:30","01-JUN-2023 00:29:10","KMO1103",0.0000,0.0000,0.0233,0.0000,0.0000
"311012023051230886","01-JUN-2023 00:30","01-JUN-2023 00:29:10","KMO2201",0.0000,0.0000,0.0231,0.0000,0.0000
"311012023051230886","01-JUN-2023 00:30","01-JUN-2023 00:29:10","KOE1101",0.0000,12.1747,0.0251,0.0000,0.0000
"311012023051230886","01-JUN-2023 00:30","01-JUN-2023 00:29:10","KOE1101 NGB0",0.0000,0.0000,0.0251,0.0000,0.0000
"311012023051230886","01-JUN-2023 00:30","01-JUN-2023 00:29:10","KPA1101",0.0000,0.0000,0.0220,0.0000,0.0000
"311012023051230886","01-JUN-2023 00:30","01-JUN-2023 00:29:10","KPA1101 KPI1",0.0000,0.0000,0.0220,0.0000,0.0000
"311012023051230886","01-JUN-2023 00:30","01-JUN-2023 00:29:10","KPO1101",0.0000,0.0000,0.0236,0.0000,0.0000
"311012023051230886","01-JUN-2023 00:30","01-JUN-2023 00:29:10","KPO1101 KPO0",40.0000,0.0000,0.0236,0.0000,0.0000
"311012023051230886","01-JUN-2023 00:30","01-JUN-2023 00:29:10","KPU0661",0.0000,18.0625,0.0246,0.0000,0.0000
"311012023051230886","01-JUN-2023 00:30","01-JUN-2023 00:29:10","KPU1101",0.0000,0.0000,0.0245,0.0000,0.0000
"311012023051230886","01-JUN-2023 00:30","01-JUN-2023 00:29:10","KPU1102",0.0000,0.0000,0.0245,0.0000,0.0000
"311012023051230886","01-JUN-2023 00:30","01-JUN-2023 00:29:10","KUM0661",0.0000,0.7087,0.0236,0.0000,0.0000
"311012023051230886","01-JUN-2023 00:30","01-JUN-2023 00:29:10","KUM0661 KUM0",0.0000,0.0000,0.0236,0.0000,0.0000
"311012023051230886","01-JUN-2023 00:30","01-JUN-2023 00:29:10","KWA0111",0.0000,10.9772,0.0212,0.0000,0.0000
"311012023051230886","01-JUN-2023 00:30","01-JUN-2023 00:29:10","KWA1101",0.0000,0.0000,0.0212,0.0000,0.0000
"311012023051230886","01-JUN-2023 00:30","01-JUN-2023 00:29:10","KWA1102",0.0000,0.0000,0.0212,0.0000,0.0000
"311012023051230886","01-JUN-2023 00:30","01-JUN-2023 00:29:10","LFD1101",0.0000,0.0000,0.0222,0.0000,0.0000
"311012023051230886","01-JUN-2023 00:30","01-JUN-2023 00:29:10","LFD1102",0.0000,1.8961,0.0222,0.0000,0.0000
"311012023051230886","01-JUN-2023 00:30","01-JUN-2023 00:29:10","LIV2201",0.0000,0.0000,0.0205,0.0000,0.0000
"311012023051230886","01-JUN-2023 00:30","01-JUN-2023 00:29:10","LTN0331",0.0000,31.8638,0.0213,0.0000,0.0000
"311012023051230886","01-JUN-2023 00:30","01-JUN-2023 00:29:10","LTN0331 TWF0",26.0300,0.0000,0.0213,0.0000,0.0000
"311012023051230886","01-JUN-2023 00:30","01-JUN-2023 00:29:10","LTN2201",0.0000,0.0000,0.0213,0.0000,0.0000
"311012023051230886","01-JUN-2023 00:30","01-JUN-2023 00:29:10","LTN2201 TUR0",53.4000,0.0000,0.0213,0.0000,0.0000
"311012023051230886","01-JUN-2023 00:30","01-JUN-2023 00:29:10","LTN2202",0.0000,0.0000,0.0213,0.0000,0.0000
"311012023051230886","01-JUN-2023 00:30","01-JUN-2023 00:29:10","MAN2201",0.0000,0.6901,0.0069,0.0000,0.0000
"311012023051230886","01-JUN-2023 00:30","01-JUN-2023 00:29:10","MAN2201 MAN0",738.0000,0.0000,0.0069,0.0000,0.0000
"311012023051230886","01-JUN-2023 00:30","01-JUN-2023 00:29:10","MAT1101",0.0000,3.4019,0.0224,0.0000,0.0000
"311012023051230886","01-JUN-2023 00:30","01-JUN-2023 00:29:10","MAT1101 ANI0",24.0000,0.0000,0.0224,0.0000,0.0000
"311012023051230886","01-JUN-2023 00:30","01-JUN-2023 00:29:10","MAT1101 MAT0",75.2333,0.0000,0.0224,0.0000,0.0000
"311012023051230886","01-JUN-2023 00:30","01-JUN-2023 00:29:10","MCH0111",0.0000,0.0000,0.0228,0.0000,0.0000
"311012023051230886","01-JUN-2023 00:30","01-JUN-2023 00:29:10","MCH1101",0.0000,0.0000,0.0228,0.0000,0.0000
"311012023051230886","01-JUN-2023 00:30","01-JUN-2023 00:29:10","MDN1101",0.0000,0.0000,0.0246,0.0000,0.0000
"311012023051230886","01-JUN-2023 00:30","01-JUN-2023 00:29:10","MDN2201",0.0000,0.0000,0.0245,0.0000,0.0000
"311012023051230886","01-JUN-2023 00:30","01-JUN-2023 00:29:10","MGM0331",0.0000,5.9876,0.0211,0.0000,0.0000
"311012023051230886","01-JUN-2023 00:30","01-JUN-2023 00:29:10","MGM1101",0.0000,0.0000,0.0211,0.0000,0.0000
"311012023051230886","01-JUN-2023 00:30","01-JUN-2023 00:29:10","MHO0331",0.0000,16.4658,0.0215,0.0000,0.0000
"311012023051230886","01-JUN-2023 00:30","01-JUN-2023 00:29:10","MHO0331 MHO0",0.0000,0.0000,0.0215,0.0000,0.0000
"311012023051230886","01-JUN-2023 00:30","01-JUN-2023 00:29:10","MHO1101",0.0000,0.0000,0.0214,0.0000,0.0000
"311012023051230886","01-JUN-2023 00:30","01-JUN-2023 00:29:10","MHO1102",0.0000,0.0000,0.0214,0.0000,0.0000
"311012023051230886","01-JUN-2023 00:30","01-JUN-2023 00:29:10","MHT1102",0.0000,0.0000,0.0211,0.0000,0.0000
"311012023051230886","01-JUN-2023 00:30","01-JUN-2023 00:29:10","MHT1103",0.0000,0.0000,0.0212,0.0000,0.0000
"311012023051230886","01-JUN-2023 00:30","01-JUN-2023 00:29:10","MKE1101",0.0000,0.0000,0.0220,0.0000,0.0000
"311012023051230886","01-JUN-2023 00:30","01-JUN-2023 00:29:10","MKE1101 MKE1",0.0000,0.0000,0.0220,0.0000,0.0000
"311012023051230886","01-JUN-2023 00:30","01-JUN-2023 00:29:10","MKT1101",0.0000,0.0000,0.0220,0.0000,0.0000
"311012023051230886","01-JUN-2023 00:30","01-JUN-2023 00:29:10","MLG0111",0.0000,9.1809,0.0212,0.0000,0.0000
"311012023051230886","01-JUN-2023 00:30","01-JUN-2023 00:29:10","MLG0331",0.0000,13.6716,0.0212,0.0000,0.0000
"311012023051230886","01-JUN-2023 00:30","01-JUN-2023 00:29:10","MLG1101",0.0000,0.0000,0.0212,0.0000,0.0000
"311012023051230886","01-JUN-2023 00:30","01-JUN-2023 00:29:10","MLG1102",0.0000,0.0000,0.0212,0.0000,0.0000
"311012023051230886","01-JUN-2023 00:30","01-JUN-2023 00:29:10","MNG0331",0.0000,59.3059,0.0243,0.0000,0.0000
"311012023051230886","01-JUN-2023 00:30","01-JUN-2023 00:29:10","MNG1101",0.0000,6.6000,0.0243,0.0000,0.0000
"311012023051230886","01-JUN-2023 00:30","01-JUN-2023 00:29:10","MNI0111",0.0000,12.2745,0.0221,0.0000,0.0000
"311012023051230886","01-JUN-2023 00:30","01-JUN-2023 00:29:10","MNI1101",0.0000,0.0000,0.0220,0.0000,0.0000
"311012023051230886","01-JUN-2023 00:30","01-JUN-2023 00:29:10","MPE1101",0.0000,55.1854,0.0249,0.0000,0.0000
"311012023051230886","01-JUN-2023 00:30","01-JUN-2023 00:29:10","MST0331",0.0000,21.9544,0.0213,0.0000,0.0000
"311012023051230886","01-JUN-2023 00:30","01-JUN-2023 00:29:10","MST1101",0.0000,0.0000,0.0213,0.0000,0.0000
"311012023051230886","01-JUN-2023 00:30","01-JUN-2023 00:29:10","MTI2201",0.0000,0.0000,0.0229,0.0000,0.0000
"311012023051230886","01-JUN-2023 00:30","01-JUN-2023 00:29:10","MTI2201 MTI0",48.0000,0.0000,0.0229,0.0000,0.0000
"311012023051230886","01-JUN-2023 00:30","01-JUN-2023 00:29:10","MTM0331",0.0000,32.3329,0.0234,0.0000,0.0000
"311012023051230886","01-JUN-2023 00:30","01-JUN-2023 00:29:10","MTM1101",0.0000,0.0000,0.0234,0.0000,0.0000
"311012023051230886","01-JUN-2023 00:30","01-JUN-2023 00:29:10","MTN0331",0.0000,8.2529,0.0214,0.0000,0.0000
"311012023051230886","01-JUN-2023 00:30","01-JUN-2023 00:29:10","MTN1101",0.0000,0.0000,0.0213,0.0000,0.0000
"311012023051230886","01-JUN-2023 00:30","01-JUN-2023 00:29:10","MTN1102",0.0000,0.0000,0.0213,0.0000,0.0000
"311012023051230886","01-JUN-2023 00:30","01-JUN-2023 00:29:10","MTO0331",0.0000,9.7797,0.0256,0.0000,0.0000
"311012023051230886","01-JUN-2023 00:30","01-JUN-2023 00:29:10","MTO1101",0.0000,0.0000,0.0255,0.0000,0.0000
"311012023051230886","01-JUN-2023 00:30","01-JUN-2023 00:29:10","MTO1102",0.0000,0.0000,0.0255,0.0000,0.0000
"311012023051230886","01-JUN-2023 00:30","01-JUN-2023 00:29:10","MTR0331",0.0000,3.1934,0.0220,0.0000,0.0000
"311012023051230886","01-JUN-2023 00:30","01-JUN-2023 00:29:10","MTR1101",0.0000,0.0000,0.0220,0.0000,0.0000
"311012023051230886","01-JUN-2023 00:30","01-JUN-2023 00:29:10","MVE1101",0.0000,0.0000,0.0242,0.0000,0.0000
"311012023051230886","01-JUN-2023 00:30","01-JUN-2023 00:29:10","MVE1102",0.0000,0.0000,0.0241,0.0000,0.0000
"311012023051230886","01-JUN-2023 00:30","01-JUN-2023 00:29:10","NAP2201",0.0000,0.0000,0.0226,0.0000,0.0000
"311012023051230886","01-JUN-2023 00:30","01-JUN-2023 00:29:10","NAP2201 NAP0",145.0000,0.0000,0.0226,0.0000,0.0000
"311012023051230886","01-JUN-2023 00:30","01-JUN-2023 00:29:10","NAP2202",0.0000,0.1018,0.0226,0.0000,0.0000
"311012023051230886","01-JUN-2023 00:30","01-JUN-2023 00:29:10","NAP2202 NTM0",86.0000,0.0000,0.0226,0.0000,0.0000
"311012023051230886","01-JUN-2023 00:30","01-JUN-2023 00:29:10","NGA1101",0.0000,0.0000,0.0251,0.0000,0.0000
"311012023051230886","01-JUN-2023 00:30","01-JUN-2023 00:29:10","NMA0331",0.0000,17.9445,0.0000,0.0000,0.0000
"311012023051230886","01-JUN-2023 00:30","01-JUN-2023 00:29:10","NMA0331 WHL0",0.0000,0.0000,0.0000,0.0000,0.0000
"311012023051230886","01-JUN-2023 00:30","01-JUN-2023 00:29:10","NMA2201",0.0000,0.0000,0.0000,0.0000,0.0000
"311012023051230886","01-JUN-2023 00:30","01-JUN-2023 00:29:10","NPK0331",0.0000,1.2973,0.0228,0.0000,0.0000
"311012023051230886","01-JUN-2023 00:30","01-JUN-2023 00:29:10","NPK1101",0.0000,0.0000,0.0228,0.0000,0.0000
"311012023051230886","01-JUN-2023 00:30","01-JUN-2023 00:29:10","NSY0331",0.0000,23.8407,0.0205,0.0000,0.0000
"311012023051230886","01-JUN-2023 00:30","01-JUN-2023 00:29:10","NSY0331 PAE0",4.0000,0.0000,0.0205,0.0000,0.0000
"311012023051230886","01-JUN-2023 00:30","01-JUN-2023 00:29:10","NSY2201",0.0000,0.0000,0.0204,0.0000,0.0000
"311012023051230886","01-JUN-2023 00:30","01-JUN-2023 00:29:10","OAM0331",0.0000,18.2103,0.0209,0.0000,0.0000
"311012023051230886","01-JUN-2023 00:30","01-JUN-2023 00:29:10","OAM1101",0.0000,0.0000,0.0210,0.0000,0.0000
"311012023051230886","01-JUN-2023 00:30","01-JUN-2023 00:29:10","OAM1102",0.0000,0.0000,0.0207,0.0000,0.0000
"311012023051230886","01-JUN-2023 00:30","01-JUN-2023 00:29:10","OHA2201",0.0000,0.0000,0.0204,0.0000,0.0000
"311012023051230886","01-JUN-2023 00:30","01-JUN-2023 00:29:10","OHA2201 OHA0",130.2000,0.0000,0.0204,0.0000,0.0000
"311012023051230886","01-JUN-2023 00:30","01-JUN-2023 00:29:10","OHB2201",0.0000,0.0000,0.0204,0.0000,0.0000
"311012023051230886","01-JUN-2023 00:30","01-JUN-2023 00:29:10","OHB2201 OHB0",112.6930,0.0000,0.0204,0.0000,0.0000
"311012023051230886","01-JUN-2023 00:30","01-JUN-2023 00:29:10","OHC2201",0.0000,0.0000,0.0204,0.0000,0.0000
"311012023051230886","01-JUN-2023 00:30","01-JUN-2023 00:29:10","OHC2201 OHC0",112.6930,0.0000,0.0204,0.0000,0.0000
"311012023051230886","01-JUN-2023 00:30","01-JUN-2023 00:29:10","OHK2201",0.0000,0.0000,0.0229,0.0000,0.0000
"311012023051230886","01-JUN-2023 00:30","01-JUN-2023 00:29:10","OHK2201 OHK0",0.0000,0.0000,0.0229,0.0000,0.0000
"311012023051230886","01-JUN-2023 00:30","01-JUN-2023 00:29:10","OHW2201",0.0000,0.0000,0.0239,0.0000,0.0000
"311012023051230886","01-JUN-2023 00:30","01-JUN-2023 00:29:10","OHW2202",0.0000,0.0000,0.0239,0.0000,0.0000
"311012023051230886","01-JUN-2023 00:30","01-JUN-2023 00:29:10","OKE1101",0.0000,0.0000,0.0231,0.0000,0.0000
"311012023051230886","01-JUN-2023 00:30","01-JUN-2023 00:29:10","OKI2201",0.0000,0.2824,0.0227,0.0000,0.0000
"311012023051230886","01-JUN-2023 00:30","01-JUN-2023 00:29:10","OKI2201 OKI0",36.0000,0.0000,0.0227,0.0000,0.0000
"311012023051230886","01-JUN-2023 00:30","01-JUN-2023 00:29:10","OKN0111",0.0000,2.5946,0.0226,0.0000,0.0000
"311012023051230886","01-JUN-2023 00:30","01-JUN-2023 00:29:10","OKN1101",0.0000,0.0000,0.0226,0.0000,0.0000
"311012023051230886","01-JUN-2023 00:30","01-JUN-2023 00:29:10","ONG0331",0.0000,0.0000,0.0231,0.0000,0.0000
"311012023051230886","01-JUN-2023 00:30","01-JUN-2023 00:29:10","ONG1101",0.0000,0.0000,0.0231,0.0000,0.0000
"311012023051230886","01-JUN-2023 00:30","01-JUN-2023 00:29:10","OPI2201",0.0000,0.0000,0.0208,0.0000,0.0000
"311012023051230886","01-JUN-2023 00:30","01-JUN-2023 00:29:10","OPI2202",0.0000,0.0000,0.0208,0.0000,0.0000
"311012023051230886","01-JUN-2023 00:30","01-JUN-2023 00:29:10","OPK0331",0.0000,3.1814,0.0220,0.0000,0.0000
"311012023051230886","01-JUN-2023 00:30","01-JUN-2023 00:29:10","OPK1101",0.0000,0.0000,0.0220,0.0000,0.0000
"311012023051230886","01-JUN-2023 00:30","01-JUN-2023 00:29:10","OPK1102",0.0000,0.0000,0.0220,0.0000,0.0000
"311012023051230886","01-JUN-2023 00:30","01-JUN-2023 00:29:10","ORO1101",0.0000,0.6890,0.0230,0.0000,0.0000
"311012023051230886","01-JUN-2023 00:30","01-JUN-2023 00:29:10","ORO1102",0.0000,0.6890,0.0230,0.0000,0.0000
"311012023051230886","01-JUN-2023 00:30","01-JUN-2023 00:29:10","OTA0221",0.0000,28.7403,0.0242,0.0000,0.0000
"311012023051230886","01-JUN-2023 00:30","01-JUN-2023 00:29:10","OTA1103",0.0000,0.0000,0.0242,0.0000,0.0000
"311012023051230886","01-JUN-2023 00:30","01-JUN-2023 00:29:10","OTA1104",0.0000,0.0000,0.0242,0.0000,0.0000
"311012023051230886","01-JUN-2023 00:30","01-JUN-2023 00:29:10","OTA1105",0.0000,0.0000,0.0242,0.0000,0.0000
"311012023051230886","01-JUN-2023 00:30","01-JUN-2023 00:29:10","OTA1106",0.0000,0.0000,0.0242,0.0000,0.0000
"311012023051230886","01-JUN-2023 00:30","01-JUN-2023 00:29:10","OTA1107",0.0000,0.0000,0.0242,0.0000,0.0000
"311012023051230886","01-JUN-2023 00:30","01-JUN-2023 00:29:10","OTA1108",0.0000,0.0000,0.0242,0.0000,0.0000
"311012023051230886","01-JUN-2023 00:30","01-JUN-2023 00:29:10","OTA1109",0.0000,0.0000,0.0242,0.0000,0.0000
"311012023051230886","01-JUN-2023 00:30","01-JUN-2023 00:29:10","OTA110A",0.0000,0.0000,0.0242,0.0000,0.0000
"311012023051230886","01-JUN-2023 00:30","01-JUN-2023 00:29:10","OTA2201",0.0000,0.0000,0.0242,0.0000,0.0000
"311012023051230886","01-JUN-2023 00:30","01-JUN-2023 00:29:10","OTA2202",0.0000,0.0000,0.0000,0.0000,0.0000
"311012023051230886","01-JUN-2023 00:30","01-JUN-2023 00:29:10","OTA2203",0.0000,0.0000,0.0242,0.0000,0.0000
"311012023051230886","01-JUN-2023 00:30","01-JUN-2023 00:29:10","OTI0111",0.0000,0.5906,0.0240,0.0000,0.0000
"311012023051230886","01-JUN-2023 00:30","01-JUN-2023 00:29:10","OTI0661",0.0000,0.0000,0.0240,0.0000,0.0000
"311012023051230886","01-JUN-2023 00:30","01-JUN-2023 00:29:10","OWH0111",0.0000,5.2890,0.0232,0.0000,0.0000
"311012023051230886","01-JUN-2023 00:30","01-JUN-2023 00:29:10","OWH1101",0.0000,0.0000,0.0232,0.0000,0.0000
"311012023051230886","01-JUN-2023 00:30","01-JUN-2023 00:29:10","PAK0331",0.0000,62.3705,0.0242,0.0000,0.0000
"311012023051230886","01-JUN-2023 00:30","01-JUN-2023 00:29:10","PAK2201",0.0000,0.0000,0.0242,0.0000,0.0000
"311012023051230886","01-JUN-2023 00:30","01-JUN-2023 00:29:10","PAO1101",0.0000,17.9627,0.0242,0.0000,0.0000
"311012023051230886","01-JUN-2023 00:30","01-JUN-2023 00:29:10","PEN0221",0.0000,18.2621,0.0244,0.0000,0.0000
"311012023051230886","01-JUN-2023 00:30","01-JUN-2023 00:29:10","PEN0222",0.0000,0.0000,0.0244,0.0000,0.0000
"311012023051230886","01-JUN-2023 00:30","01-JUN-2023 00:29:10","PEN0251",0.0000,0.0000,0.0242,0.0000,0.0000
"311012023051230886","01-JUN-2023 00:30","01-JUN-2023 00:29:10","PEN0331",0.0000,120.4499,0.0243,0.0000,0.0000
"311012023051230886","01-JUN-2023 00:30","01-JUN-2023 00:29:10","PEN1101",0.0000,61.2728,0.0243,0.0000,0.0000
"311012023051230886","01-JUN-2023 00:30","01-JUN-2023 00:29:10","PEN2201",0.0000,0.0000,0.0242,0.0000,0.0000
"311012023051230886","01-JUN-2023 00:30","01-JUN-2023 00:29:10","PIE1101",0.0000,0.0000,0.0233,0.0000,0.0000
"311012023051230886","01-JUN-2023 00:30","01-JUN-2023 00:29:10","PNI0331",0.0000,6.1872,0.0213,0.0000,0.0000
"311012023051230886","01-JUN-2023 00:30","01-JUN-2023 00:29:10","PNI1101",0.0000,0.0000,0.0212,0.0000,0.0000
"311012023051230886","01-JUN-2023 00:30","01-JUN-2023 00:29:10","PNI1102",0.0000,0.0000,0.0212,0.0000,0.0000
"311012023051230886","01-JUN-2023 00:30","01-JUN-2023 00:29:10","PPI2201",0.0000,0.0000,0.0227,0.0000,0.0000
"311012023051230886","01-JUN-2023 00:30","01-JUN-2023 00:29:10","PPI2201 PPI0",38.0000,0.0000,0.0227,0.0000,0.0000
"311012023051230886","01-JUN-2023 00:30","01-JUN-2023 00:29:10","PRM0331",0.0000,21.9544,0.0212,0.0000,0.0000
"311012023051230886","01-JUN-2023 00:30","01-JUN-2023 00:29:10","PRM2201",0.0000,0.0000,0.0212,0.0000,0.0000
"311012023051230886","01-JUN-2023 00:30","01-JUN-2023 00:29:10","PRM2202",0.0000,0.0000,0.0212,0.0000,0.0000
"311012023051230886","01-JUN-2023 00:30","01-JUN-2023 00:29:10","PRT2201",0.0000,0.0000,0.0212,0.0000,0.0000
"311012023051230886","01-JUN-2023 00:30","01-JUN-2023 00:29:10","PRT2202",0.0000,0.0000,0.0212,0.0000,0.0000
"311012023051230886","01-JUN-2023 00:30","01-JUN-2023 00:29:10","RDF0331",0.0000,27.8422,0.0230,0.0000,0.0000
"311012023051230886","01-JUN-2023 00:30","01-JUN-2023 00:29:10","RDF1101",0.0000,0.0000,0.0229,0.0000,0.0000
"311012023051230886","01-JUN-2023 00:30","01-JUN-2023 00:29:10","RDF1102",0.0000,0.0000,0.0208,0.0000,0.0000
"311012023051230886","01-JUN-2023 00:30","01-JUN-2023 00:29:10","RDF2201",0.0000,0.0000,0.0228,0.0000,0.0000
"311012023051230886","01-JUN-2023 00:30","01-JUN-2023 00:29:10","RFC1101",0.0000,0.0000,0.0230,0.0000,0.0000
"311012023051230886","01-JUN-2023 00:30","01-JUN-2023 00:29:10","RFN1101",0.0000,0.7875,0.0230,0.0000,0.0000
"311012023051230886","01-JUN-2023 00:30","01-JUN-2023 00:29:10","RFN1102",0.0000,0.9843,0.0230,0.0000,0.0000
"311012023051230886","01-JUN-2023 00:30","01-JUN-2023 00:29:10","ROS0221",0.0000,42.0128,0.0246,0.0000,0.0000
"311012023051230886","01-JUN-2023 00:30","01-JUN-2023 00:29:10","ROS1101",0.0000,20.8567,0.0245,0.0000,0.0000
"311012023051230886","01-JUN-2023 00:30","01-JUN-2023 00:29:10","ROT0111",0.0000,10.4782,0.0232,0.0000,0.0000
"311012023051230886","01-JUN-2023 00:30","01-JUN-2023 00:29:10","ROT0331",0.0000,20.6571,0.0232,0.0000,0.0000
"311012023051230886","01-JUN-2023 00:30","01-JUN-2023 00:29:10","ROT1101",0.0000,0.0000,0.0231,0.0000,0.0000
"311012023051230886","01-JUN-2023 00:30","01-JUN-2023 00:29:10","ROT1101 WHE0",6.5000,0.0000,0.0231,0.0000,0.0000
"311012023051230886","01-JUN-2023 00:30","01-JUN-2023 00:29:10","ROT1102",0.0000,0.0000,0.0232,0.0000,0.0000
"311012023051230886","01-JUN-2023 00:30","01-JUN-2023 00:29:10","ROX1101",0.0000,0.0000,0.0185,0.0000,0.0000
"311012023051230886","01-JUN-2023 00:30","01-JUN-2023 00:29:10","ROX1101 ROX0",40.0000,0.0000,0.0185,0.0000,0.0000
"311012023051230886","01-JUN-2023 00:30","01-JUN-2023 00:29:10","ROX2201",0.0000,0.0000,0.0203,0.0000,0.0000
"311012023051230886","01-JUN-2023 00:30","01-JUN-2023 00:29:10","ROX2201 ROX0",98.0000,0.0000,0.0203,0.0000,0.0000
"311012023051230886","01-JUN-2023 00:30","01-JUN-2023 00:29:10","RPO2201",0.0000,0.0000,0.0220,0.0000,0.0000
"311012023051230886","01-JUN-2023 00:30","01-JUN-2023 00:29:10","RPO2201 RPO0",100.0000,0.0000,0.0220,0.0000,0.0000
"311012023051230886","01-JUN-2023 00:30","01-JUN-2023 00:29:10","RTO1101",0.0000,0.0000,0.0234,0.0000,0.0000
"311012023051230886","01-JUN-2023 00:30","01-JUN-2023 00:29:10","RTR1101",0.0000,0.0000,0.0228,0.0000,0.0000
"311012023051230886","01-JUN-2023 00:30","01-JUN-2023 00:29:10","SBK0661",0.0000,20.8680,0.0224,0.0000,0.0000
"311012023051230886","01-JUN-2023 00:30","01-JUN-2023 00:29:10","SDN0331",0.0000,29.3333,0.0152,0.0000,0.0000
"311012023051230886","01-JUN-2023 00:30","01-JUN-2023 00:29:10","SDN2201",0.0000,0.0000,0.0152,0.0000,0.0000
"311012023051230886","01-JUN-2023 00:30","01-JUN-2023 00:29:10","SFD0331",0.0000,12.5739,0.0219,0.0000,0.0000
"311012023051230886","01-JUN-2023 00:30","01-JUN-2023 00:29:10","SFD1101",0.0000,0.0000,0.0219,0.0000,0.0000
"311012023051230886","01-JUN-2023 00:30","01-JUN-2023 00:29:10","SFD2201",0.0000,0.0000,0.0219,0.0000,0.0000
"311012023051230886","01-JUN-2023 00:30","01-JUN-2023 00:29:10","SFD2201 SFD21",0.0000,0.0000,0.0219,0.0000,0.0000
"311012023051230886","01-JUN-2023 00:30","01-JUN-2023 00:29:10","SFD2201 SFD22",0.0000,0.0000,0.0219,0.0000,0.0000
"311012023051230886","01-JUN-2023 00:30","01-JUN-2023 00:29:10","SFD2201 SPL0",0.0000,0.0000,0.0219,0.0000,0.0000
"311012023051230886","01-JUN-2023 00:30","01-JUN-2023 00:29:10","STK0331",0.0000,59.2573,0.0230,0.0000,0.0000
"311012023051230886","01-JUN-2023 00:30","01-JUN-2023 00:29:10","STK0661",0.0000,13.7315,0.0230,0.0000,0.0000
"311012023051230886","01-JUN-2023 00:30","01-JUN-2023 00:29:10","STK0661 COB0",1.0000,0.0000,0.0230,0.0000,0.0000
"311012023051230886","01-JUN-2023 00:30","01-JUN-2023 00:29:10","STK1101",0.0000,0.0000,0.0230,0.0000,0.0000
"311012023051230886","01-JUN-2023 00:30","01-JUN-2023 00:29:10","STK2201",0.0000,0.0000,0.0230,0.0000,0.0000
"311012023051230886","01-JUN-2023 00:30","01-JUN-2023 00:29:10","STU0111",0.0000,4.2327,0.0211,0.0000,0.0000
"311012023051230886","01-JUN-2023 00:30","01-JUN-2023 00:29:10","STU1101",0.0000,0.0000,0.0210,0.0000,0.0000
"311012023051230886","01-JUN-2023 00:30","01-JUN-2023 00:29:10","SVL0331",0.0000,34.2289,0.0244,0.0000,0.0000
"311012023051230886","01-JUN-2023 00:30","01-JUN-2023 00:29:10","SVL2201",0.0000,0.0000,0.0244,0.0000,0.0000
"311012023051230886","01-JUN-2023 00:30","01-JUN-2023 00:29:10","SVL2202",0.0000,0.0000,0.0244,0.0000,0.0000
"311012023051230886","01-JUN-2023 00:30","01-JUN-2023 00:29:10","SWN0251",0.0000,0.0000,0.0242,0.0000,0.0000
"311012023051230886","01-JUN-2023 00:30","01-JUN-2023 00:29:10","SWN2201",0.0000,0.1108,0.0242,0.0000,0.0000
"311012023051230886","01-JUN-2023 00:30","01-JUN-2023 00:29:10","TAK0331",0.0000,52.0918,0.0242,0.0000,0.0000
"311012023051230886","01-JUN-2023 00:30","01-JUN-2023 00:29:10","TAK2201",0.0000,0.0000,0.0242,0.0000,0.0000
"311012023051230886","01-JUN-2023 00:30","01-JUN-2023 00:29:10","TAK2202",0.0000,0.0000,0.0242,0.0000,0.0000
"311012023051230886","01-JUN-2023 00:30","01-JUN-2023 00:29:10","TGA0111",0.0000,10.2787,0.0233,0.0000,0.0000
"311012023051230886","01-JUN-2023 00:30","01-JUN-2023 00:29:10","TGA0331",0.0000,40.9150,0.0233,0.0000,0.0000
"311012023051230886","01-JUN-2023 00:30","01-JUN-2023 00:29:10","TGA0331 KMI0",9.0000,0.0000,0.0233,0.0000,0.0000
"311012023051230886","01-JUN-2023 00:30","01-JUN-2023 00:29:10","TGA1101",0.0000,0.0000,0.0233,0.0000,0.0000
"311012023051230886","01-JUN-2023 00:30","01-JUN-2023 00:29:10","THI2201",0.0000,0.0000,0.0227,0.0000,0.0000
"311012023051230886","01-JUN-2023 00:30","01-JUN-2023 00:29:10","THI2201 THI1",80.0000,0.0000,0.0227,0.0000,0.0000
"311012023051230886","01-JUN-2023 00:30","01-JUN-2023 00:29:10","THI2201 THI2",82.0000,0.0000,0.0227,0.0000,0.0000
"311012023051230886","01-JUN-2023 00:30","01-JUN-2023 00:29:10","TIM0111",0.0000,41.4407,0.0209,0.0000,0.0000
"311012023051230886","01-JUN-2023 00:30","01-JUN-2023 00:29:10","TIM1101",0.0000,0.0000,0.0208,0.0000,0.0000
"311012023051230886","01-JUN-2023 00:30","01-JUN-2023 00:29:10","TIM2201",0.0000,0.0000,0.0208,0.0000,0.0000
"311012023051230886","01-JUN-2023 00:30","01-JUN-2023 00:29:10","TIM2202",0.0000,0.0000,0.0208,0.0000,0.0000
"311012023051230886","01-JUN-2023 00:30","01-JUN-2023 00:29:10","TKA0111",0.0000,0.0000,0.0198,0.0000,0.0000
"311012023051230886","01-JUN-2023 00:30","01-JUN-2023 00:29:10","TKA0111 TKA1",22.0000,0.0000,0.0198,0.0000,0.0000
"311012023051230886","01-JUN-2023 00:30","01-JUN-2023 00:29:10","TKA0331",0.0000,2.2640,0.0199,0.0000,0.0000
"311012023051230886","01-JUN-2023 00:30","01-JUN-2023 00:29:10","TKA1101",0.0000,0.0000,0.0199,0.0000,0.0000
"311012023051230886","01-JUN-2023 00:30","01-JUN-2023 00:29:10","TKB2201",0.0000,0.0000,0.0204,0.0000,0.0000
"311012023051230886","01-JUN-2023 00:30","01-JUN-2023 00:29:10","TKB2201 TKB1",125.0000,0.0000,0.0204,0.0000,0.0000
"311012023051230886","01-JUN-2023 00:30","01-JUN-2023 00:29:10","TKR0331",0.0000,37.7217,0.0213,0.0000,0.0000
"311012023051230886","01-JUN-2023 00:30","01-JUN-2023 00:29:10","TKR1101",0.0000,0.0000,0.0212,0.0000,0.0000
"311012023051230886","01-JUN-2023 00:30","01-JUN-2023 00:29:10","TKU0331",0.0000,3.5127,0.0222,0.0000,0.0000
"311012023051230886","01-JUN-2023 00:30","01-JUN-2023 00:29:10","TKU2201",0.0000,0.0000,0.0222,0.0000,0.0000
"311012023051230886","01-JUN-2023 00:30","01-JUN-2023 00:29:10","TKU2201 TKU0",173.0000,0.0000,0.0222,0.0000,0.0000
"311012023051230886","01-JUN-2023 00:30","01-JUN-2023 00:29:10","TMH2201",0.0000,0.0000,0.0152,0.0000,0.0000
"311012023051230886","01-JUN-2023 00:30","01-JUN-2023 00:29:10","TMI0331",0.0000,26.8443,0.0235,0.0000,0.0000
"311012023051230886","01-JUN-2023 00:30","01-JUN-2023 00:29:10","TMI1101",0.0000,0.0000,0.0234,0.0000,0.0000
"311012023051230886","01-JUN-2023 00:30","01-JUN-2023 00:29:10","TMK0331",0.0000,21.1633,0.0212,0.0000,0.0000
"311012023051230886","01-JUN-2023 00:30","01-JUN-2023 00:29:10","TMK1101",0.0000,0.0000,0.0000,0.0000,0.0000
"311012023051230886","01-JUN-2023 00:30","01-JUN-2023 00:29:10","TMK1102",0.0000,0.0000,0.0211,0.0000,0.0000
"311012023051230886","01-JUN-2023 00:30","01-JUN-2023 00:29:10","TMN0551",0.0000,0.0000,0.0227,0.0000,0.0000
"311012023051230886","01-JUN-2023 00:30","01-JUN-2023 00:29:10","TMN2201",0.0000,0.0000,0.0227,0.0000,0.0000
"311012023051230886","01-JUN-2023 00:30","01-JUN-2023 00:29:10","TMU0111",0.0000,17.4757,0.0237,0.0000,0.0000
"311012023051230886","01-JUN-2023 00:30","01-JUN-2023 00:29:10","TMU1101",0.0000,0.0000,0.0236,0.0000,0.0000
"311012023051230886","01-JUN-2023 00:30","01-JUN-2023 00:29:10","TNG0111",0.0000,29.0000,0.0219,0.0000,0.0000
"311012023051230886","01-JUN-2023 00:30","01-JUN-2023 00:29:10","TNG0551",0.0000,0.0000,0.0218,0.0000,0.0000
"311012023051230886","01-JUN-2023 00:30","01-JUN-2023 00:29:10","TNG2201",0.0000,0.0000,0.0218,0.0000,0.0000
"311012023051230886","01-JUN-2023 00:30","01-JUN-2023 00:29:10","TRK0111",0.0000,3.3930,0.0231,0.0000,0.0000
"311012023051230886","01-JUN-2023 00:30","01-JUN-2023 00:29:10","TRK1101",0.0000,0.0000,0.0230,0.0000,0.0000
"311012023051230886","01-JUN-2023 00:30","01-JUN-2023 00:29:10","TRK1102",0.0000,0.0000,0.0230,0.0000,0.0000
"311012023051230886","01-JUN-2023 00:30","01-JUN-2023 00:29:10","TRK2201",0.0000,0.0000,0.0230,0.0000,0.0000
"311012023051230886","01-JUN-2023 00:30","01-JUN-2023 00:29:10","TUI1101",0.0000,25.9461,0.0199,0.0000,0.0000
"311012023051230886","01-JUN-2023 00:30","01-JUN-2023 00:29:10","TUI1101 KTW0",16.0000,0.0000,0.0199,0.0000,0.0000
"311012023051230886","01-JUN-2023 00:30","01-JUN-2023 00:29:10","TUI1101 PRI0",22.9990,0.0000,0.0199,0.0000,0.0000
"311012023051230886","01-JUN-2023 00:30","01-JUN-2023 00:29:10","TUI1101 TUI0",31.0000,0.0000,0.0199,0.0000,0.0000
"311012023051230886","01-JUN-2023 00:30","01-JUN-2023 00:29:10","TWC2201",0.0000,0.0000,0.0213,0.0000,0.0000
"311012023051230886","01-JUN-2023 00:30","01-JUN-2023 00:29:10","TWC2201 NZW0",16.0400,0.0000,0.0213,0.0000,0.0000
"311012023051230886","01-JUN-2023 00:30","01-JUN-2023 00:29:10","TWC2201 TWF0",49.8100,0.0000,0.0213,0.0000,0.0000
"311012023051230886","01-JUN-2023 00:30","01-JUN-2023 00:29:10","TWH0331",0.0000,42.5117,0.0238,0.0000,0.0000
"311012023051230886","01-JUN-2023 00:30","01-JUN-2023 00:29:10","TWH0331 TRC1",0.0000,0.0000,0.0238,0.0000,0.0000
"311012023051230886","01-JUN-2023 00:30","01-JUN-2023 00:29:10","TWH0331 TUK0",40.7000,0.0000,0.0238,0.0000,0.0000
"311012023051230886","01-JUN-2023 00:30","01-JUN-2023 00:29:10","TWH2201",0.0000,0.0000,0.0237,0.0000,0.0000
"311012023051230886","01-JUN-2023 00:30","01-JUN-2023 00:29:10","TWI2201",0.0000,573.8000,0.0307,0.0000,0.0000
"311012023051230886","01-JUN-2023 00:30","01-JUN-2023 00:29:10","TWT2201",0.0000,0.0000,0.0213,0.0000,0.0000
"311012023051230886","01-JUN-2023 00:30","01-JUN-2023 00:29:10","TWZ0331",0.0000,3.0515,0.0204,0.0000,0.0000
"311012023051230886","01-JUN-2023 00:30","01-JUN-2023 00:29:10","TWZ2201",0.0000,0.0000,0.0204,0.0000,0.0000
"311012023051230886","01-JUN-2023 00:30","01-JUN-2023 00:29:10","TWZ2202",0.0000,0.0000,0.0204,0.0000,0.0000
"311012023051230886","01-JUN-2023 00:30","01-JUN-2023 00:29:10","UHT0331",0.0000,13.0729,0.0212,0.0000,0.0000
"311012023051230886","01-JUN-2023 00:30","01-JUN-2023 00:29:10","UHT1101",0.0000,0.0000,0.0212,0.0000,0.0000
"311012023051230886","01-JUN-2023 00:30","01-JUN-2023 00:29:10","WAI0111",0.0000,5.1892,0.0230,0.0000,0.0000
"311012023051230886","01-JUN-2023 00:30","01-JUN-2023 00:29:10","WAI0501",0.0000,0.4990,0.0230,0.0000,0.0000
"311012023051230886","01-JUN-2023 00:30","01-JUN-2023 00:29:10","WAI1101",0.0000,0.0000,0.0229,0.0000,0.0000
"311012023051230886","01-JUN-2023 00:30","01-JUN-2023 00:29:10","WDV0111",0.0000,1.0977,0.0209,0.0000,0.0000
"311012023051230886","01-JUN-2023 00:30","01-JUN-2023 00:29:10","WDV1101",0.0000,0.0000,0.0209,0.0000,0.0000
"311012023051230886","01-JUN-2023 00:30","01-JUN-2023 00:29:10","WDV1101 TAP0",58.3500,0.0000,0.0209,0.0000,0.0000
"311012023051230886","01-JUN-2023 00:30","01-JUN-2023 00:29:10","WDV1102",0.0000,0.0000,0.0209,0.0000,0.0000
"311012023051230886","01-JUN-2023 00:30","01-JUN-2023 00:29:10","WEL0331",0.0000,15.8671,0.0256,0.0000,0.0000
"311012023051230886","01-JUN-2023 00:30","01-JUN-2023 00:29:10","WEL1101",0.0000,0.0000,0.0256,0.0000,0.0000
"311012023051230886","01-JUN-2023 00:30","01-JUN-2023 00:29:10","WEL1102",0.0000,0.0000,0.0256,0.0000,0.0000
"311012023051230886","01-JUN-2023 00:30","01-JUN-2023 00:29:10","WGN0331",0.0000,15.1685,0.0213,0.0000,0.0000
"311012023051230886","01-JUN-2023 00:30","01-JUN-2023 00:29:10","WGN1101",0.0000,0.0000,0.0212,0.0000,0.0000
"311012023051230886","01-JUN-2023 00:30","01-JUN-2023 00:29:10","WHI0111",0.0000,0.0000,0.0228,0.0000,0.0000
"311012023051230886","01-JUN-2023 00:30","01-JUN-2023 00:29:10","WHI2201",0.0000,0.0000,0.0228,0.0000,0.0000
"311012023051230886","01-JUN-2023 00:30","01-JUN-2023 00:29:10","WHI2201 WHI0",0.0000,0.0000,0.0228,0.0000,0.0000
"311012023051230886","01-JUN-2023 00:30","01-JUN-2023 00:29:10","WHU0331",0.0000,13.4720,0.0243,0.0000,0.0000
"311012023051230886","01-JUN-2023 00:30","01-JUN-2023 00:29:10","WHU1101",0.0000,0.0000,0.0243,0.0000,0.0000
"311012023051230886","01-JUN-2023 00:30","01-JUN-2023 00:29:10","WIL0331",0.0000,17.6434,0.0212,0.0000,0.0000
"311012023051230886","01-JUN-2023 00:30","01-JUN-2023 00:29:10","WIL0331 MCK0",37.5800,0.0000,0.0212,0.0000,0.0000
"311012023051230886","01-JUN-2023 00:30","01-JUN-2023 00:29:10","WIL1101",0.0000,0.0000,0.0212,0.0000,0.0000
"311012023051230886","01-JUN-2023 00:30","01-JUN-2023 00:29:10","WIL2201",0.0000,0.0000,0.0212,0.0000,0.0000
"311012023051230886","01-JUN-2023 00:30","01-JUN-2023 00:29:10","WIR0331",0.0000,44.4078,0.0243,0.0000,0.0000
"311012023051230886","01-JUN-2023 00:30","01-JUN-2023 00:29:10","WIR1101",0.0000,0.0000,0.0243,0.0000,0.0000
"311012023051230886","01-JUN-2023 00:30","01-JUN-2023 00:29:10","WIR1102",0.0000,0.0000,0.0242,0.0000,0.0000
"311012023051230886","01-JUN-2023 00:30","01-JUN-2023 00:29:10","WKM2201",0.0000,3.5925,0.0230,0.0000,0.0000
"311012023051230886","01-JUN-2023 00:30","01-JUN-2023 00:29:10","WKM2201 MOK0",83.0000,0.0000,0.0230,0.0000,0.0000
"311012023051230886","01-JUN-2023 00:30","01-JUN-2023 00:29:10","WKM2201 WKM0",0.0000,0.0000,0.0230,0.0000,0.0000
"311012023051230886","01-JUN-2023 00:30","01-JUN-2023 00:29:10","WKM2202",0.0000,0.0000,0.0230,0.0000,0.0000
"311012023051230886","01-JUN-2023 00:30","01-JUN-2023 00:29:10","WKO0331",0.0000,18.3619,0.0245,0.0000,0.0000
"311012023051230886","01-JUN-2023 00:30","01-JUN-2023 00:29:10","WKO1101",0.0000,0.0000,0.0245,0.0000,0.0000
"311012023051230886","01-JUN-2023 00:30","01-JUN-2023 00:29:10","WPA2201",0.0000,0.0000,0.0229,0.0000,0.0000
"311012023051230886","01-JUN-2023 00:30","01-JUN-2023 00:29:10","WPA2201 WPA0",9.0000,0.0000,0.0229,0.0000,0.0000
"311012023051230886","01-JUN-2023 00:30","01-JUN-2023 00:29:10","WPR0331",0.0000,3.1499,0.0219,0.0000,0.0000
"311012023051230886","01-JUN-2023 00:30","01-JUN-2023 00:29:10","WPR0661",0.0000,0.5906,0.0218,0.0000,0.0000
"311012023051230886","01-JUN-2023 00:30","01-JUN-2023 00:29:10","WPR2202",0.0000,0.0000,0.0219,0.0000,0.0000
"311012023051230886","01-JUN-2023 00:30","01-JUN-2023 00:29:10","WPR2203",0.0000,0.0000,0.0219,0.0000,0.0000
"311012023051230886","01-JUN-2023 00:30","01-JUN-2023 00:29:10","WPT1101",0.0000,0.0000,0.0230,0.0000,0.0000
"311012023051230886","01-JUN-2023 00:30","01-JUN-2023 00:29:10","WPT1102",0.0000,0.0000,0.0230,0.0000,0.0000
"311012023051230886","01-JUN-2023 00:30","01-JUN-2023 00:29:10","WPW0331",0.0000,9.4174,0.0212,0.0000,0.0000
"311012023051230886","01-JUN-2023 00:30","01-JUN-2023 00:29:10","WPW1101",0.0000,0.0000,0.0209,0.0000,0.0000
"311012023051230886","01-JUN-2023 00:30","01-JUN-2023 00:29:10","WPW1102",0.0000,0.0000,0.0210,0.0000,0.0000
"311012023051230886","01-JUN-2023 00:30","01-JUN-2023 00:29:10","WRD0331",0.0000,29.5387,0.0244,0.0000,0.0000
"311012023051230886","01-JUN-2023 00:30","01-JUN-2023 00:29:10","WRD2201",0.0000,0.0000,0.0244,0.0000,0.0000
"311012023051230886","01-JUN-2023 00:30","01-JUN-2023 00:29:10","WRK0331",0.0000,21.0563,0.0227,0.0000,0.0000
"311012023051230886","01-JUN-2023 00:30","01-JUN-2023 00:29:10","WRK0331 RKA0",25.0000,0.0000,0.0227,0.0000,0.0000
"311012023051230886","01-JUN-2023 00:30","01-JUN-2023 00:29:10","WRK0331 TAA0",13.0000,0.0000,0.0227,0.0000,0.0000
"311012023051230886","01-JUN-2023 00:30","01-JUN-2023 00:29:10","WRK2201",0.0000,0.0000,0.0227,0.0000,0.0000
"311012023051230886","01-JUN-2023 00:30","01-JUN-2023 00:29:10","WRK2201 WRK0",127.0000,0.0000,0.0227,0.0000,0.0000
"311012023051230886","01-JUN-2023 00:30","01-JUN-2023 00:29:10","WTK0111",0.0000,1.4765,0.0202,0.0000,0.0000
"311012023051230886","01-JUN-2023 00:30","01-JUN-2023 00:29:10","WTK0111 WTK0",85.0000,0.0000,0.0202,0.0000,0.0000
"311012023051230886","01-JUN-2023 00:30","01-JUN-2023 00:29:10","WTK0331",0.0000,0.0000,0.0203,0.0000,0.0000
"311012023051230886","01-JUN-2023 00:30","01-JUN-2023 00:29:10","WTK1101",0.0000,0.0000,0.0203,0.0000,0.0000
"311012023051230886","01-JUN-2023 00:30","01-JUN-2023 00:29:10","WTK1102",0.0000,0.0000,0.0204,0.0000,0.0000
"311012023051230886","01-JUN-2023 00:30","01-JUN-2023 00:29:10","WTK2201",0.0000,0.0000,0.0203,0.0000,0.0000
"311012023051230886","01-JUN-2023 00:30","01-JUN-2023 00:29:10","WTU0331",0.0000,42.6634,0.0230,0.0000,0.0000
"311012023051230886","01-JUN-2023 00:30","01-JUN-2023 00:29:10","WTU2201",0.0000,0.0000,0.0000,0.0000,0.0000
"311012023051230886","01-JUN-2023 00:30","01-JUN-2023 00:29:10","WTU2202",0.0000,0.0000,0.0229,0.0000,0.0000
"311012023051230886","01-JUN-2023 00:30","01-JUN-2023 00:29:10","WVY0111",0.0000,1.8961,0.0210,0.0000,0.0000
"311012023051230886","01-JUN-2023 00:30","01-JUN-2023 00:29:10","WVY1101",0.0000,0.0000,0.0210,0.0000,0.0000
"311012023051230886","01-JUN-2023 00:30","01-JUN-2023 00:29:10","WVY1101 WPP0",64.6800,0.0000,0.0210,0.0000,0.0000
"311012023051230886","01-JUN-2023 00:30","01-JUN-2023 00:29:10","WWD1102",0.0000,0.0000,0.0210,0.0000,0.0000
"311012023051230886","01-JUN-2023 00:30","01-JUN-2023 00:29:10","WWD1102 WWD0",82.8400,0.0000,0.0210,0.0000,0.0000
"311012023051230886","01-JUN-2023 00:30","01-JUN-2023 00:29:10","WWD1103",0.0000,0.0000,0.0210,0.0000,0.0000
"311012023051230886","01-JUN-2023 00:30","01-JUN-2023 00:29:10","WWD1103 WWD0",0.0000,0.0000,0.0210,0.0000,0.0000
