"DateTime","RunTime","Bus","GenerationMW","LoadMW","PriceMWh","DeficitMW","SurplusMW","LOAD","GENERATION","PRICE","PRICECHECK","LOADCHECK","GENERATIONCHECK"
"06-MAR-2023 22:35","06-MAR-2023 22:34:04",100,0,52.957,266.43,0,0,52.9573,0,266.4295,0.000499999999988177,-3e-04,0
"06-MAR-2023 22:35","06-MAR-2023 22:34:04",101,0,0,265.685,0,0,0,0,265.6846,0.000400000000013279,0,0
"06-MAR-2023 22:35","06-MAR-2023 22:34:04",102,30.176,0,257.011,0,0,0,30.176,257.0111,-9.99999999748979e-05,0,0
"06-MAR-2023 22:35","06-MAR-2023 22:34:04",103,9.824,0,257.011,0,0,0,9.824,257.0111,-9.99999999748979e-05,0,0
"06-MAR-2023 22:35","06-MAR-2023 22:34:04",104,23,0,239.697,0,0,0,23,239.6973,-0.000300000000009959,0,0
"06-MAR-2023 22:35","06-MAR-2023 22:34:04",105,23,0,239.697,0,0,0,23,239.6973,-0.000300000000009959,0,0
"06-MAR-2023 22:35","06-MAR-2023 22:34:04",106,23,0,239.697,0,0,0,23,239.6973,-0.000300000000009959,0,0
"06-MAR-2023 22:35","06-MAR-2023 22:34:04",107,0,0,257.011,0,0,0,0,257.0111,-9.99999999748979e-05,0,0
"06-MAR-2023 22:35","06-MAR-2023 22:34:04",108,0,0,263.954,0,0,0,0,263.9543,-0.000299999999981537,0,0
"06-MAR-2023 22:35","06-MAR-2023 22:34:04",109,0,0,263.958,0,0,0,0,263.9579,0.000100000000031741,0,0
"06-MAR-2023 22:35","06-MAR-2023 22:34:04",11,0,11.499,267.041,0,0,11.4993,0,267.0406,0.000400000000013279,-3e-04,0
"06-MAR-2023 22:35","06-MAR-2023 22:34:04",110,0,0,263.068,0,0,0,0,263.0676,0.000399999999956435,0,0
"06-MAR-2023 22:35","06-MAR-2023 22:34:04",111,0,26.832,260.751,0,0,26.8317,0,260.7514,-0.000400000000013279,3e-04,0
"06-MAR-2023 22:35","06-MAR-2023 22:34:04",112,0,0,259.839,0,0,0,0,259.8385,0.000499999999988177,0,0
"06-MAR-2023 22:35","06-MAR-2023 22:34:04",113,0,0,259.838,0,0,0,0,259.8383,-0.000299999999981537,0,0
"06-MAR-2023 22:35","06-MAR-2023 22:34:04",114,0,11.903,259.554,0,0,11.9028,0,259.5544,-0.000400000000013279,2e-04,0
"06-MAR-2023 22:35","06-MAR-2023 22:34:04",115,0,69.198,260.213,0,0,69.1975,0,260.2131,-9.99999999748979e-05,5e-04,0
"06-MAR-2023 22:35","06-MAR-2023 22:34:04",116,0,0,259.781,0,0,0,0,259.7812,-0.000200000000006639,0,0
"06-MAR-2023 22:35","06-MAR-2023 22:34:04",118,0,0,259.334,0,0,0,0,259.3336,0.000400000000013279,0,0
"06-MAR-2023 22:35","06-MAR-2023 22:34:04",119,0,0,259.606,0,0,0,0,259.6055,0.000499999999988177,0,0
"06-MAR-2023 22:35","06-MAR-2023 22:34:04",12,0,0,266.851,0,0,0,0,266.851,0,0,0
"06-MAR-2023 22:35","06-MAR-2023 22:34:04",120,0,16.038,262.962,0,0,16.0385,0,262.9618,0.000200000000006639,-5e-04,0
"06-MAR-2023 22:35","06-MAR-2023 22:34:04",121,0,0,262.63,0,0,0,0,262.63,0,0,0
"06-MAR-2023 22:35","06-MAR-2023 22:34:04",122,0,1.58,259.218,0,0,1.5796,0,259.2183,-0.000299999999981537,4e-04,0
"06-MAR-2023 22:35","06-MAR-2023 22:34:04",123,0,0,259.218,0,0,0,0,259.2183,-0.000299999999981537,0,0
"06-MAR-2023 22:35","06-MAR-2023 22:34:04",124,0,0,259.218,0,0,0,0,259.2183,-0.000299999999981537,0,0
"06-MAR-2023 22:35","06-MAR-2023 22:34:04",125,136.504,0,259.218,0,0,0,136.504,259.2183,-0.000299999999981537,0,0
"06-MAR-2023 22:35","06-MAR-2023 22:34:04",126,0,0,259.218,0,0,0,0,259.2183,-0.000299999999981537,0,0
"06-MAR-2023 22:35","06-MAR-2023 22:34:04",127,331,0,259.218,0,0,0,331,259.2183,-0.000299999999981537,0,0
"06-MAR-2023 22:35","06-MAR-2023 22:34:04",128,0,12.004,259.333,0,0,12.0037,0,259.3325,0.00050000000004502,3e-04,0
"06-MAR-2023 22:35","06-MAR-2023 22:34:04",129,0,0,259.218,0,0,0,0,259.2183,-0.000299999999981537,0,0
"06-MAR-2023 22:35","06-MAR-2023 22:34:04",130,0,12.811,264.655,0,0,12.8106,0,264.6551,-0.000100000000031741,4e-04,0
"06-MAR-2023 22:35","06-MAR-2023 22:34:04",131,0,11.197,263.712,0,0,11.1967,0,263.7117,0.000299999999981537,3e-04,0
"06-MAR-2023 22:35","06-MAR-2023 22:34:04",132,25.6,16,248.895,0,0,16,25.6,248.8953,-0.000299999999981537,0,0
"06-MAR-2023 22:35","06-MAR-2023 22:34:04",133,0,12.529,249.793,0,0,12.5287,0,249.7932,-0.000200000000006639,3e-04,0
"06-MAR-2023 22:35","06-MAR-2023 22:34:04",134,0,7.061,249.524,0,0,7.061,0,249.5242,-0.000200000000006639,0,0
"06-MAR-2023 22:35","06-MAR-2023 22:34:04",135,0,0,249.168,0,0,0,0,249.1678,0.000200000000006639,0,0
"06-MAR-2023 22:35","06-MAR-2023 22:34:04",136,0,0,249.03,0,0,0,0,249.0298,0.000200000000006639,0,0
"06-MAR-2023 22:35","06-MAR-2023 22:34:04",137,0,0,249.118,0,0,0,0,249.118,0,0,0
"06-MAR-2023 22:35","06-MAR-2023 22:34:04",138,14.667,0,259.602,0,0,0,14.6667,259.6016,0.000399999999956435,0,3e-04
"06-MAR-2023 22:35","06-MAR-2023 22:34:04",139,14.667,0,259.602,0,0,0,14.6667,259.6016,0.000399999999956435,0,3e-04
"06-MAR-2023 22:35","06-MAR-2023 22:34:04",140,14.667,0,259.602,0,0,0,14.6667,259.6016,0.000399999999956435,0,3e-04
"06-MAR-2023 22:35","06-MAR-2023 22:34:04",141,0,0,259.602,0,0,0,0,259.6016,0.000399999999956435,0,0
"06-MAR-2023 22:35","06-MAR-2023 22:34:04",142,0,20.376,270.229,0,0,20.3759,0,270.2287,0.000299999999981537,1e-04,0
"06-MAR-2023 22:35","06-MAR-2023 22:34:04",143,0,0,269.138,0,0,0,0,269.1381,-0.000100000000031741,0,0
"06-MAR-2023 22:35","06-MAR-2023 22:34:04",144,0,0,259.28,0,0,0,0,259.2797,0.000299999999981537,0,0
"06-MAR-2023 22:35","06-MAR-2023 22:34:04",145,0,4.539,265.537,0,0,4.5392,0,265.5365,0.000499999999988177,-2e-04,0
"06-MAR-2023 22:35","06-MAR-2023 22:34:04",146,0,0,264.868,0,0,0,0,264.8679,9.99999999748979e-05,0,0
"06-MAR-2023 22:35","06-MAR-2023 22:34:04",147,0,13.782,264.034,0,0,13.7822,0,264.0336,0.000400000000013279,-2e-04,0
"06-MAR-2023 22:35","06-MAR-2023 22:34:04",148,0,16.644,263.242,0,0,16.6437,0,263.2422,-0.000200000000006639,3e-04,0
"06-MAR-2023 22:35","06-MAR-2023 22:34:04",149,0,0,262.619,0,0,0,0,262.6194,-0.000399999999956435,0,0
"06-MAR-2023 22:35","06-MAR-2023 22:34:04",15,0,57.496,264.903,0,0,57.4965,0,264.9027,0.000300000000038381,-5e-04,0
"06-MAR-2023 22:35","06-MAR-2023 22:34:04",150,30,0,260.211,0,0,0,30,260.2108,0.000200000000006639,0,0
"06-MAR-2023 22:35","06-MAR-2023 22:34:04",151,0,13.943,260.211,0,0,13.9432,0,260.2108,0.000200000000006639,-2e-04,0
"06-MAR-2023 22:35","06-MAR-2023 22:34:04",152,0,0,260.211,0,0,0,0,260.2108,0.000200000000006639,0,0
"06-MAR-2023 22:35","06-MAR-2023 22:34:04",153,0,0,260.211,0,0,0,0,260.2108,0.000200000000006639,0,0
"06-MAR-2023 22:35","06-MAR-2023 22:34:04",154,0,0,260.211,0,0,0,0,260.2108,0.000200000000006639,0,0
"06-MAR-2023 22:35","06-MAR-2023 22:34:04",155,0.3,0,260.211,0,0,0,0.3,260.2108,0.000200000000006639,0,0
"06-MAR-2023 22:35","06-MAR-2023 22:34:04",156,0,41.132,260.211,0,0,41.1324,0,260.2108,0.000200000000006639,-4e-04,0
"06-MAR-2023 22:35","06-MAR-2023 22:34:04",157,0,0,260.074,0,0,0,0,260.0736,0.000400000000013279,0,0
"06-MAR-2023 22:35","06-MAR-2023 22:34:04",158,0,19.165,266.135,0,0,19.1655,0,266.1348,0.000200000000006639,-5e-04,0
"06-MAR-2023 22:35","06-MAR-2023 22:34:04",159,0,0,266.017,0,0,0,0,266.0171,-0.000100000000031741,0,0
"06-MAR-2023 22:35","06-MAR-2023 22:34:04",16,0,0,263.71,0,0,0,0,263.7101,-0.000100000000031741,0,0
"06-MAR-2023 22:35","06-MAR-2023 22:34:04",160,0,17.753,268.657,0,0,17.7533,0,268.6574,-0.000400000000013279,-3e-04,0
"06-MAR-2023 22:35","06-MAR-2023 22:34:04",161,0,0,268.32,0,0,0,0,268.3197,0.000299999999981537,0,0
"06-MAR-2023 22:35","06-MAR-2023 22:34:04",162,0,0,246.535,0,0,0,0,246.5355,-0.000500000000016598,0,0
"06-MAR-2023 22:35","06-MAR-2023 22:34:04",163,0,0,246.535,0,0,0,0,246.5355,-0.000500000000016598,0,0
"06-MAR-2023 22:35","06-MAR-2023 22:34:04",164,0,10.719,246.535,0,0,10.7189,0,246.5355,-0.000500000000016598,1e-04,0
"06-MAR-2023 22:35","06-MAR-2023 22:34:04",165,0,0,246.535,0,0,0,0,246.5355,-0.000500000000016598,0,0
"06-MAR-2023 22:35","06-MAR-2023 22:34:04",166,0,0,246.535,0,0,0,0,246.5355,-0.000500000000016598,0,0
"06-MAR-2023 22:35","06-MAR-2023 22:34:04",167,0,0,246.535,0,0,0,0,246.5355,-0.000500000000016598,0,0
"06-MAR-2023 22:35","06-MAR-2023 22:34:04",168,21.333,0,250.218,0,0,0,21.3333,250.2177,0.000299999999981537,0,-3e-04
"06-MAR-2023 22:35","06-MAR-2023 22:34:04",169,21.333,0,250.218,0,0,0,21.3333,250.2177,0.000299999999981537,0,-3e-04
"06-MAR-2023 22:35","06-MAR-2023 22:34:04",17,0,0,263.71,0,0,0,0,263.7103,-0.000300000000038381,0,0
"06-MAR-2023 22:35","06-MAR-2023 22:34:04",170,21.333,0,250.218,0,0,0,21.3333,250.2177,0.000299999999981537,0,-3e-04
"06-MAR-2023 22:35","06-MAR-2023 22:34:04",171,0,0,250.218,0,0,0,0,250.2177,0.000299999999981537,0,0
"06-MAR-2023 22:35","06-MAR-2023 22:34:04",172,12.75,0,250.142,0,0,0,12.75,250.1415,0.000499999999988177,0,0
"06-MAR-2023 22:35","06-MAR-2023 22:34:04",173,12.75,0,250.142,0,0,0,12.75,250.1415,0.000499999999988177,0,0
"06-MAR-2023 22:35","06-MAR-2023 22:34:04",174,12.75,0,250.142,0,0,0,12.75,250.1415,0.000499999999988177,0,0
"06-MAR-2023 22:35","06-MAR-2023 22:34:04",175,12.75,0,250.142,0,0,0,12.75,250.1415,0.000499999999988177,0,0
"06-MAR-2023 22:35","06-MAR-2023 22:34:04",176,0,0,250.142,0,0,0,0,250.1415,0.000499999999988177,0,0
"06-MAR-2023 22:35","06-MAR-2023 22:34:04",178,0,42.3,250.219,0,0,42.3,0,250.2187,0.000299999999981537,0,0
"06-MAR-2023 22:35","06-MAR-2023 22:34:04",179,0,0,249.641,0,0,0,0,249.6405,0.000499999999988177,0,0
"06-MAR-2023 22:35","06-MAR-2023 22:34:04",18,0,0,263.887,0,0,0,0,263.8868,0.000200000000006639,0,0
"06-MAR-2023 22:35","06-MAR-2023 22:34:04",180,0,0,248.153,0,0,0,0,248.1528,0.000199999999978218,0,0
"06-MAR-2023 22:35","06-MAR-2023 22:34:04",181,0,0,249.64,0,0,0,0,249.6396,0.000399999999984857,0,0
"06-MAR-2023 22:35","06-MAR-2023 22:34:04",182,0,0,252.924,0,0,0,0,252.9241,-0.00010000000000332,0,0
"06-MAR-2023 22:35","06-MAR-2023 22:34:04",183,106,0,246.986,0,0,0,106,246.986,0,0,0
"06-MAR-2023 22:35","06-MAR-2023 22:34:04",184,0,0,246.986,0,0,0,0,246.986,0,0,0
"06-MAR-2023 22:35","06-MAR-2023 22:34:04",185,0,18.1,247.135,0,0,18.1,0,247.1349,0.00010000000000332,0,0
"06-MAR-2023 22:35","06-MAR-2023 22:34:04",187,0,0.1,248.313,0,0,0.1,0,248.3129,9.99999999748979e-05,0,0
"06-MAR-2023 22:35","06-MAR-2023 22:34:04",188,0,15.354,246.74,0,0,15.3543,0,246.7397,0.000300000000009959,-3e-04,0
"06-MAR-2023 22:35","06-MAR-2023 22:34:04",189,0,0,247.061,0,0,0,0,247.0606,0.000400000000013279,0,0
"06-MAR-2023 22:35","06-MAR-2023 22:34:04",19,0,0,264.065,0,0,0,0,264.0649,9.99999999748979e-05,0,0
"06-MAR-2023 22:35","06-MAR-2023 22:34:04",190,0,0,246.986,0,0,0,0,246.986,0,0,0
"06-MAR-2023 22:35","06-MAR-2023 22:34:04",191,0,0,248.184,0,0,0,0,248.1841,-0.00010000000000332,0,0
"06-MAR-2023 22:35","06-MAR-2023 22:34:04",192,29,0,253.094,0,0,0,29,253.0937,0.000299999999981537,0,0
"06-MAR-2023 22:35","06-MAR-2023 22:34:04",193,0,0,253.094,0,0,0,0,253.0937,0.000299999999981537,0,0
"06-MAR-2023 22:35","06-MAR-2023 22:34:04",196,0,14.929,253.264,0,0,14.9289,0,253.2638,0.000200000000006639,1e-04,0
"06-MAR-2023 22:35","06-MAR-2023 22:34:04",197,0,0,252.737,0,0,0,0,252.7368,0.000200000000006639,0,0
"06-MAR-2023 22:35","06-MAR-2023 22:34:04",198,0,0,252.731,0,0,0,0,252.7309,0.00010000000000332,0,0
"06-MAR-2023 22:35","06-MAR-2023 22:34:04",199,0,0,252.706,0,0,0,0,252.7061,-0.00010000000000332,0,0
"06-MAR-2023 22:35","06-MAR-2023 22:34:04",20,0,61.43,265.773,0,0,61.4305,0,265.7732,-0.000199999999949796,-5e-04,0
"06-MAR-2023 22:35","06-MAR-2023 22:34:04",200,0,0,251.878,0,0,0,0,251.8785,-0.000500000000016598,0,0
"06-MAR-2023 22:35","06-MAR-2023 22:34:04",2001,0,0,0,0,0,0,0,0,0,0,0
"06-MAR-2023 22:35","06-MAR-2023 22:34:04",2002,0,0,0,0,0,0,0,0,0,0,0
"06-MAR-2023 22:35","06-MAR-2023 22:34:04",2003,0,0,0,0,0,0,0,0,0,0,0
"06-MAR-2023 22:35","06-MAR-2023 22:34:04",2004,0,0,0,0,0,0,0,0,0,0,0
"06-MAR-2023 22:35","06-MAR-2023 22:34:04",2005,0,0,0,0,0,0,0,0,0,0,0
"06-MAR-2023 22:35","06-MAR-2023 22:34:04",2006,0,0,0,0,0,0,0,0,0,0,0
"06-MAR-2023 22:35","06-MAR-2023 22:34:04",2007,0,0,0,0,0,0,0,0,0,0,0
"06-MAR-2023 22:35","06-MAR-2023 22:34:04",2008,0,0,0,0,0,0,0,0,0,0,0
"06-MAR-2023 22:35","06-MAR-2023 22:34:04",2009,0,0,0,0,0,0,0,0,0,0,0
"06-MAR-2023 22:35","06-MAR-2023 22:34:04",201,0,7.061,249.798,0,0,7.061,0,249.798,0,0,0
"06-MAR-2023 22:35","06-MAR-2023 22:34:04",2010,0,0,0,0,0,0,0,0,0,0,0
"06-MAR-2023 22:35","06-MAR-2023 22:34:04",2011,0,0,0,0,0,0,0,0,0,0,0
"06-MAR-2023 22:35","06-MAR-2023 22:34:04",2012,0,0,0,0,0,0,0,0,0,0,0
"06-MAR-2023 22:35","06-MAR-2023 22:34:04",2013,0,0,0,0,0,0,0,0,0,0,0
"06-MAR-2023 22:35","06-MAR-2023 22:34:04",2014,0,0,0,0,0,0,0,0,0,0,0
"06-MAR-2023 22:35","06-MAR-2023 22:34:04",2015,0,0,0,0,0,0,0,0,0,0,0
"06-MAR-2023 22:35","06-MAR-2023 22:34:04",2016,0,0,0,0,0,0,0,0,0,0,0
"06-MAR-2023 22:35","06-MAR-2023 22:34:04",2017,0,0,0,0,0,0,0,0,0,0,0
"06-MAR-2023 22:35","06-MAR-2023 22:34:04",2018,0,0,0,0,0,0,0,0,0,0,0
"06-MAR-2023 22:35","06-MAR-2023 22:34:04",2019,0,0,0,0,0,0,0,0,0,0,0
"06-MAR-2023 22:35","06-MAR-2023 22:34:04",202,0,0,249.751,0,0,0,0,249.7508,0.000200000000006639,0,0
"06-MAR-2023 22:35","06-MAR-2023 22:34:04",2020,0,0,0,0,0,0,0,0,0,0,0
"06-MAR-2023 22:35","06-MAR-2023 22:34:04",2021,0,0,0,0,0,0,0,0,0,0,0
"06-MAR-2023 22:35","06-MAR-2023 22:34:04",2022,0,0,0,0,0,0,0,0,0,0,0
"06-MAR-2023 22:35","06-MAR-2023 22:34:04",2023,0,0,0,0,0,0,0,0,0,0,0
"06-MAR-2023 22:35","06-MAR-2023 22:34:04",2024,0,0,0,0,0,0,0,0,0,0,0
"06-MAR-2023 22:35","06-MAR-2023 22:34:04",2025,0,0,0,0,0,0,0,0,0,0,0
"06-MAR-2023 22:35","06-MAR-2023 22:34:04",2026,0,0,0,0,0,0,0,0,0,0,0
"06-MAR-2023 22:35","06-MAR-2023 22:34:04",2027,0,0,0,0,0,0,0,0,0,0,0
"06-MAR-2023 22:35","06-MAR-2023 22:34:04",2028,0,0,0,0,0,0,0,0,0,0,0
"06-MAR-2023 22:35","06-MAR-2023 22:34:04",2029,0,0,0,0,0,0,0,0,0,0,0
"06-MAR-2023 22:35","06-MAR-2023 22:34:04",203,0,0,249.845,0,0,0,0,249.845,0,0,0
"06-MAR-2023 22:35","06-MAR-2023 22:34:04",2030,0,0,0,0,0,0,0,0,0,0,0
"06-MAR-2023 22:35","06-MAR-2023 22:34:04",2031,0,0,0,0,0,0,0,0,0,0,0
"06-MAR-2023 22:35","06-MAR-2023 22:34:04",2032,0,0,0,0,0,0,0,0,0,0,0
"06-MAR-2023 22:35","06-MAR-2023 22:34:04",2033,0,0,0,0,0,0,0,0,0,0,0
"06-MAR-2023 22:35","06-MAR-2023 22:34:04",2034,0,0,0,0,0,0,0,0,0,0,0
"06-MAR-2023 22:35","06-MAR-2023 22:34:04",2035,0,0,0,0,0,0,0,0,0,0,0
"06-MAR-2023 22:35","06-MAR-2023 22:34:04",2036,0,0,0,0,0,0,0,0,0,0,0
"06-MAR-2023 22:35","06-MAR-2023 22:34:04",2037,0,0,0,0,0,0,0,0,0,0,0
"06-MAR-2023 22:35","06-MAR-2023 22:34:04",2038,0,0,0,0,0,0,0,0,0,0,0
"06-MAR-2023 22:35","06-MAR-2023 22:34:04",2039,0,0,0,0,0,0,0,0,0,0,0
"06-MAR-2023 22:35","06-MAR-2023 22:34:04",204,15.217,0,246.535,0,0,0,15.2167,246.5355,-0.000500000000016598,0,3e-04
"06-MAR-2023 22:35","06-MAR-2023 22:34:04",2040,0,0,0,0,0,0,0,0,0,0,0
"06-MAR-2023 22:35","06-MAR-2023 22:34:04",2041,0,0,0,0,0,0,0,0,0,0,0
"06-MAR-2023 22:35","06-MAR-2023 22:34:04",2042,0,0,0,0,0,0,0,0,0,0,0
"06-MAR-2023 22:35","06-MAR-2023 22:34:04",2043,0,0,0,0,0,0,0,0,0,0,0
"06-MAR-2023 22:35","06-MAR-2023 22:34:04",2044,0,0,0,0,0,0,0,0,0,0,0
"06-MAR-2023 22:35","06-MAR-2023 22:34:04",2045,0,0,0,0,0,0,0,0,0,0,0
"06-MAR-2023 22:35","06-MAR-2023 22:34:04",2046,0,0,0,0,0,0,0,0,0,0,0
"06-MAR-2023 22:35","06-MAR-2023 22:34:04",2047,0,0,0,0,0,0,0,0,0,0,0
"06-MAR-2023 22:35","06-MAR-2023 22:34:04",2048,0,0,0,0,0,0,0,0,0,0,0
"06-MAR-2023 22:35","06-MAR-2023 22:34:04",2049,0,0,0,0,0,0,0,0,0,0,0
"06-MAR-2023 22:35","06-MAR-2023 22:34:04",205,15.217,0,246.535,0,0,0,15.2167,246.5355,-0.000500000000016598,0,3e-04
"06-MAR-2023 22:35","06-MAR-2023 22:34:04",2050,0,0,0,0,0,0,0,0,0,0,0
"06-MAR-2023 22:35","06-MAR-2023 22:34:04",2051,0,0,0,0,0,0,0,0,0,0,0
"06-MAR-2023 22:35","06-MAR-2023 22:34:04",2052,0,0,0,0,0,0,0,0,0,0,0
"06-MAR-2023 22:35","06-MAR-2023 22:34:04",2053,0,0,0,0,0,0,0,0,0,0,0
"06-MAR-2023 22:35","06-MAR-2023 22:34:04",2054,0,0,0,0,0,0,0,0,0,0,0
"06-MAR-2023 22:35","06-MAR-2023 22:34:04",2055,0,0,0,0,0,0,0,0,0,0,0
"06-MAR-2023 22:35","06-MAR-2023 22:34:04",2056,0,0,0,0,0,0,0,0,0,0,0
"06-MAR-2023 22:35","06-MAR-2023 22:34:04",2057,0,0,0,0,0,0,0,0,0,0,0
"06-MAR-2023 22:35","06-MAR-2023 22:34:04",2058,0,0,0,0,0,0,0,0,0,0,0
"06-MAR-2023 22:35","06-MAR-2023 22:34:04",2059,0,0,0,0,0,0,0,0,0,0,0
"06-MAR-2023 22:35","06-MAR-2023 22:34:04",206,0,1.072,246.535,0,0,1.0719,0,246.5355,-0.000500000000016598,1e-04,0
"06-MAR-2023 22:35","06-MAR-2023 22:34:04",2060,0,0,0,0,0,0,0,0,0,0,0
"06-MAR-2023 22:35","06-MAR-2023 22:34:04",2061,0,0,0,0,0,0,0,0,0,0,0
"06-MAR-2023 22:35","06-MAR-2023 22:34:04",2062,0,0,0,0,0,0,0,0,0,0,0
"06-MAR-2023 22:35","06-MAR-2023 22:34:04",2063,0,0,0,0,0,0,0,0,0,0,0
"06-MAR-2023 22:35","06-MAR-2023 22:34:04",2064,0,0,0,0,0,0,0,0,0,0,0
"06-MAR-2023 22:35","06-MAR-2023 22:34:04",2065,0,0,0,0,0,0,0,0,0,0,0
"06-MAR-2023 22:35","06-MAR-2023 22:34:04",2066,0,0,0,0,0,0,0,0,0,0,0
"06-MAR-2023 22:35","06-MAR-2023 22:34:04",2067,0,0,0,0,0,0,0,0,0,0,0
"06-MAR-2023 22:35","06-MAR-2023 22:34:04",2068,0,0,0,0,0,0,0,0,0,0,0
"06-MAR-2023 22:35","06-MAR-2023 22:34:04",2069,0,0,0,0,0,0,0,0,0,0,0
"06-MAR-2023 22:35","06-MAR-2023 22:34:04",207,38.795,0,253.217,0,0,0,38.7951,253.2165,0.000500000000016598,0,-1e-04
"06-MAR-2023 22:35","06-MAR-2023 22:34:04",2070,0,0,0,0,0,0,0,0,0,0,0
"06-MAR-2023 22:35","06-MAR-2023 22:34:04",2071,0,0,0,0,0,0,0,0,0,0,0
"06-MAR-2023 22:35","06-MAR-2023 22:34:04",2072,0,0,0,0,0,0,0,0,0,0,0
"06-MAR-2023 22:35","06-MAR-2023 22:34:04",2073,0,0,0,0,0,0,0,0,0,0,0
"06-MAR-2023 22:35","06-MAR-2023 22:34:04",2074,0,0,0,0,0,0,0,0,0,0,0
"06-MAR-2023 22:35","06-MAR-2023 22:34:04",2075,0,0,0,0,0,0,0,0,0,0,0
"06-MAR-2023 22:35","06-MAR-2023 22:34:04",2076,0,0,0,0,0,0,0,0,0,0,0
"06-MAR-2023 22:35","06-MAR-2023 22:34:04",2077,0,0,0,0,0,0,0,0,0,0,0
"06-MAR-2023 22:35","06-MAR-2023 22:34:04",2078,0,0,0,0,0,0,0,0,0,0,0
"06-MAR-2023 22:35","06-MAR-2023 22:34:04",2079,0,0,0,0,0,0,0,0,0,0,0
"06-MAR-2023 22:35","06-MAR-2023 22:34:04",208,35.205,0,253.217,0,0,0,35.2049,253.2165,0.000500000000016598,0,1e-04
"06-MAR-2023 22:35","06-MAR-2023 22:34:04",2080,0,0,0,0,0,0,0,0,0,0,0
"06-MAR-2023 22:35","06-MAR-2023 22:34:04",2081,0,0,0,0,0,0,0,0,0,0,0
"06-MAR-2023 22:35","06-MAR-2023 22:34:04",2082,0,0,0,0,0,0,0,0,0,0,0
"06-MAR-2023 22:35","06-MAR-2023 22:34:04",2083,0,0,0,0,0,0,0,0,0,0,0
"06-MAR-2023 22:35","06-MAR-2023 22:34:04",2084,0,0,0,0,0,0,0,0,0,0,0
"06-MAR-2023 22:35","06-MAR-2023 22:34:04",2085,0,0,0,0,0,0,0,0,0,0,0
"06-MAR-2023 22:35","06-MAR-2023 22:34:04",2086,0,0,0,0,0,0,0,0,0,0,0
"06-MAR-2023 22:35","06-MAR-2023 22:34:04",2087,0,0,0,0,0,0,0,0,0,0,0
"06-MAR-2023 22:35","06-MAR-2023 22:34:04",2088,0,0,0,0,0,0,0,0,0,0,0
"06-MAR-2023 22:35","06-MAR-2023 22:34:04",2089,0,0,0,0,0,0,0,0,0,0,0
"06-MAR-2023 22:35","06-MAR-2023 22:34:04",209,0,0,253.217,0,0,0,0,253.2165,0.000500000000016598,0,0
"06-MAR-2023 22:35","06-MAR-2023 22:34:04",2090,0,0,0,0,0,0,0,0,0,0,0
"06-MAR-2023 22:35","06-MAR-2023 22:34:04",2091,0,0,0,0,0,0,0,0,0,0,0
"06-MAR-2023 22:35","06-MAR-2023 22:34:04",2092,0,0,0,0,0,0,0,0,0,0,0
"06-MAR-2023 22:35","06-MAR-2023 22:34:04",2093,0,0,0,0,0,0,0,0,0,0,0
"06-MAR-2023 22:35","06-MAR-2023 22:34:04",2094,0,0,0,0,0,0,0,0,0,0,0
"06-MAR-2023 22:35","06-MAR-2023 22:34:04",2095,0,0,0,0,0,0,0,0,0,0,0
"06-MAR-2023 22:35","06-MAR-2023 22:34:04",2096,0,0,0,0,0,0,0,0,0,0,0
"06-MAR-2023 22:35","06-MAR-2023 22:34:04",2097,0,0,0,0,0,0,0,0,0,0,0
"06-MAR-2023 22:35","06-MAR-2023 22:34:04",2098,0,0,0,0,0,0,0,0,0,0,0
"06-MAR-2023 22:35","06-MAR-2023 22:34:04",2099,0,0,0,0,0,0,0,0,0,0,0
"06-MAR-2023 22:35","06-MAR-2023 22:34:04",21,0,0,265.05,0,0,0,0,265.0503,-0.000299999999981537,0,0
"06-MAR-2023 22:35","06-MAR-2023 22:34:04",210,13.5,0,252.452,0,0,0,13.5,252.4516,0.000399999999984857,0,0
"06-MAR-2023 22:35","06-MAR-2023 22:34:04",2100,0,0,0,0,0,0,0,0,0,0,0
"06-MAR-2023 22:35","06-MAR-2023 22:34:04",2101,0,0,0,0,0,0,0,0,0,0,0
"06-MAR-2023 22:35","06-MAR-2023 22:34:04",2102,0,0,0,0,0,0,0,0,0,0,0
"06-MAR-2023 22:35","06-MAR-2023 22:34:04",2103,0,0,0,0,0,0,0,0,0,0,0
"06-MAR-2023 22:35","06-MAR-2023 22:34:04",2104,0,0,0,0,0,0,0,0,0,0,0
"06-MAR-2023 22:35","06-MAR-2023 22:34:04",2105,0,0,0,0,0,0,0,0,0,0,0
"06-MAR-2023 22:35","06-MAR-2023 22:34:04",2106,0,0,0,0,0,0,0,0,0,0,0
"06-MAR-2023 22:35","06-MAR-2023 22:34:04",2107,0,0,0,0,0,0,0,0,0,0,0
"06-MAR-2023 22:35","06-MAR-2023 22:34:04",2108,0,0,0,0,0,0,0,0,0,0,0
"06-MAR-2023 22:35","06-MAR-2023 22:34:04",2109,0,0,0,0,0,0,0,0,0,0,0
"06-MAR-2023 22:35","06-MAR-2023 22:34:04",211,13.5,0,252.452,0,0,0,13.5,252.4516,0.000399999999984857,0,0
"06-MAR-2023 22:35","06-MAR-2023 22:34:04",2110,0,0,0,0,0,0,0,0,0,0,0
"06-MAR-2023 22:35","06-MAR-2023 22:34:04",2111,0,0,0,0,0,0,0,0,0,0,0
"06-MAR-2023 22:35","06-MAR-2023 22:34:04",2112,0,0,0,0,0,0,0,0,0,0,0
"06-MAR-2023 22:35","06-MAR-2023 22:34:04",2113,0,0,0,0,0,0,0,0,0,0,0
"06-MAR-2023 22:35","06-MAR-2023 22:34:04",2114,0,0,0,0,0,0,0,0,0,0,0
"06-MAR-2023 22:35","06-MAR-2023 22:34:04",2115,0,0,0,0,0,0,0,0,0,0,0
"06-MAR-2023 22:35","06-MAR-2023 22:34:04",2116,0,0,0,0,0,0,0,0,0,0,0
"06-MAR-2023 22:35","06-MAR-2023 22:34:04",2117,0,0,0,0,0,0,0,0,0,0,0
"06-MAR-2023 22:35","06-MAR-2023 22:34:04",2118,0,0,0,0,0,0,0,0,0,0,0
"06-MAR-2023 22:35","06-MAR-2023 22:34:04",2119,0,0,0,0,0,0,0,0,0,0,0
"06-MAR-2023 22:35","06-MAR-2023 22:34:04",212,13.5,0,252.452,0,0,0,13.5,252.4516,0.000399999999984857,0,0
"06-MAR-2023 22:35","06-MAR-2023 22:34:04",2120,0,0,0,0,0,0,0,0,0,0,0
"06-MAR-2023 22:35","06-MAR-2023 22:34:04",2121,0,0,0,0,0,0,0,0,0,0,0
"06-MAR-2023 22:35","06-MAR-2023 22:34:04",2122,0,0,0,0,0,0,0,0,0,0,0
"06-MAR-2023 22:35","06-MAR-2023 22:34:04",2123,0,0,0,0,0,0,0,0,0,0,0
"06-MAR-2023 22:35","06-MAR-2023 22:34:04",2124,0,0,0,0,0,0,0,0,0,0,0
"06-MAR-2023 22:35","06-MAR-2023 22:34:04",2125,0,0,0,0,0,0,0,0,0,0,0
"06-MAR-2023 22:35","06-MAR-2023 22:34:04",2126,0,0,0,0,0,0,0,0,0,0,0
"06-MAR-2023 22:35","06-MAR-2023 22:34:04",2127,0,0,0,0,0,0,0,0,0,0,0
"06-MAR-2023 22:35","06-MAR-2023 22:34:04",2128,0,0,0,0,0,0,0,0,0,0,0
"06-MAR-2023 22:35","06-MAR-2023 22:34:04",2129,0,0,0,0,0,0,0,0,0,0,0
"06-MAR-2023 22:35","06-MAR-2023 22:34:04",213,13.5,0,252.452,0,0,0,13.5,252.4516,0.000399999999984857,0,0
"06-MAR-2023 22:35","06-MAR-2023 22:34:04",2130,0,0,0,0,0,0,0,0,0,0,0
"06-MAR-2023 22:35","06-MAR-2023 22:34:04",2131,0,0,0,0,0,0,0,0,0,0,0
"06-MAR-2023 22:35","06-MAR-2023 22:34:04",2132,0,0,0,0,0,0,0,0,0,0,0
"06-MAR-2023 22:35","06-MAR-2023 22:34:04",2133,0,0,0,0,0,0,0,0,0,0,0
"06-MAR-2023 22:35","06-MAR-2023 22:34:04",2134,0,0,0,0,0,0,0,0,0,0,0
"06-MAR-2023 22:35","06-MAR-2023 22:34:04",2135,0,0,0,0,0,0,0,0,0,0,0
"06-MAR-2023 22:35","06-MAR-2023 22:34:04",2136,0,0,0,0,0,0,0,0,0,0,0
"06-MAR-2023 22:35","06-MAR-2023 22:34:04",2137,0,0,0,0,0,0,0,0,0,0,0
"06-MAR-2023 22:35","06-MAR-2023 22:34:04",2138,0,0,0,0,0,0,0,0,0,0,0
"06-MAR-2023 22:35","06-MAR-2023 22:34:04",2139,0,0,0,0,0,0,0,0,0,0,0
"06-MAR-2023 22:35","06-MAR-2023 22:34:04",214,13.5,0,252.452,0,0,0,13.5,252.4516,0.000399999999984857,0,0
"06-MAR-2023 22:35","06-MAR-2023 22:34:04",2140,0,0,0,0,0,0,0,0,0,0,0
"06-MAR-2023 22:35","06-MAR-2023 22:34:04",2141,0,0,0,0,0,0,0,0,0,0,0
"06-MAR-2023 22:35","06-MAR-2023 22:34:04",2142,0,0,0,0,0,0,0,0,0,0,0
"06-MAR-2023 22:35","06-MAR-2023 22:34:04",2143,0,0,0,0,0,0,0,0,0,0,0
"06-MAR-2023 22:35","06-MAR-2023 22:34:04",2144,0,0,0,0,0,0,0,0,0,0,0
"06-MAR-2023 22:35","06-MAR-2023 22:34:04",2145,0,0,0,0,0,0,0,0,0,0,0
"06-MAR-2023 22:35","06-MAR-2023 22:34:04",2146,0,0,0,0,0,0,0,0,0,0,0
"06-MAR-2023 22:35","06-MAR-2023 22:34:04",2147,0,0,0,0,0,0,0,0,0,0,0
"06-MAR-2023 22:35","06-MAR-2023 22:34:04",2148,0,0,0,0,0,0,0,0,0,0,0
"06-MAR-2023 22:35","06-MAR-2023 22:34:04",2149,0,0,0,0,0,0,0,0,0,0,0
"06-MAR-2023 22:35","06-MAR-2023 22:34:04",215,13.5,0,252.452,0,0,0,13.5,252.4516,0.000399999999984857,0,0
"06-MAR-2023 22:35","06-MAR-2023 22:34:04",2150,0,0,0,0,0,0,0,0,0,0,0
"06-MAR-2023 22:35","06-MAR-2023 22:34:04",2151,0,0,0,0,0,0,0,0,0,0,0
"06-MAR-2023 22:35","06-MAR-2023 22:34:04",2152,0,0,0,0,0,0,0,0,0,0,0
"06-MAR-2023 22:35","06-MAR-2023 22:34:04",2153,0,0,0,0,0,0,0,0,0,0,0
"06-MAR-2023 22:35","06-MAR-2023 22:34:04",2154,0,0,0,0,0,0,0,0,0,0,0
"06-MAR-2023 22:35","06-MAR-2023 22:34:04",2155,0,0,0,0,0,0,0,0,0,0,0
"06-MAR-2023 22:35","06-MAR-2023 22:34:04",2156,0,0,0,0,0,0,0,0,0,0,0
"06-MAR-2023 22:35","06-MAR-2023 22:34:04",2157,0,0,0,0,0,0,0,0,0,0,0
"06-MAR-2023 22:35","06-MAR-2023 22:34:04",2158,0,0,0,0,0,0,0,0,0,0,0
"06-MAR-2023 22:35","06-MAR-2023 22:34:04",216,13.5,0,252.452,0,0,0,13.5,252.4516,0.000399999999984857,0,0
"06-MAR-2023 22:35","06-MAR-2023 22:34:04",217,13.5,0,252.452,0,0,0,13.5,252.4516,0.000399999999984857,0,0
"06-MAR-2023 22:35","06-MAR-2023 22:34:04",218,13.5,0,252.452,0,0,0,13.5,252.4516,0.000399999999984857,0,0
"06-MAR-2023 22:35","06-MAR-2023 22:34:04",219,13.5,0,252.452,0,0,0,13.5,252.4516,0.000399999999984857,0,0
"06-MAR-2023 22:35","06-MAR-2023 22:34:04",22,0,0,264.499,0,0,0,0,264.4991,-9.99999999748979e-05,0,0
"06-MAR-2023 22:35","06-MAR-2023 22:34:04",220,0,0,252.452,0,0,0,0,252.4516,0.000399999999984857,0,0
"06-MAR-2023 22:35","06-MAR-2023 22:34:04",221,0,28.95,254.649,0,0,28.95,0,254.6494,-0.000400000000013279,0,0
"06-MAR-2023 22:35","06-MAR-2023 22:34:04",222,0,0,254.111,0,0,0,0,254.1115,-0.000500000000016598,0,0
"06-MAR-2023 22:35","06-MAR-2023 22:34:04",223,138,0,249.434,0,0,0,138,249.4339,0.00010000000000332,0,0
"06-MAR-2023 22:35","06-MAR-2023 22:34:04",224,0,0,249.434,0,0,0,0,249.4339,0.00010000000000332,0,0
"06-MAR-2023 22:35","06-MAR-2023 22:34:04",225,42.5,0,249.434,0,0,0,42.5,249.4339,0.00010000000000332,0,0
"06-MAR-2023 22:35","06-MAR-2023 22:34:04",226,42.5,0,249.434,0,0,0,42.5,249.4339,0.00010000000000332,0,0
"06-MAR-2023 22:35","06-MAR-2023 22:34:04",227,0,0,249.434,0,0,0,0,249.4339,0.00010000000000332,0,0
"06-MAR-2023 22:35","06-MAR-2023 22:34:04",228,17.25,0,249.786,0,0,0,17.25,249.7862,-0.000200000000006639,0,0
"06-MAR-2023 22:35","06-MAR-2023 22:34:04",229,17.25,0,249.786,0,0,0,17.25,249.7862,-0.000200000000006639,0,0
"06-MAR-2023 22:35","06-MAR-2023 22:34:04",23,0,16.27,267.653,0,0,16.2705,0,267.6533,-0.000299999999981537,-5e-04,0
"06-MAR-2023 22:35","06-MAR-2023 22:34:04",230,17.25,0,249.786,0,0,0,17.25,249.7862,-0.000200000000006639,0,0
"06-MAR-2023 22:35","06-MAR-2023 22:34:04",231,17.25,0,249.786,0,0,0,17.25,249.7862,-0.000200000000006639,0,0
"06-MAR-2023 22:35","06-MAR-2023 22:34:04",232,0,0,249.786,0,0,0,0,249.7862,-0.000200000000006639,0,0
"06-MAR-2023 22:35","06-MAR-2023 22:34:04",233,0,0,252.379,0,0,0,0,252.3787,0.000299999999981537,0,0
"06-MAR-2023 22:35","06-MAR-2023 22:34:04",234,0,0,249.826,0,0,0,0,249.826,0,0,0
"06-MAR-2023 22:35","06-MAR-2023 22:34:04",235,0,0,249.826,0,0,0,0,249.826,0,0,0
"06-MAR-2023 22:35","06-MAR-2023 22:34:04",236,0,0.12,249.826,0,0,0.1195,0,249.826,0,5e-04,0
"06-MAR-2023 22:35","06-MAR-2023 22:34:04",237,0,0.12,249.826,0,0,0.1195,0,249.826,0,5e-04,0
"06-MAR-2023 22:35","06-MAR-2023 22:34:04",238,16,0,249.826,0,0,0,16,249.826,0,0,0
"06-MAR-2023 22:35","06-MAR-2023 22:34:04",239,16,0,249.826,0,0,0,16,249.826,0,0,0
"06-MAR-2023 22:35","06-MAR-2023 22:34:04",24,0,0,267.927,0,0,0,0,267.8655,0.0615000000000236,0,0
"06-MAR-2023 22:35","06-MAR-2023 22:34:04",240,0,0,249.826,0,0,0,0,249.826,0,0,0
"06-MAR-2023 22:35","06-MAR-2023 22:34:04",241,0,0,249.826,0,0,0,0,249.826,0,0,0
"06-MAR-2023 22:35","06-MAR-2023 22:34:04",242,0,0,249.826,0,0,0,0,249.826,0,0,0
"06-MAR-2023 22:35","06-MAR-2023 22:34:04",243,4.42,0,247.135,0,0,0,4.4201,247.1349,0.00010000000000332,0,-1e-04
"06-MAR-2023 22:35","06-MAR-2023 22:34:04",244,3.073,0,247.135,0,0,0,3.0728,247.1349,0.00010000000000332,0,2e-04
"06-MAR-2023 22:35","06-MAR-2023 22:34:04",245,1.891,0,247.135,0,0,0,1.891,247.1349,0.00010000000000332,0,0
"06-MAR-2023 22:35","06-MAR-2023 22:34:04",246,5.616,0,247.135,0,0,0,5.6161,247.1349,0.00010000000000332,0,-1e-04
"06-MAR-2023 22:35","06-MAR-2023 22:34:04",247,0,5.044,252.848,0,0,5.0436,0,252.8478,0.000200000000006639,4e-04,0
"06-MAR-2023 22:35","06-MAR-2023 22:34:04",248,0,0,252.694,0,0,0,0,252.6937,0.000299999999981537,0,0
"06-MAR-2023 22:35","06-MAR-2023 22:34:04",249,34,0,250.576,0,0,0,34,250.5764,-0.000400000000013279,0,0
"06-MAR-2023 22:35","06-MAR-2023 22:34:04",25,0,0,267.896,0,0,0,0,267.844,0.0520000000000209,0,0
"06-MAR-2023 22:35","06-MAR-2023 22:34:04",250,0,0,250.576,0,0,0,0,250.5764,-0.000400000000013279,0,0
"06-MAR-2023 22:35","06-MAR-2023 22:34:04",251,0,0,249.434,0,0,0,0,249.4339,0.00010000000000332,0,0
"06-MAR-2023 22:35","06-MAR-2023 22:34:04",252,0,0,249.688,0,0,0,0,249.6877,0.000299999999981537,0,0
"06-MAR-2023 22:35","06-MAR-2023 22:34:04",253,0,10.087,252.261,0,0,10.0871,0,252.2613,-0.000300000000009959,-1e-04,0
"06-MAR-2023 22:35","06-MAR-2023 22:34:04",254,0,21.687,252.458,0,0,21.6873,0,252.4576,0.000399999999984857,-3e-04,0
"06-MAR-2023 22:35","06-MAR-2023 22:34:04",255,0,0,252.765,0,0,0,0,252.7646,0.000399999999984857,0,0
"06-MAR-2023 22:35","06-MAR-2023 22:34:04",256,25,0,249.688,0,0,0,25,249.6877,0.000299999999981537,0,0
"06-MAR-2023 22:35","06-MAR-2023 22:34:04",257,0,0,249.688,0,0,0,0,249.6877,0.000299999999981537,0,0
"06-MAR-2023 22:35","06-MAR-2023 22:34:04",258,23,0.768,246.74,0,0,0.7677,23,246.7397,0.000300000000009959,3e-04,0
"06-MAR-2023 22:35","06-MAR-2023 22:34:04",259,0,10.188,253.143,0,0,10.188,0,253.143,0,0,0
"06-MAR-2023 22:35","06-MAR-2023 22:34:04",26,0,0,267.844,0,0,0,0,267.844,0,0,0
"06-MAR-2023 22:35","06-MAR-2023 22:34:04",260,0,39.945,253.094,0,0,39.9449,0,253.0937,0.000299999999981537,1e-04,0
"06-MAR-2023 22:35","06-MAR-2023 22:34:04",261,0,0,252.961,0,0,0,0,252.9614,-0.000399999999984857,0,0
"06-MAR-2023 22:35","06-MAR-2023 22:34:04",262,78,0,250.594,0,0,0,78,250.5939,0.00010000000000332,0,0
"06-MAR-2023 22:35","06-MAR-2023 22:34:04",263,82,0,250.594,0,0,0,82,250.5939,0.00010000000000332,0,0
"06-MAR-2023 22:35","06-MAR-2023 22:34:04",264,0,0,250.594,0,0,0,0,250.5939,0.00010000000000332,0,0
"06-MAR-2023 22:35","06-MAR-2023 22:34:04",265,0,16.745,254.449,0,0,16.7446,0,254.4493,-0.000299999999981537,4e-04,0
"06-MAR-2023 22:35","06-MAR-2023 22:34:04",266,0,0,253.705,0,0,0,0,253.7047,0.000300000000009959,0,0
"06-MAR-2023 22:35","06-MAR-2023 22:34:04",267,0,3.45,251.899,0,0,3.4498,0,251.8987,0.000300000000009959,2e-04,0
"06-MAR-2023 22:35","06-MAR-2023 22:34:04",27,0,0,267.866,0,0,0,0,267.8655,0.000499999999988177,0,0
"06-MAR-2023 22:35","06-MAR-2023 22:34:04",270,0,0,251.232,0,0,0,0,251.232,0,0,0
"06-MAR-2023 22:35","06-MAR-2023 22:34:04",271,0,0,251.232,0,0,0,0,251.232,0,0,0
"06-MAR-2023 22:35","06-MAR-2023 22:34:04",272,0,0,251.268,0,0,0,0,251.2676,0.000400000000013279,0,0
"06-MAR-2023 22:35","06-MAR-2023 22:34:04",273,0,0,250.915,0,0,0,0,250.915,0,0,0
"06-MAR-2023 22:35","06-MAR-2023 22:34:04",274,0,4.337,250.369,0,0,4.3375,0,250.369,0,-5e-04,0
"06-MAR-2023 22:35","06-MAR-2023 22:34:04",275,0,0.605,250.571,0,0,0.6052,0,250.5713,-0.000300000000009959,-2e-04,0
"06-MAR-2023 22:35","06-MAR-2023 22:34:04",276,0,0,249.399,0,0,0,0,249.3987,0.000300000000009959,0,0
"06-MAR-2023 22:35","06-MAR-2023 22:34:04",277,21.5,0,251.015,0,0,0,21.5,251.0154,-0.000400000000013279,0,0
"06-MAR-2023 22:35","06-MAR-2023 22:34:04",278,21,0,253.217,0,0,0,21,253.2165,0.000500000000016598,0,0
"06-MAR-2023 22:35","06-MAR-2023 22:34:04",279,21,0,253.217,0,0,0,21,253.2165,0.000500000000016598,0,0
"06-MAR-2023 22:35","06-MAR-2023 22:34:04",28,0,0,267.838,0,0,0,0,267.8384,-0.000399999999956435,0,0
"06-MAR-2023 22:35","06-MAR-2023 22:34:04",280,21,0,253.217,0,0,0,21,253.2165,0.000500000000016598,0,0
"06-MAR-2023 22:35","06-MAR-2023 22:34:04",281,21,0,253.217,0,0,0,21,253.2165,0.000500000000016598,0,0
"06-MAR-2023 22:35","06-MAR-2023 22:34:04",282,0,3.934,253.217,0,0,3.934,0,253.2165,0.000500000000016598,0,0
"06-MAR-2023 22:35","06-MAR-2023 22:34:04",283,0,0,253.217,0,0,0,0,253.2165,0.000500000000016598,0,0
"06-MAR-2023 22:35","06-MAR-2023 22:34:04",284,0,0,253.217,0,0,0,0,253.2165,0.000500000000016598,0,0
"06-MAR-2023 22:35","06-MAR-2023 22:34:04",285,0,0,253.217,0,0,0,0,253.2165,0.000500000000016598,0,0
"06-MAR-2023 22:35","06-MAR-2023 22:34:04",286,0,0,253.251,0,0,0,0,253.2507,0.000300000000009959,0,0
"06-MAR-2023 22:35","06-MAR-2023 22:34:04",287,33,0,252.213,0,0,0,33,252.2129,0.00010000000000332,0,0
"06-MAR-2023 22:35","06-MAR-2023 22:34:04",288,0,0,252.213,0,0,0,0,252.2129,0.00010000000000332,0,0
"06-MAR-2023 22:35","06-MAR-2023 22:34:04",289,36.451,0,250.422,0,0,0,36.4512,250.422,0,0,-2e-04
"06-MAR-2023 22:35","06-MAR-2023 22:34:04",29,0,0,266.905,0,0,0,0,266.9049,9.99999999748979e-05,0,0
"06-MAR-2023 22:35","06-MAR-2023 22:34:04",290,18.226,0,250.422,0,0,0,18.2256,250.422,0,0,4e-04
"06-MAR-2023 22:35","06-MAR-2023 22:34:04",291,20.36,0,250.422,0,0,0,20.3601,250.422,0,0,-1e-04
"06-MAR-2023 22:35","06-MAR-2023 22:34:04",292,22.659,0,250.422,0,0,0,22.6588,250.422,0,0,2e-04
"06-MAR-2023 22:35","06-MAR-2023 22:34:04",293,9.304,0,250.422,0,0,0,9.3043,250.422,0,0,-3e-04
"06-MAR-2023 22:35","06-MAR-2023 22:34:04",294,0,22.595,249.688,0,0,22.5951,0,249.6877,0.000299999999981537,-1e-04,0
"06-MAR-2023 22:35","06-MAR-2023 22:34:04",295,0,0,250.422,0,0,0,0,250.422,0,0,0
"06-MAR-2023 22:35","06-MAR-2023 22:34:04",296,0,0,250.422,0,0,0,0,250.422,0,0,0
"06-MAR-2023 22:35","06-MAR-2023 22:34:04",297,0,34.801,252.5,0,0,34.8005,0,252.4998,0.000200000000006639,5e-04,0
"06-MAR-2023 22:35","06-MAR-2023 22:34:04",298,0,0,252.047,0,0,0,0,252.0471,-0.00010000000000332,0,0
"06-MAR-2023 22:35","06-MAR-2023 22:34:04",299,0,0,251.99,0,0,0,0,251.9896,0.000400000000013279,0,0
"06-MAR-2023 22:35","06-MAR-2023 22:34:04",30,0,66.777,269.534,0,0,66.7766,0,269.5345,-0.000499999999988177,4e-04,0
"06-MAR-2023 22:35","06-MAR-2023 22:34:04",300,0,0,251.85,0,0,0,0,251.8501,-0.00010000000000332,0,0
"06-MAR-2023 22:35","06-MAR-2023 22:34:04",301,0,0,251.969,0,0,0,0,251.9695,-0.000500000000016598,0,0
"06-MAR-2023 22:35","06-MAR-2023 22:34:04",302,18,0,240.262,0,0,0,18,240.2619,0.00010000000000332,0,0
"06-MAR-2023 22:35","06-MAR-2023 22:34:04",303,18,0,240.262,0,0,0,18,240.2619,0.00010000000000332,0,0
"06-MAR-2023 22:35","06-MAR-2023 22:34:04",304,0,0,240.262,0,0,0,0,240.2619,0.00010000000000332,0,0
"06-MAR-2023 22:35","06-MAR-2023 22:34:04",305,0,0,240.262,0,0,0,0,240.2619,0.00010000000000332,0,0
"06-MAR-2023 22:35","06-MAR-2023 22:34:04",306,14.667,0,240.262,0,0,0,14.6667,240.2619,0.00010000000000332,0,3e-04
"06-MAR-2023 22:35","06-MAR-2023 22:34:04",307,14.667,0,240.262,0,0,0,14.6667,240.2619,0.00010000000000332,0,3e-04
"06-MAR-2023 22:35","06-MAR-2023 22:34:04",308,14.667,0,240.262,0,0,0,14.6667,240.2619,0.00010000000000332,0,3e-04
"06-MAR-2023 22:35","06-MAR-2023 22:34:04",309,0,28.95,240.262,0,0,28.95,0,240.2619,0.00010000000000332,0,0
"06-MAR-2023 22:35","06-MAR-2023 22:34:04",31,0,9.684,271.375,0,0,9.6836,0,271.375,0,4e-04,0
"06-MAR-2023 22:35","06-MAR-2023 22:34:04",310,0,3.651,251.818,0,0,3.6513,0,251.8177,0.000300000000009959,-3e-04,0
"06-MAR-2023 22:35","06-MAR-2023 22:34:04",311,0,0,251.822,0,0,0,0,251.8217,0.000300000000009959,0,0
"06-MAR-2023 22:35","06-MAR-2023 22:34:04",312,0,0,251.802,0,0,0,0,251.8022,-0.000200000000006639,0,0
"06-MAR-2023 22:35","06-MAR-2023 22:34:04",313,0,0,251.709,0,0,0,0,251.7094,-0.000399999999984857,0,0
"06-MAR-2023 22:35","06-MAR-2023 22:34:04",314,0,0,251.709,0,0,0,0,251.7094,-0.000399999999984857,0,0
"06-MAR-2023 22:35","06-MAR-2023 22:34:04",315,0,0,251.709,0,0,0,0,251.7094,-0.000399999999984857,0,0
"06-MAR-2023 22:35","06-MAR-2023 22:34:04",316,0,0,251.709,0,0,0,0,251.7094,-0.000399999999984857,0,0
"06-MAR-2023 22:35","06-MAR-2023 22:34:04",317,0,64.658,252.793,0,0,64.6583,0,252.7925,0.000500000000016598,-3e-04,0
"06-MAR-2023 22:35","06-MAR-2023 22:34:04",318,0,0,252.089,0,0,0,0,252.0892,-0.000200000000006639,0,0
"06-MAR-2023 22:35","06-MAR-2023 22:34:04",319,0,0,256.89,0,0,0,0,256.8904,-0.000400000000013279,0,0
"06-MAR-2023 22:35","06-MAR-2023 22:34:04",32,0,0,270.304,0,0,0,0,270.304,0,0,0
"06-MAR-2023 22:35","06-MAR-2023 22:34:04",320,24.6,0.146,255.615,0,0,0.1463,24.6,255.6146,0.000400000000013279,-3e-04,0
"06-MAR-2023 22:35","06-MAR-2023 22:34:04",321,24.6,0.146,255.615,0,0,0.1463,24.6,255.6146,0.000400000000013279,-3e-04,0
"06-MAR-2023 22:35","06-MAR-2023 22:34:04",322,0,0,255.615,0,0,0,0,255.6146,0.000400000000013279,0,0
"06-MAR-2023 22:35","06-MAR-2023 22:34:04",323,0,0,255.699,0,0,0,0,255.6991,-9.99999999748979e-05,0,0
"06-MAR-2023 22:35","06-MAR-2023 22:34:04",324,0,0,254.662,0,0,0,0,254.6619,0.00010000000000332,0,0
"06-MAR-2023 22:35","06-MAR-2023 22:34:04",325,0,11.6,259.58,0,0,11.6002,0,259.5797,0.000299999999981537,-2e-04,0
"06-MAR-2023 22:35","06-MAR-2023 22:34:04",326,0,0,259.07,0,0,0,0,259.07,0,0,0
"06-MAR-2023 22:35","06-MAR-2023 22:34:04",327,0,27.941,257.135,0,0,27.9413,0,257.1355,-0.000499999999988177,-3e-04,0
"06-MAR-2023 22:35","06-MAR-2023 22:34:04",33,0,0,270.3,0,0,0,0,270.3001,-9.99999999748979e-05,0,0
"06-MAR-2023 22:35","06-MAR-2023 22:34:04",330,0,0,257.02,0,0,0,0,257.0199,9.99999999748979e-05,0,0
"06-MAR-2023 22:35","06-MAR-2023 22:34:04",331,0,11.499,256.875,0,0,11.4993,0,256.8747,0.000299999999981537,-3e-04,0
"06-MAR-2023 22:35","06-MAR-2023 22:34:04",332,0,0,256.771,0,0,0,0,256.771,0,0,0
"06-MAR-2023 22:35","06-MAR-2023 22:34:04",333,0,16.543,259.167,0,0,16.5429,0,259.1674,-0.000400000000013279,1e-04,0
"06-MAR-2023 22:35","06-MAR-2023 22:34:04",334,0,0,258.564,0,0,0,0,258.564,0,0,0
"06-MAR-2023 22:35","06-MAR-2023 22:34:04",335,6,0,256.89,0,0,0,6,256.8904,-0.000400000000013279,0,0
"06-MAR-2023 22:35","06-MAR-2023 22:34:04",336,0,0,256.89,0,0,0,0,256.8904,-0.000400000000013279,0,0
"06-MAR-2023 22:35","06-MAR-2023 22:34:04",337,22.95,0,253.016,0,0,0,22.95,253.016,0,0,0
"06-MAR-2023 22:35","06-MAR-2023 22:34:04",338,22.95,0,253.016,0,0,0,22.95,253.016,0,0,0
"06-MAR-2023 22:35","06-MAR-2023 22:34:04",339,0,0,253.016,0,0,0,0,253.016,0,0,0
"06-MAR-2023 22:35","06-MAR-2023 22:34:04",34,0,0,267.653,0,0,0,0,267.6533,-0.000299999999981537,0,0
"06-MAR-2023 22:35","06-MAR-2023 22:34:04",340,0,2.865,255.761,0,0,2.8647,0,255.7607,0.000299999999981537,3e-04,0
"06-MAR-2023 22:35","06-MAR-2023 22:34:04",341,0,6.718,256.498,0,0,6.7181,0,256.4983,-0.000299999999981537,-1e-04,0
"06-MAR-2023 22:35","06-MAR-2023 22:34:04",342,0,0,255.549,0,0,0,0,255.5494,-0.000399999999984857,0,0
"06-MAR-2023 22:35","06-MAR-2023 22:34:04",343,0,4.508,258.442,0,0,4.5079,0,258.4419,0.000100000000031741,1e-04,0
"06-MAR-2023 22:35","06-MAR-2023 22:34:04",344,0,0,257.68,0,0,0,0,257.6804,-0.000400000000013279,0,0
"06-MAR-2023 22:35","06-MAR-2023 22:34:04",345,18,0,258.564,0,0,0,18,258.564,0,0,0
"06-MAR-2023 22:35","06-MAR-2023 22:34:04",346,0,0,258.564,0,0,0,0,258.564,0,0,0
"06-MAR-2023 22:35","06-MAR-2023 22:34:04",349,0,0,257.484,0,0,0,0,257.4845,-0.00050000000004502,0,0
"06-MAR-2023 22:35","06-MAR-2023 22:34:04",35,30,0,267.653,0,0,0,30,267.6533,-0.000299999999981537,0,0
"06-MAR-2023 22:35","06-MAR-2023 22:34:04",350,0,0,257.484,0,0,0,0,257.4845,-0.00050000000004502,0,0
"06-MAR-2023 22:35","06-MAR-2023 22:34:04",351,0,13.113,257.576,0,0,13.1132,0,257.5764,-0.000399999999956435,-2e-04,0
"06-MAR-2023 22:35","06-MAR-2023 22:34:04",352,0,0,257.485,0,0,0,0,257.485,0,0,0
"06-MAR-2023 22:35","06-MAR-2023 22:34:04",353,0,0,257.49,0,0,0,0,257.4896,0.000400000000013279,0,0
"06-MAR-2023 22:35","06-MAR-2023 22:34:04",354,0,0,257.45,0,0,0,0,257.4496,0.000400000000013279,0,0
"06-MAR-2023 22:35","06-MAR-2023 22:34:04",355,0,1.614,257.484,0,0,1.6139,0,257.4845,-0.00050000000004502,1e-04,0
"06-MAR-2023 22:35","06-MAR-2023 22:34:04",356,0,0,257.484,0,0,0,0,257.4845,-0.00050000000004502,0,0
"06-MAR-2023 22:35","06-MAR-2023 22:34:04",357,0,0,257.484,0,0,0,0,257.4845,-0.00050000000004502,0,0
"06-MAR-2023 22:35","06-MAR-2023 22:34:04",358,5.349,0,258.564,0,0,0,5.3488,258.564,0,0,2e-04
"06-MAR-2023 22:35","06-MAR-2023 22:34:04",359,0,0,258.564,0,0,0,0,258.564,0,0,0
"06-MAR-2023 22:35","06-MAR-2023 22:34:04",36,0,0,267.653,0,0,0,0,267.6533,-0.000299999999981537,0,0
"06-MAR-2023 22:35","06-MAR-2023 22:34:04",360,7.641,0,258.564,0,0,0,7.6412,258.564,0,0,-2e-04
"06-MAR-2023 22:35","06-MAR-2023 22:34:04",361,0,0,258.564,0,0,0,0,258.564,0,0,0
"06-MAR-2023 22:35","06-MAR-2023 22:34:04",362,0,2.522,260.862,0,0,2.5218,0,260.8622,-0.000199999999949796,2e-04,0
"06-MAR-2023 22:35","06-MAR-2023 22:34:04",363,0,0,260.057,0,0,0,0,260.0571,-9.99999999748979e-05,0,0
"06-MAR-2023 22:35","06-MAR-2023 22:34:04",364,0,0,260.057,0,0,0,0,260.0571,-9.99999999748979e-05,0,0
"06-MAR-2023 22:35","06-MAR-2023 22:34:04",365,11.98,0,260.057,0,0,0,11.98,260.0571,-9.99999999748979e-05,0,0
"06-MAR-2023 22:35","06-MAR-2023 22:34:04",368,0,43.213,261.347,0,0,43.2132,0,261.347,0,-2e-04,0
"06-MAR-2023 22:35","06-MAR-2023 22:34:04",369,0,0,260.7,0,0,0,0,260.7001,-0.000100000000031741,0,0
"06-MAR-2023 22:35","06-MAR-2023 22:34:04",37,0,0,267.653,0,0,0,0,267.6533,-0.000299999999981537,0,0
"06-MAR-2023 22:35","06-MAR-2023 22:34:04",370,0,0,260.723,0,0,0,0,260.7234,-0.000400000000013279,0,0
"06-MAR-2023 22:35","06-MAR-2023 22:34:04",371,0,0,260.268,0,0,0,0,260.2681,-0.000100000000031741,0,0
"06-MAR-2023 22:35","06-MAR-2023 22:34:04",372,0,0,260.268,0,0,0,0,260.2679,9.99999999748979e-05,0,0
"06-MAR-2023 22:35","06-MAR-2023 22:34:04",373,0,0,260.324,0,0,0,0,260.3238,0.000200000000006639,0,0
"06-MAR-2023 22:35","06-MAR-2023 22:34:04",374,0,0,260.503,0,0,0,0,260.5032,-0.000200000000006639,0,0
"06-MAR-2023 22:35","06-MAR-2023 22:34:04",375,0,0,263.601,0,0,0,0,263.6008,0.000200000000006639,0,0
"06-MAR-2023 22:35","06-MAR-2023 22:34:04",376,0,6.557,265.207,0,0,6.5566,0,265.2072,-0.000200000000006639,4e-04,0
"06-MAR-2023 22:35","06-MAR-2023 22:34:04",377,0,0,265.946,0,0,0,0,265.9459,0.000100000000031741,0,0
"06-MAR-2023 22:35","06-MAR-2023 22:34:04",378,0,0,264.001,0,0,0,0,264.0005,0.000499999999988177,0,0
"06-MAR-2023 22:35","06-MAR-2023 22:34:04",379,0,0,260.678,0,0,0,0,260.6778,0.000200000000006639,0,0
"06-MAR-2023 22:35","06-MAR-2023 22:34:04",38,0,39.844,264.923,0,0,39.8441,0,264.9234,-0.000400000000013279,-1e-04,0
"06-MAR-2023 22:35","06-MAR-2023 22:34:04",380,0,24.502,261.01,0,0,24.5016,0,261.0104,-0.000400000000013279,4e-04,0
"06-MAR-2023 22:35","06-MAR-2023 22:34:04",381,0,0,260.809,0,0,0,0,260.8089,0.000100000000031741,0,0
"06-MAR-2023 22:35","06-MAR-2023 22:34:04",382,0,0,260.825,0,0,0,0,260.8246,0.000400000000013279,0,0
"06-MAR-2023 22:35","06-MAR-2023 22:34:04",383,26,0,258.73,0,0,0,26,258.7295,0.00050000000004502,0,0
"06-MAR-2023 22:35","06-MAR-2023 22:34:04",384,0,17.568,258.73,0,0,17.5677,0,258.7295,0.00050000000004502,3e-04,0
"06-MAR-2023 22:35","06-MAR-2023 22:34:04",385,0,0,258.869,0,0,0,0,258.8694,-0.000399999999956435,0,0
"06-MAR-2023 22:35","06-MAR-2023 22:34:04",386,0,0,258.869,0,0,0,0,258.8693,-0.000299999999981537,0,0
"06-MAR-2023 22:35","06-MAR-2023 22:34:04",387,0,10.289,261.77,0,0,10.2888,0,261.7699,9.99999999748979e-05,2e-04,0
"06-MAR-2023 22:35","06-MAR-2023 22:34:04",388,0,0,261.247,0,0,0,0,261.2468,0.000200000000006639,0,0
"06-MAR-2023 22:35","06-MAR-2023 22:34:04",389,0,0,261.267,0,0,0,0,261.267,0,0,0
"06-MAR-2023 22:35","06-MAR-2023 22:34:04",39,0,0,264.552,0,0,0,0,264.5516,0.000400000000013279,0,0
"06-MAR-2023 22:35","06-MAR-2023 22:34:04",390,0,3.43,261.971,0,0,3.4296,0,261.9708,0.000200000000006639,4e-04,0
"06-MAR-2023 22:35","06-MAR-2023 22:34:04",391,0,0,261.869,0,0,0,0,261.8687,0.000300000000038381,0,0
"06-MAR-2023 22:35","06-MAR-2023 22:34:04",392,0,0.807,264.114,0,0,0.807,0,264.1141,-0.000100000000031741,0,0
"06-MAR-2023 22:35","06-MAR-2023 22:34:04",393,0,0,263.984,0,0,0,0,263.9839,9.99999999748979e-05,0,0
"06-MAR-2023 22:35","06-MAR-2023 22:34:04",394,0,2.32,262.992,0,0,2.32,0,262.9919,0.000100000000031741,0,0
"06-MAR-2023 22:35","06-MAR-2023 22:34:04",395,0,0,262.862,0,0,0,0,262.8624,-0.000399999999956435,0,0
"06-MAR-2023 22:35","06-MAR-2023 22:34:04",396,0,0,254.302,0,0,0,0,254.3021,-0.00010000000000332,0,0
"06-MAR-2023 22:35","06-MAR-2023 22:34:04",397,0,0,254.302,0,0,0,0,254.3021,-0.00010000000000332,0,0
"06-MAR-2023 22:35","06-MAR-2023 22:34:04",398,0,0,254.302,0,0,0,0,254.3021,-0.00010000000000332,0,0
"06-MAR-2023 22:35","06-MAR-2023 22:34:04",399,16.15,0,262.886,0,0,0,16.15,262.8859,0.000100000000031741,0,0
"06-MAR-2023 22:35","06-MAR-2023 22:34:04",40,0,0,264.583,0,0,0,0,264.5831,-9.99999999748979e-05,0,0
"06-MAR-2023 22:35","06-MAR-2023 22:34:04",400,0,0,262.886,0,0,0,0,262.8859,0.000100000000031741,0,0
"06-MAR-2023 22:35","06-MAR-2023 22:34:04",401,0,0,258.098,0,0,0,0,258.0984,-0.000400000000013279,0,0
"06-MAR-2023 22:35","06-MAR-2023 22:34:04",402,0,0,258.098,0,0,0,0,258.0984,-0.000400000000013279,0,0
"06-MAR-2023 22:35","06-MAR-2023 22:34:04",403,0,0,258.098,0,0,0,0,258.0984,-0.000400000000013279,0,0
"06-MAR-2023 22:35","06-MAR-2023 22:34:04",404,0,0,258.098,0,0,0,0,258.0984,-0.000400000000013279,0,0
"06-MAR-2023 22:35","06-MAR-2023 22:34:04",405,0,2.118,258.289,0,0,2.1183,0,258.2891,-0.000100000000031741,-3e-04,0
"06-MAR-2023 22:35","06-MAR-2023 22:34:04",406,0,0,258.098,0,0,0,0,258.0984,-0.000400000000013279,0,0
"06-MAR-2023 22:35","06-MAR-2023 22:34:04",407,0,0,258.809,0,0,0,0,258.8092,-0.000199999999949796,0,0
"06-MAR-2023 22:35","06-MAR-2023 22:34:04",408,0,0,258.781,0,0,0,0,258.7815,-0.000499999999988177,0,0
"06-MAR-2023 22:35","06-MAR-2023 22:34:04",409,0,0,258.586,0,0,0,0,258.586,0,0,0
"06-MAR-2023 22:35","06-MAR-2023 22:34:04",41,0,0,263.571,0,0,0,0,263.5714,-0.000399999999956435,0,0
"06-MAR-2023 22:35","06-MAR-2023 22:34:04",410,0,26.4,257.57,0,0,26.4,0,257.57,0,0,0
"06-MAR-2023 22:35","06-MAR-2023 22:34:04",411,0,0,256.551,0,0,0,0,256.5508,0.000200000000006639,0,0
"06-MAR-2023 22:35","06-MAR-2023 22:34:04",412,0,0,256.51,0,0,0,0,256.5096,0.000400000000013279,0,0
"06-MAR-2023 22:35","06-MAR-2023 22:34:04",413,0,0,256.35,0,0,0,0,256.3502,-0.000199999999949796,0,0
"06-MAR-2023 22:35","06-MAR-2023 22:34:04",414,3.03,0,260.607,0,0,0,3.03,260.607,0,0,0
"06-MAR-2023 22:35","06-MAR-2023 22:34:04",415,0,0,260.809,0,0,0,0,260.8089,0.000100000000031741,0,0
"06-MAR-2023 22:35","06-MAR-2023 22:34:04",416,0,0,260.809,0,0,0,0,260.8089,0.000100000000031741,0,0
"06-MAR-2023 22:35","06-MAR-2023 22:34:04",417,22.8,0,260.607,0,0,0,22.8,260.607,0,0,0
"06-MAR-2023 22:35","06-MAR-2023 22:34:04",418,0,0,260.607,0,0,0,0,260.607,0,0,0
"06-MAR-2023 22:35","06-MAR-2023 22:34:04",419,4.49,0,261.01,0,0,0,4.49,261.0104,-0.000400000000013279,0,0
"06-MAR-2023 22:35","06-MAR-2023 22:34:04",42,0,2.219,263.741,0,0,2.2192,0,263.7406,0.000400000000013279,-2e-04,0
"06-MAR-2023 22:35","06-MAR-2023 22:34:04",420,2.64,0,261.347,0,0,0,2.64,261.347,0,0,0
"06-MAR-2023 22:35","06-MAR-2023 22:34:04",421,0,1.21,262.972,0,0,1.2105,0,262.9719,9.99999999748979e-05,-5e-04,0
"06-MAR-2023 22:35","06-MAR-2023 22:34:04",422,0,0,262.886,0,0,0,0,262.8859,0.000100000000031741,0,0
"06-MAR-2023 22:35","06-MAR-2023 22:34:04",423,0,17.249,262.764,0,0,17.2489,0,262.7638,0.000200000000006639,1e-04,0
"06-MAR-2023 22:35","06-MAR-2023 22:34:04",424,0,0,262.078,0,0,0,0,262.0782,-0.000200000000006639,0,0
"06-MAR-2023 22:35","06-MAR-2023 22:34:04",425,0,1.874,267.998,0,0,1.874,0,267.9984,-0.000400000000013279,0,0
"06-MAR-2023 22:35","06-MAR-2023 22:34:04",426,0,9.625,267.373,0,0,9.6253,0,267.3731,-0.000100000000031741,-3e-04,0
"06-MAR-2023 22:35","06-MAR-2023 22:34:04",427,0,0,267.221,0,0,0,0,267.2207,0.000299999999981537,0,0
"06-MAR-2023 22:35","06-MAR-2023 22:34:04",428,0,0,265.845,0,0,0,0,265.8447,0.000300000000038381,0,0
"06-MAR-2023 22:35","06-MAR-2023 22:34:04",429,0,4.395,265.854,0,0,4.395,0,265.854,0,0,0
"06-MAR-2023 22:35","06-MAR-2023 22:34:04",43,0,0.11,263.571,0,0,0.1099,0,263.5714,-0.000399999999956435,1e-04,0
"06-MAR-2023 22:35","06-MAR-2023 22:34:04",430,0,4.395,265.844,0,0,4.395,0,265.8444,-0.000400000000013279,0,0
"06-MAR-2023 22:35","06-MAR-2023 22:34:04",431,0,65.264,264.711,0,0,65.2636,0,264.7108,0.000200000000006639,4e-04,0
"06-MAR-2023 22:35","06-MAR-2023 22:34:04",432,0,0,263.642,0,0,0,0,263.6417,0.000299999999981537,0,0
"06-MAR-2023 22:35","06-MAR-2023 22:34:04",433,0,0,263.639,0,0,0,0,263.6394,-0.000400000000013279,0,0
"06-MAR-2023 22:35","06-MAR-2023 22:34:04",434,0,0,264.187,0,0,0,0,264.1869,0.000100000000031741,0,0
"06-MAR-2023 22:35","06-MAR-2023 22:34:04",435,0,0,262.413,0,0,0,0,262.4128,0.000200000000006639,0,0
"06-MAR-2023 22:35","06-MAR-2023 22:34:04",436,0,0,262.403,0,0,0,0,262.4032,-0.000200000000006639,0,0
"06-MAR-2023 22:35","06-MAR-2023 22:34:04",437,0,28.446,263.616,0,0,28.4456,0,263.6156,0.000400000000013279,4e-04,0
"06-MAR-2023 22:35","06-MAR-2023 22:34:04",438,0,0,262.736,0,0,0,0,262.7362,-0.000200000000006639,0,0
"06-MAR-2023 22:35","06-MAR-2023 22:34:04",439,0,0,263.058,0,0,0,0,263.0579,9.99999999748979e-05,0,0
"06-MAR-2023 22:35","06-MAR-2023 22:34:04",44,0,17.451,271.685,0,0,17.4507,0,271.6846,0.000400000000013279,3e-04,0
"06-MAR-2023 22:35","06-MAR-2023 22:34:04",440,0,6.657,265.327,0,0,6.6575,0,265.3273,-0.000299999999981537,-5e-04,0
"06-MAR-2023 22:35","06-MAR-2023 22:34:04",441,0,0,263.891,0,0,0,0,263.8912,-0.000200000000006639,0,0
"06-MAR-2023 22:35","06-MAR-2023 22:34:04",442,0,0,263.89,0,0,0,0,263.8905,-0.000499999999988177,0,0
"06-MAR-2023 22:35","06-MAR-2023 22:34:04",443,0,0,262.317,0,0,0,0,262.3175,-0.000499999999988177,0,0
"06-MAR-2023 22:35","06-MAR-2023 22:34:04",444,0,6.96,262.81,0,0,6.9601,0,262.8104,-0.000400000000013279,-1e-04,0
"06-MAR-2023 22:35","06-MAR-2023 22:34:04",445,0,0,262.454,0,0,0,0,262.2648,0.189200000000028,0,0
"06-MAR-2023 22:35","06-MAR-2023 22:34:04",446,0,0,262.265,0,0,0,0,262.454,-0.189000000000021,0,0
"06-MAR-2023 22:35","06-MAR-2023 22:34:04",447,0,0,262.534,0,0,0,0,262.5337,0.000299999999981537,0,0
"06-MAR-2023 22:35","06-MAR-2023 22:34:04",448,0,0,262.265,0,0,0,0,262.454,-0.189000000000021,0,0
"06-MAR-2023 22:35","06-MAR-2023 22:34:04",449,0,0,262.534,0,0,0,0,262.5337,0.000299999999981537,0,0
"06-MAR-2023 22:35","06-MAR-2023 22:34:04",45,0,0,270.881,0,0,0,0,270.8812,-0.000200000000006639,0,0
"06-MAR-2023 22:35","06-MAR-2023 22:34:04",450,0,0,262.317,0,0,0,0,262.3175,-0.000499999999988177,0,0
"06-MAR-2023 22:35","06-MAR-2023 22:34:04",451,0,0,262.534,0,0,0,0,262.5337,0.000299999999981537,0,0
"06-MAR-2023 22:35","06-MAR-2023 22:34:04",453,0,5.75,262.662,0,0,5.7496,0,262.662,0,4e-04,0
"06-MAR-2023 22:35","06-MAR-2023 22:34:04",454,0,0,262.611,0,0,0,0,262.6112,-0.000200000000006639,0,0
"06-MAR-2023 22:35","06-MAR-2023 22:34:04",455,0,0,262.611,0,0,0,0,262.6107,0.000299999999981537,0,0
"06-MAR-2023 22:35","06-MAR-2023 22:34:04",456,0,0,262.359,0,0,0,0,262.3594,-0.000400000000013279,0,0
"06-MAR-2023 22:35","06-MAR-2023 22:34:04",457,0,0,262.359,0,0,0,0,262.3594,-0.000400000000013279,0,0
"06-MAR-2023 22:35","06-MAR-2023 22:34:04",458,0,0,262.359,0,0,0,0,262.3594,-0.000400000000013279,0,0
"06-MAR-2023 22:35","06-MAR-2023 22:34:04",459,0,0,262.534,0,0,0,0,262.5337,0.000299999999981537,0,0
"06-MAR-2023 22:35","06-MAR-2023 22:34:04",46,0,0,270.889,0,0,0,0,270.8886,0.000400000000013279,0,0
"06-MAR-2023 22:35","06-MAR-2023 22:34:04",460,0,0,262.317,0,0,0,0,262.3175,-0.000499999999988177,0,0
"06-MAR-2023 22:35","06-MAR-2023 22:34:04",461,0,0,262.317,0,0,0,0,262.3175,-0.000499999999988177,0,0
"06-MAR-2023 22:35","06-MAR-2023 22:34:04",462,0,0,262.317,0,0,0,0,262.3175,-0.000499999999988177,0,0
"06-MAR-2023 22:35","06-MAR-2023 22:34:04",463,0,12.004,263.881,0,0,12.0037,0,263.8814,-0.000400000000013279,3e-04,0
"06-MAR-2023 22:35","06-MAR-2023 22:34:04",464,0,0,263.409,0,0,0,0,263.4086,0.000400000000013279,0,0
"06-MAR-2023 22:35","06-MAR-2023 22:34:04",465,0,0,263.409,0,0,0,0,263.4087,0.000299999999981537,0,0
"06-MAR-2023 22:35","06-MAR-2023 22:34:04",466,1.92,0,262.878,0,0,0,1.92,262.8783,-0.000300000000038381,0,0
"06-MAR-2023 22:35","06-MAR-2023 22:34:04",467,0,7.522,263.794,0,0,7.522,0,263.794,0,0,0
"06-MAR-2023 22:35","06-MAR-2023 22:34:04",468,0,0,263.544,0,0,0,0,263.5443,-0.000300000000038381,0,0
"06-MAR-2023 22:35","06-MAR-2023 22:34:04",469,0,0,263.469,0,0,0,0,263.4689,9.99999999748979e-05,0,0
"06-MAR-2023 22:35","06-MAR-2023 22:34:04",47,0,62.641,264.78,0,0,62.6409,0,264.7797,0.000299999999981537,1e-04,0
"06-MAR-2023 22:35","06-MAR-2023 22:34:04",470,0,0,263.466,0,0,0,0,263.4664,-0.000400000000013279,0,0
"06-MAR-2023 22:35","06-MAR-2023 22:34:04",471,0,9.784,263.694,0,0,9.7845,0,263.6941,-9.99999999748979e-05,-5e-04,0
"06-MAR-2023 22:35","06-MAR-2023 22:34:04",472,0,12.306,263.166,0,0,12.3063,0,263.1661,-9.99999999748979e-05,-3e-04,0
"06-MAR-2023 22:35","06-MAR-2023 22:34:04",473,0,0,262.881,0,0,0,0,262.8808,0.000199999999949796,0,0
"06-MAR-2023 22:35","06-MAR-2023 22:34:04",474,0,0,262.893,0,0,0,0,262.8931,-0.000100000000031741,0,0
"06-MAR-2023 22:35","06-MAR-2023 22:34:04",475,0,20.376,265.13,0,0,20.3759,0,265.1297,0.000299999999981537,1e-04,0
"06-MAR-2023 22:35","06-MAR-2023 22:34:04",476,0,0,264.982,0,0,0,0,264.9816,0.000400000000013279,0,0
"06-MAR-2023 22:35","06-MAR-2023 22:34:04",477,0,6.758,263.327,0,0,6.7584,0,263.3271,-9.99999999748979e-05,-4e-04,0
"06-MAR-2023 22:35","06-MAR-2023 22:34:04",478,0,0,263.087,0,0,0,0,263.0865,0.000499999999988177,0,0
"06-MAR-2023 22:35","06-MAR-2023 22:34:04",479,0,0,263.089,0,0,0,0,263.0888,0.000200000000006639,0,0
"06-MAR-2023 22:35","06-MAR-2023 22:34:04",48,0,0,264.76,0,0,0,0,264.7602,-0.000200000000006639,0,0
"06-MAR-2023 22:35","06-MAR-2023 22:34:04",480,0,24.007,262.027,0,0,24.0073,0,262.0272,-0.000200000000006639,-3e-04,0
"06-MAR-2023 22:35","06-MAR-2023 22:34:04",481,0,0,261.92,0,0,0,0,261.9202,-0.000200000000006639,0,0
"06-MAR-2023 22:35","06-MAR-2023 22:34:04",482,0,0,261.921,0,0,0,0,261.921,0,0,0
"06-MAR-2023 22:35","06-MAR-2023 22:34:04",483,0,0,261.91,0,0,0,0,261.9102,-0.000199999999949796,0,0
"06-MAR-2023 22:35","06-MAR-2023 22:34:04",484,0,0,261.909,0,0,0,0,261.9088,0.000200000000006639,0,0
"06-MAR-2023 22:35","06-MAR-2023 22:34:04",485,0,40.853,263.907,0,0,40.8528,0,263.9068,0.000200000000006639,2e-04,0
"06-MAR-2023 22:35","06-MAR-2023 22:34:04",486,0,0,262.875,0,0,0,0,262.875,0,0,0
"06-MAR-2023 22:35","06-MAR-2023 22:34:04",487,0,12.105,262.901,0,0,12.1045,0,262.9008,0.000200000000006639,5e-04,0
"06-MAR-2023 22:35","06-MAR-2023 22:34:04",488,0,0,262.699,0,0,0,0,262.6995,-0.000499999999988177,0,0
"06-MAR-2023 22:35","06-MAR-2023 22:34:04",49,0,0,264.763,0,0,0,0,264.7629,9.99999999748979e-05,0,0
"06-MAR-2023 22:35","06-MAR-2023 22:34:04",490,0,18.58,262.878,0,0,18.5804,0,262.8783,-0.000300000000038381,-4e-04,0
"06-MAR-2023 22:35","06-MAR-2023 22:34:04",491,0,0,263.155,0,0,0,0,263.1547,0.000299999999981537,0,0
"06-MAR-2023 22:35","06-MAR-2023 22:34:04",492,0,0,263.313,0,0,0,0,263.3131,-0.000100000000031741,0,0
"06-MAR-2023 22:35","06-MAR-2023 22:34:04",493,0,0,262.824,0,0,0,0,262.8241,-9.99999999748979e-05,0,0
"06-MAR-2023 22:35","06-MAR-2023 22:34:04",494,5.39,0,263.329,0,0,0,5.39,263.3287,0.000299999999981537,0,0
"06-MAR-2023 22:35","06-MAR-2023 22:34:04",495,0,0,263.33,0,0,0,0,263.3299,9.99999999748979e-05,0,0
"06-MAR-2023 22:35","06-MAR-2023 22:34:04",496,0,0,263.329,0,0,0,0,263.3287,0.000299999999981537,0,0
"06-MAR-2023 22:35","06-MAR-2023 22:34:04",497,0,0,283.703,0,0,0,0,283.7032,-0.000200000000006639,0,0
"06-MAR-2023 22:35","06-MAR-2023 22:34:04",498,6,0,277.747,0,0,0,6,277.7472,-0.000200000000006639,0,0
"06-MAR-2023 22:35","06-MAR-2023 22:34:04",499,0,0,277.747,0,0,0,0,277.7472,-0.000200000000006639,0,0
"06-MAR-2023 22:35","06-MAR-2023 22:34:04",5,0,61.128,264.809,0,0,61.1278,0,264.8094,-0.000399999999956435,2e-04,0
"06-MAR-2023 22:35","06-MAR-2023 22:34:04",50,0,0,264.272,0,0,0,0,264.2724,-0.000400000000013279,0,0
"06-MAR-2023 22:35","06-MAR-2023 22:34:04",500,0,0,285.975,0,0,0,0,285.9747,0.000300000000038381,0,0
"06-MAR-2023 22:35","06-MAR-2023 22:34:04",501,0,38.862,285.076,0,0,38.8615,0,285.076,0,5e-04,0
"06-MAR-2023 22:35","06-MAR-2023 22:34:04",502,0,0,284.451,0,0,0,0,284.4508,0.000200000000006639,0,0
"06-MAR-2023 22:35","06-MAR-2023 22:34:04",503,27,0,280.613,0,0,0,27,280.6128,0.000200000000006639,0,0
"06-MAR-2023 22:35","06-MAR-2023 22:34:04",504,0,0,280.613,0,0,0,0,280.6128,0.000200000000006639,0,0
"06-MAR-2023 22:35","06-MAR-2023 22:34:04",505,0,4.262,277.056,0,0,4.2616,0,277.0561,-0.000100000000031741,4e-04,0
"06-MAR-2023 22:35","06-MAR-2023 22:34:04",506,0,3.044,277.353,0,0,3.044,0,277.3526,0.000400000000013279,0,0
"06-MAR-2023 22:35","06-MAR-2023 22:34:04",507,0,0,276.904,0,0,0,0,276.9042,-0.000200000000006639,0,0
"06-MAR-2023 22:35","06-MAR-2023 22:34:04",508,0,0,276.898,0,0,0,0,276.8981,-9.99999999748979e-05,0,0
"06-MAR-2023 22:35","06-MAR-2023 22:34:04",509,0,0,282.3,0,0,0,0,282.2997,0.000300000000038381,0,0
"06-MAR-2023 22:35","06-MAR-2023 22:34:04",510,0,1.623,278.555,0,0,1.6235,0,278.5547,0.000299999999981537,-5e-04,0
"06-MAR-2023 22:35","06-MAR-2023 22:34:04",511,0,0,278.923,0,0,0,0,278.9234,-0.000400000000013279,0,0
"06-MAR-2023 22:35","06-MAR-2023 22:34:04",512,0,0,278.477,0,0,0,0,278.4768,0.000199999999949796,0,0
"06-MAR-2023 22:35","06-MAR-2023 22:34:04",513,0,0,278.563,0,0,0,0,278.5632,-0.000200000000006639,0,0
"06-MAR-2023 22:35","06-MAR-2023 22:34:04",514,0,0,278.904,0,0,0,0,278.9041,-0.000100000000031741,0,0
"06-MAR-2023 22:35","06-MAR-2023 22:34:04",515,0,0.812,280.854,0,0,0.8117,0,280.8544,-0.000400000000013279,3e-04,0
"06-MAR-2023 22:35","06-MAR-2023 22:34:04",516,0,0,280.767,0,0,0,0,280.7671,-0.000100000000031741,0,0
"06-MAR-2023 22:35","06-MAR-2023 22:34:04",517,0,0,281.245,0,0,0,0,283.3581,-2.11309999999997,0,0
"06-MAR-2023 22:35","06-MAR-2023 22:34:04",518,0,0,283.752,0,0,0,0,283.7518,0.000200000000006639,0,0
"06-MAR-2023 22:35","06-MAR-2023 22:34:04",519,0,0,283.656,0,0,0,0,283.7503,-0.0942999999999756,0,0
"06-MAR-2023 22:35","06-MAR-2023 22:34:04",52,0,0,262.298,0,0,0,0,262.298,0,0,0
"06-MAR-2023 22:35","06-MAR-2023 22:34:04",520,0,3.044,283.825,0,0,3.044,0,283.8246,0.000400000000013279,0,0
"06-MAR-2023 22:35","06-MAR-2023 22:34:04",521,0,0,281.245,0,0,0,0,283.3581,-2.11309999999997,0,0
"06-MAR-2023 22:35","06-MAR-2023 22:34:04",522,0,4.16,283.752,0,0,4.1601,0,283.7518,0.000200000000006639,-1e-04,0
"06-MAR-2023 22:35","06-MAR-2023 22:34:04",526,0,60.372,280.401,0,0,60.3723,0,280.4013,-0.000299999999981537,-3e-04,0
"06-MAR-2023 22:35","06-MAR-2023 22:34:04",527,0,15.646,280.613,0,0,15.6461,0,280.6128,0.000200000000006639,-1e-04,0
"06-MAR-2023 22:35","06-MAR-2023 22:34:04",528,0,0,280.703,0,0,0,0,280.7026,0.000399999999956435,0,0
"06-MAR-2023 22:35","06-MAR-2023 22:34:04",529,0,0,280.708,0,0,0,0,280.7075,0.00050000000004502,0,0
"06-MAR-2023 22:35","06-MAR-2023 22:34:04",530,0,0,280.684,0,0,0,0,280.6841,-9.99999999748979e-05,0,0
"06-MAR-2023 22:35","06-MAR-2023 22:34:04",531,0,0,280.703,0,0,0,0,280.7031,-0.000100000000031741,0,0
"06-MAR-2023 22:35","06-MAR-2023 22:34:04",532,0,0,279.828,0,0,0,0,279.8281,-0.000100000000031741,0,0
"06-MAR-2023 22:35","06-MAR-2023 22:34:04",537,0,3.754,280.76,0,0,3.7542,0,280.76,0,-2e-04,0
"06-MAR-2023 22:35","06-MAR-2023 22:34:04",538,0,0,280.562,0,0,0,0,280.5616,0.000400000000013279,0,0
"06-MAR-2023 22:35","06-MAR-2023 22:34:04",541,0,0,276.147,0,0,0,0,276.1918,-0.0448000000000093,0,0
"06-MAR-2023 22:35","06-MAR-2023 22:34:04",542,0,41.703,276.237,0,0,41.7026,0,276.2368,0.000200000000006639,4e-04,0
"06-MAR-2023 22:35","06-MAR-2023 22:34:04",543,0,237.938,276.305,0,0,237.9381,0,276.3048,0.000200000000006639,-1e-04,0
"06-MAR-2023 22:35","06-MAR-2023 22:34:04",544,0,0,276.093,0,0,0,0,276.0927,0.000300000000038381,0,0
"06-MAR-2023 22:35","06-MAR-2023 22:34:04",545,0,0,276.192,0,0,0,0,276.1918,0.000200000000006639,0,0
"06-MAR-2023 22:35","06-MAR-2023 22:34:04",546,0,0,276.188,0,0,0,0,276.1877,0.000299999999981537,0,0
"06-MAR-2023 22:35","06-MAR-2023 22:34:04",547,0,0,275.63,0,0,0,0,275.6295,0.000499999999988177,0,0
"06-MAR-2023 22:35","06-MAR-2023 22:34:04",548,0,12.683,282.003,0,0,12.6833,0,282.003,0,-3e-04,0
"06-MAR-2023 22:35","06-MAR-2023 22:34:04",549,0,0,281.157,0,0,0,0,281.157,0,0,0
"06-MAR-2023 22:35","06-MAR-2023 22:34:04",55,0,3.026,267.725,0,0,3.0261,0,267.725,0,-1e-04,0
"06-MAR-2023 22:35","06-MAR-2023 22:34:04",550,0,21.206,280.489,0,0,21.2064,0,280.4888,0.000199999999949796,-4e-04,0
"06-MAR-2023 22:35","06-MAR-2023 22:34:04",551,0,3.348,275.998,0,0,3.3484,0,275.9977,0.000299999999981537,-4e-04,0
"06-MAR-2023 22:35","06-MAR-2023 22:34:04",552,0,0.609,275.156,0,0,0.6088,0,275.1555,0.000499999999988177,2e-04,0
"06-MAR-2023 22:35","06-MAR-2023 22:34:04",553,0,0,276.214,0,0,0,0,276.2136,0.000400000000013279,0,0
"06-MAR-2023 22:35","06-MAR-2023 22:34:04",554,0,0,276.21,0,0,0,0,276.2099,9.99999999748979e-05,0,0
"06-MAR-2023 22:35","06-MAR-2023 22:34:04",555,0,0,266.31,0,0,0,0,266.3095,0.000499999999988177,0,0
"06-MAR-2023 22:35","06-MAR-2023 22:34:04",556,0,0,266.294,0,0,0,0,266.2941,-0.000100000000031741,0,0
"06-MAR-2023 22:35","06-MAR-2023 22:34:04",557,0,-3.9,256.81,0,0,-3.9,0,256.8095,0.000499999999988177,0,0
"06-MAR-2023 22:35","06-MAR-2023 22:34:04",558,0,0,257.284,0,0,0,0,257.2837,0.000299999999981537,0,0
"06-MAR-2023 22:35","06-MAR-2023 22:34:04",56,0,45.291,267.537,0,0,45.2911,0,267.5371,-0.000100000000031741,-1e-04,0
"06-MAR-2023 22:35","06-MAR-2023 22:34:04",560,0,34.5,271.369,0,0,34.5,0,271.3692,-0.000199999999949796,0,0
"06-MAR-2023 22:35","06-MAR-2023 22:34:04",561,0,0,271.225,0,0,0,0,271.2249,0.000100000000031741,0,0
"06-MAR-2023 22:35","06-MAR-2023 22:34:04",562,0,0,274.693,0,0,0,0,274.6932,-0.000200000000006639,0,0
"06-MAR-2023 22:35","06-MAR-2023 22:34:04",563,0,0,274.701,0,0,0,0,274.701,0,0,0
"06-MAR-2023 22:35","06-MAR-2023 22:34:04",564,0,57.633,274.708,0,0,57.6328,0,274.7083,-0.000299999999981537,2e-04,0
"06-MAR-2023 22:35","06-MAR-2023 22:34:04",565,0,0,274.669,0,0,0,0,274.6687,0.000299999999981537,0,0
"06-MAR-2023 22:35","06-MAR-2023 22:34:04",566,0,0,274.664,0,0,0,0,274.6645,-0.000499999999988177,0,0
"06-MAR-2023 22:35","06-MAR-2023 22:34:04",567,0,0,274.604,0,0,0,0,274.604,0,0,0
"06-MAR-2023 22:35","06-MAR-2023 22:34:04",568,11,0,271.369,0,0,0,11,271.3692,-0.000199999999949796,0,0
"06-MAR-2023 22:35","06-MAR-2023 22:34:04",569,0,0,271.369,0,0,0,0,271.3692,-0.000199999999949796,0,0
"06-MAR-2023 22:35","06-MAR-2023 22:34:04",570,0,51.636,268.596,0,0,51.6361,0,268.5958,0.000200000000006639,-1e-04,0
"06-MAR-2023 22:35","06-MAR-2023 22:34:04",572,0,0,266.771,0,0,0,0,266.7712,-0.000200000000006639,0,0
"06-MAR-2023 22:35","06-MAR-2023 22:34:04",573,0,0,266.742,0,0,0,0,266.7422,-0.000200000000006639,0,0
"06-MAR-2023 22:35","06-MAR-2023 22:34:04",574,0,0,266.697,0,0,0,0,266.6973,-0.000299999999981537,0,0
"06-MAR-2023 22:35","06-MAR-2023 22:34:04",575,0,0,266.653,0,0,0,0,266.6525,0.00050000000004502,0,0
"06-MAR-2023 22:35","06-MAR-2023 22:34:04",576,28,0,245.321,0,0,0,28,245.321,0,0,0
"06-MAR-2023 22:35","06-MAR-2023 22:34:04",577,0,1.928,246.061,0,0,1.9279,0,246.0615,-0.000499999999988177,1e-04,0
"06-MAR-2023 22:35","06-MAR-2023 22:34:04",578,0,0,247.316,0,0,0,0,247.3157,0.000300000000009959,0,0
"06-MAR-2023 22:35","06-MAR-2023 22:34:04",579,0,25.772,271.347,0,0,25.7724,0,271.3467,0.000299999999981537,-4e-04,0
"06-MAR-2023 22:35","06-MAR-2023 22:34:04",58,0,0,262.846,0,0,0,0,262.8465,-0.000499999999988177,0,0
"06-MAR-2023 22:35","06-MAR-2023 22:34:04",580,0,0,270.46,0,0,0,0,270.4596,0.000399999999956435,0,0
"06-MAR-2023 22:35","06-MAR-2023 22:34:04",581,0,0,270.421,0,0,0,0,270.4213,-0.000299999999981537,0,0
"06-MAR-2023 22:35","06-MAR-2023 22:34:04",582,0,0,272.593,0,0,0,0,272.5927,0.000300000000038381,0,0
"06-MAR-2023 22:35","06-MAR-2023 22:34:04",583,0,0,272.593,0,0,0,0,272.5931,-9.99999999748979e-05,0,0
"06-MAR-2023 22:35","06-MAR-2023 22:34:04",584,0,0,292.563,0,0,0,0,292.5629,9.99999999748979e-05,0,0
"06-MAR-2023 22:35","06-MAR-2023 22:34:04",585,0,0,292.563,0,0,0,0,292.5629,9.99999999748979e-05,0,0
"06-MAR-2023 22:35","06-MAR-2023 22:34:04",586,0,0.226,273.642,0,0,0.2263,0,273.6418,0.000200000000006639,-3e-04,0
"06-MAR-2023 22:35","06-MAR-2023 22:34:04",587,0,0,273.168,0,0,0,0,273.1675,0.000499999999988177,0,0
"06-MAR-2023 22:35","06-MAR-2023 22:34:04",588,0,0,288.268,0,0,0,0,288.2684,-0.000400000000013279,0,0
"06-MAR-2023 22:35","06-MAR-2023 22:34:04",589,0,0.203,264.645,0,0,0.2029,0,264.6454,-0.000400000000013279,1e-04,0
"06-MAR-2023 22:35","06-MAR-2023 22:34:04",59,0,0,262.848,0,0,0,0,262.8483,-0.000299999999981537,0,0
"06-MAR-2023 22:35","06-MAR-2023 22:34:04",590,0,0,264.304,0,0,0,0,264.3042,-0.000200000000006639,0,0
"06-MAR-2023 22:35","06-MAR-2023 22:34:04",591,15.658,0,258.437,0,0,0,15.6579,258.4373,-0.000299999999981537,0,1e-04
"06-MAR-2023 22:35","06-MAR-2023 22:34:04",592,0,0,258.509,0,0,0,0,258.5087,0.000300000000038381,0,0
"06-MAR-2023 22:35","06-MAR-2023 22:34:04",593,0,0,258.437,0,0,0,0,258.4373,-0.000299999999981537,0,0
"06-MAR-2023 22:35","06-MAR-2023 22:34:04",596,0,2.552,288.268,0,0,2.5519,0,288.2684,-0.000400000000013279,1e-04,0
"06-MAR-2023 22:35","06-MAR-2023 22:34:04",597,0,0,288.056,0,0,0,0,288.0555,0.000499999999988177,0,0
"06-MAR-2023 22:35","06-MAR-2023 22:34:04",598,0,0,288.034,0,0,0,0,288.0338,0.000200000000006639,0,0
"06-MAR-2023 22:35","06-MAR-2023 22:34:04",599,0,0,288.057,0,0,0,0,288.0572,-0.000200000000006639,0,0
"06-MAR-2023 22:35","06-MAR-2023 22:34:04",6,0,0,264.532,0,0,0,0,264.5319,9.99999999748979e-05,0,0
"06-MAR-2023 22:35","06-MAR-2023 22:34:04",60,0,0,263.049,0,0,0,0,263.0489,9.99999999748979e-05,0,0
"06-MAR-2023 22:35","06-MAR-2023 22:34:04",600,0,0,287.635,0,0,0,0,287.6348,0.000200000000006639,0,0
"06-MAR-2023 22:35","06-MAR-2023 22:34:04",601,0,0,287.476,0,0,0,0,287.4761,-9.99999999748979e-05,0,0
"06-MAR-2023 22:35","06-MAR-2023 22:34:04",602,0,4.893,289.355,0,0,4.8927,0,289.3549,0.000100000000031741,3e-04,0
"06-MAR-2023 22:35","06-MAR-2023 22:34:04",603,0,0,289.355,0,0,0,0,289.3549,0.000100000000031741,0,0
"06-MAR-2023 22:35","06-MAR-2023 22:34:04",604,0,0,292.563,0,0,0,0,292.5629,9.99999999748979e-05,0,0
"06-MAR-2023 22:35","06-MAR-2023 22:34:04",605,0,8.219,292.563,0,0,8.2188,0,292.5629,9.99999999748979e-05,2e-04,0
"06-MAR-2023 22:35","06-MAR-2023 22:34:04",606,0,0,292.563,0,0,0,0,292.5629,9.99999999748979e-05,0,0
"06-MAR-2023 22:35","06-MAR-2023 22:34:04",607,0,4.059,271.177,0,0,4.0586,0,271.1768,0.000200000000006639,4e-04,0
"06-MAR-2023 22:35","06-MAR-2023 22:34:04",608,0,1.522,270.881,0,0,1.522,0,270.8814,-0.000400000000013279,0,0
"06-MAR-2023 22:35","06-MAR-2023 22:34:04",609,0,12.379,272.684,0,0,12.3789,0,272.6845,-0.000499999999988177,1e-04,0
"06-MAR-2023 22:35","06-MAR-2023 22:34:04",61,0,0,262.852,0,0,0,0,262.8516,0.000399999999956435,0,0
"06-MAR-2023 22:35","06-MAR-2023 22:34:04",610,0,0,272.684,0,0,0,0,272.6836,0.000400000000013279,0,0
"06-MAR-2023 22:35","06-MAR-2023 22:34:04",611,1,0.71,289.65,0,0,0.7103,1,289.6505,-0.00050000000004502,-3e-04,0
"06-MAR-2023 22:35","06-MAR-2023 22:34:04",612,0,0,289.65,0,0,0,0,289.6505,-0.00050000000004502,0,0
"06-MAR-2023 22:35","06-MAR-2023 22:34:04",613,0,0.71,276.807,0,0,0.7103,0,276.8067,0.000300000000038381,-3e-04,0
"06-MAR-2023 22:35","06-MAR-2023 22:34:04",614,0,0,275.98,0,0,0,0,275.9804,-0.000399999999956435,0,0
"06-MAR-2023 22:35","06-MAR-2023 22:34:04",615,0,0,270.422,0,0,0,0,270.4217,0.000300000000038381,0,0
"06-MAR-2023 22:35","06-MAR-2023 22:34:04",616,0,0,265.418,0,0,0,0,265.4176,0.000400000000013279,0,0
"06-MAR-2023 22:35","06-MAR-2023 22:34:04",617,38.986,0,259.954,0,0,0,38.9855,259.9543,-0.000299999999981537,0,5e-04
"06-MAR-2023 22:35","06-MAR-2023 22:34:04",618,38.986,0,259.954,0,0,0,38.9855,259.9543,-0.000299999999981537,0,5e-04
"06-MAR-2023 22:35","06-MAR-2023 22:34:04",619,38.986,0,259.954,0,0,0,38.9855,259.9543,-0.000299999999981537,0,5e-04
"06-MAR-2023 22:35","06-MAR-2023 22:34:04",62,48.3,0,263.307,0,0,0,48.3,263.3071,-9.99999999748979e-05,0,0
"06-MAR-2023 22:35","06-MAR-2023 22:34:04",620,38.986,0,259.954,0,0,0,38.9855,259.9543,-0.000299999999981537,0,5e-04
"06-MAR-2023 22:35","06-MAR-2023 22:34:04",621,0,0,259.954,0,0,0,0,259.9543,-0.000299999999981537,0,0
"06-MAR-2023 22:35","06-MAR-2023 22:34:04",622,0,0,259.985,0,0,0,0,259.9854,-0.000400000000013279,0,0
"06-MAR-2023 22:35","06-MAR-2023 22:34:04",623,0,0,259.985,0,0,0,0,259.9854,-0.000400000000013279,0,0
"06-MAR-2023 22:35","06-MAR-2023 22:34:04",624,53.802,0,259.985,0,0,0,53.8023,259.9854,-0.000400000000013279,0,-3e-04
"06-MAR-2023 22:35","06-MAR-2023 22:34:04",625,53.802,0,259.985,0,0,0,53.8023,259.9854,-0.000400000000013279,0,-3e-04
"06-MAR-2023 22:35","06-MAR-2023 22:34:04",626,53.802,0,259.985,0,0,0,53.8023,259.9854,-0.000400000000013279,0,-3e-04
"06-MAR-2023 22:35","06-MAR-2023 22:34:04",627,53.802,0,259.985,0,0,0,53.8023,259.9854,-0.000400000000013279,0,-3e-04
"06-MAR-2023 22:35","06-MAR-2023 22:34:04",628,53.802,0,259.985,0,0,0,53.8023,259.9854,-0.000400000000013279,0,-3e-04
"06-MAR-2023 22:35","06-MAR-2023 22:34:04",629,53.802,0,259.985,0,0,0,53.8023,259.9854,-0.000400000000013279,0,-3e-04
"06-MAR-2023 22:35","06-MAR-2023 22:34:04",63,0,45.997,263.307,0,0,45.9972,0,263.3071,-9.99999999748979e-05,-2e-04,0
"06-MAR-2023 22:35","06-MAR-2023 22:34:04",630,0,0,259.985,0,0,0,0,259.9854,-0.000400000000013279,0,0
"06-MAR-2023 22:35","06-MAR-2023 22:34:04",631,0,0,259.985,0,0,0,0,259.9854,-0.000400000000013279,0,0
"06-MAR-2023 22:35","06-MAR-2023 22:34:04",632,0,0,259.985,0,0,0,0,259.9854,-0.000400000000013279,0,0
"06-MAR-2023 22:35","06-MAR-2023 22:34:04",633,0,0,259.985,0,0,0,0,259.9854,-0.000400000000013279,0,0
"06-MAR-2023 22:35","06-MAR-2023 22:34:04",634,0,0,259.985,0,0,0,0,259.9854,-0.000400000000013279,0,0
"06-MAR-2023 22:35","06-MAR-2023 22:34:04",635,0,0,259.985,0,0,0,0,259.9854,-0.000400000000013279,0,0
"06-MAR-2023 22:35","06-MAR-2023 22:34:04",636,0,4.059,268.489,0,0,4.0586,0,268.4889,9.99999999748979e-05,4e-04,0
"06-MAR-2023 22:35","06-MAR-2023 22:34:04",637,0,0.445,265.477,0,0,0.4454,0,265.4774,-0.000400000000013279,-4e-04,0
"06-MAR-2023 22:35","06-MAR-2023 22:34:04",638,0,22.627,268.731,0,0,22.6269,0,268.7307,0.000299999999981537,1e-04,0
"06-MAR-2023 22:35","06-MAR-2023 22:34:04",639,0,0,268.195,0,0,0,0,268.1955,-0.000499999999988177,0,0
"06-MAR-2023 22:35","06-MAR-2023 22:34:04",64,0,0,263.307,0,0,0,0,263.3071,-9.99999999748979e-05,0,0
"06-MAR-2023 22:35","06-MAR-2023 22:34:04",640,0,0,268.198,0,0,0,0,268.198,0,0,0
"06-MAR-2023 22:35","06-MAR-2023 22:34:04",641,0,0,268.432,0,0,0,0,268.4315,0.000499999999988177,0,0
"06-MAR-2023 22:35","06-MAR-2023 22:34:04",642,0,0,268.473,0,0,0,0,268.4734,-0.000400000000013279,0,0
"06-MAR-2023 22:35","06-MAR-2023 22:34:04",643,0,0,268.285,0,0,0,0,268.2854,-0.000399999999956435,0,0
"06-MAR-2023 22:35","06-MAR-2023 22:34:04",644,0,0,268.264,0,0,0,0,268.2642,-0.000200000000006639,0,0
"06-MAR-2023 22:35","06-MAR-2023 22:34:04",645,0,0,268.287,0,0,0,0,268.2873,-0.000300000000038381,0,0
"06-MAR-2023 22:35","06-MAR-2023 22:34:04",646,0,26.787,275.174,0,0,26.7871,0,275.1739,9.99999999748979e-05,-1e-04,0
"06-MAR-2023 22:35","06-MAR-2023 22:34:04",647,0,0,274.636,0,0,0,0,274.6363,-0.000299999999981537,0,0
"06-MAR-2023 22:35","06-MAR-2023 22:34:04",648,0,0,274.196,0,0,0,0,274.1964,-0.000399999999956435,0,0
"06-MAR-2023 22:35","06-MAR-2023 22:34:04",649,0,0,263.923,0,0,0,0,263.9233,-0.000299999999981537,0,0
"06-MAR-2023 22:35","06-MAR-2023 22:34:04",65,0,0,263.387,0,0,0,0,263.3866,0.000400000000013279,0,0
"06-MAR-2023 22:35","06-MAR-2023 22:34:04",650,0,22.931,267.305,0,0,22.9313,0,267.3054,-0.000400000000013279,-3e-04,0
"06-MAR-2023 22:35","06-MAR-2023 22:34:04",651,0,0,266.625,0,0,0,0,266.625,0,0,0
"06-MAR-2023 22:35","06-MAR-2023 22:34:04",652,0,19.076,273.146,0,0,19.0756,0,273.1463,-0.000299999999981537,4e-04,0
"06-MAR-2023 22:35","06-MAR-2023 22:34:04",653,0,0,272.032,0,0,0,0,272.0315,0.000499999999988177,0,0
"06-MAR-2023 22:35","06-MAR-2023 22:34:04",654,46.044,0,260.549,0,0,0,46.0435,260.5487,0.000299999999981537,0,5e-04
"06-MAR-2023 22:35","06-MAR-2023 22:34:04",655,46.044,0,260.549,0,0,0,46.0435,260.5487,0.000299999999981537,0,5e-04
"06-MAR-2023 22:35","06-MAR-2023 22:34:04",656,46.044,0,260.549,0,0,0,46.0435,260.5487,0.000299999999981537,0,5e-04
"06-MAR-2023 22:35","06-MAR-2023 22:34:04",657,46.044,0,260.549,0,0,0,46.0435,260.5487,0.000299999999981537,0,5e-04
"06-MAR-2023 22:35","06-MAR-2023 22:34:04",658,0,0,260.549,0,0,0,0,260.5487,0.000299999999981537,0,0
"06-MAR-2023 22:35","06-MAR-2023 22:34:04",659,39.853,0,260.799,0,0,0,39.8528,260.7991,-0.000100000000031741,0,2e-04
"06-MAR-2023 22:35","06-MAR-2023 22:34:04",660,39.853,0,260.799,0,0,0,39.8528,260.7991,-0.000100000000031741,0,2e-04
"06-MAR-2023 22:35","06-MAR-2023 22:34:04",661,39.853,0,260.799,0,0,0,39.8528,260.7991,-0.000100000000031741,0,2e-04
"06-MAR-2023 22:35","06-MAR-2023 22:34:04",662,39.853,0,260.799,0,0,0,39.8528,260.7991,-0.000100000000031741,0,2e-04
"06-MAR-2023 22:35","06-MAR-2023 22:34:04",663,0,0,260.799,0,0,0,0,260.7991,-0.000100000000031741,0,0
"06-MAR-2023 22:35","06-MAR-2023 22:34:04",664,39.853,0,260.295,0,0,0,39.8528,260.2951,-9.99999999748979e-05,0,2e-04
"06-MAR-2023 22:35","06-MAR-2023 22:34:04",665,39.853,0,260.295,0,0,0,39.8528,260.2951,-9.99999999748979e-05,0,2e-04
"06-MAR-2023 22:35","06-MAR-2023 22:34:04",666,39.853,0,260.295,0,0,0,39.8528,260.2951,-9.99999999748979e-05,0,2e-04
"06-MAR-2023 22:35","06-MAR-2023 22:34:04",667,39.853,0,260.295,0,0,0,39.8528,260.2951,-9.99999999748979e-05,0,2e-04
"06-MAR-2023 22:35","06-MAR-2023 22:34:04",668,0,0,260.295,0,0,0,0,260.2951,-9.99999999748979e-05,0,0
"06-MAR-2023 22:35","06-MAR-2023 22:34:04",669,2.5,0,267.305,0,0,0,2.5,267.3054,-0.000400000000013279,0,0
"06-MAR-2023 22:35","06-MAR-2023 22:34:04",67,0,0,263.991,0,0,0,0,263.9915,-0.000499999999988177,0,0
"06-MAR-2023 22:35","06-MAR-2023 22:34:04",670,0,0,267.305,0,0,0,0,267.3054,-0.000400000000013279,0,0
"06-MAR-2023 22:35","06-MAR-2023 22:34:04",671,0,6.291,272.629,0,0,6.2909,0,272.6291,-9.99999999748979e-05,1e-04,0
"06-MAR-2023 22:35","06-MAR-2023 22:34:04",672,0,0,271.512,0,0,0,0,271.5121,-9.99999999748979e-05,0,0
"06-MAR-2023 22:35","06-MAR-2023 22:34:04",673,76,0,260.616,0,0,0,76,260.6158,0.000200000000006639,0,0
"06-MAR-2023 22:35","06-MAR-2023 22:34:04",674,76,0,260.616,0,0,0,76,260.6158,0.000200000000006639,0,0
"06-MAR-2023 22:35","06-MAR-2023 22:34:04",675,0,0,260.616,0,0,0,0,260.6158,0.000200000000006639,0,0
"06-MAR-2023 22:35","06-MAR-2023 22:34:04",676,0,2.029,261.192,0,0,2.0293,0,261.1924,-0.000400000000013279,-3e-04,0
"06-MAR-2023 22:35","06-MAR-2023 22:34:04",677,0,0,261.07,0,0,0,0,261.0698,0.000200000000006639,0,0
"06-MAR-2023 22:35","06-MAR-2023 22:34:04",678,70,3.45,259.968,0,0,3.4498,70,259.9678,0.000200000000006639,2e-04,0
"06-MAR-2023 22:35","06-MAR-2023 22:34:04",68,0,38.845,264.043,0,0,38.8452,0,264.0432,-0.000200000000006639,-2e-04,0
"06-MAR-2023 22:35","06-MAR-2023 22:34:04",681,0,0,260.318,0,0,0,0,260.3179,9.99999999748979e-05,0,0
"06-MAR-2023 22:35","06-MAR-2023 22:34:04",682,0,0,260.651,0,0,0,0,260.6505,0.000499999999988177,0,0
"06-MAR-2023 22:35","06-MAR-2023 22:34:04",683,0,0,260.962,0,0,0,0,260.9623,-0.000300000000038381,0,0
"06-MAR-2023 22:35","06-MAR-2023 22:34:04",684,0,0,261.062,0,0,0,0,261.062,0,0,0
"06-MAR-2023 22:35","06-MAR-2023 22:34:04",685,0,0,260.689,0,0,0,0,260.689,0,0,0
"06-MAR-2023 22:35","06-MAR-2023 22:34:04",686,0,0,260.767,0,0,0,0,260.7674,-0.000400000000013279,0,0
"06-MAR-2023 22:35","06-MAR-2023 22:34:04",687,0,0,291.451,0,0,0,0,291.4509,0.000100000000031741,0,0
"06-MAR-2023 22:35","06-MAR-2023 22:34:04",688,0,0,291.451,0,0,0,0,291.4509,0.000100000000031741,0,0
"06-MAR-2023 22:35","06-MAR-2023 22:34:04",689,0,17.452,286.729,0,0,17.4522,0,286.7295,-0.000499999999988177,-2e-04,0
"06-MAR-2023 22:35","06-MAR-2023 22:34:04",69,0,0,264.101,0,0,0,0,264.1015,-0.000499999999988177,0,0
"06-MAR-2023 22:35","06-MAR-2023 22:34:04",690,0,0,285.325,0,0,0,0,285.3247,0.000299999999981537,0,0
"06-MAR-2023 22:35","06-MAR-2023 22:34:04",691,0,17.508,299.956,0,0,17.5085,0,299.9555,0.00050000000004502,-5e-04,0
"06-MAR-2023 22:35","06-MAR-2023 22:34:04",692,0,0,298.409,0,0,0,0,298.4095,-0.000499999999988177,0,0
"06-MAR-2023 22:35","06-MAR-2023 22:34:04",693,0,0,274.636,0,0,0,0,274.6363,-0.000299999999981537,0,0
"06-MAR-2023 22:35","06-MAR-2023 22:34:04",694,51.5,0,269.546,0,0,0,51.5,269.5456,0.000400000000013279,0,0
"06-MAR-2023 22:35","06-MAR-2023 22:34:04",695,51.5,0,269.546,0,0,0,51.5,269.5456,0.000400000000013279,0,0
"06-MAR-2023 22:35","06-MAR-2023 22:34:04",696,51.5,0,269.546,0,0,0,51.5,269.5456,0.000400000000013279,0,0
"06-MAR-2023 22:35","06-MAR-2023 22:34:04",697,51.5,0,269.546,0,0,0,51.5,269.5456,0.000400000000013279,0,0
"06-MAR-2023 22:35","06-MAR-2023 22:34:04",698,0,1.218,269.612,0,0,1.2176,0,269.6124,-0.000399999999956435,4e-04,0
"06-MAR-2023 22:35","06-MAR-2023 22:34:04",699,0,0,269.546,0,0,0,0,269.5456,0.000400000000013279,0,0
"06-MAR-2023 22:35","06-MAR-2023 22:34:04",7,0,0,264.76,0,0,0,0,264.7602,-0.000200000000006639,0,0
"06-MAR-2023 22:35","06-MAR-2023 22:34:04",70,0,38.947,264.041,0,0,38.9468,0,264.0412,-0.000200000000006639,2e-04,0
"06-MAR-2023 22:35","06-MAR-2023 22:34:04",700,0,24.656,302.337,0,0,24.6563,0,302.3372,-0.000200000000006639,-3e-04,0
"06-MAR-2023 22:35","06-MAR-2023 22:34:04",701,0,0,301.276,0,0,0,0,301.2763,-0.000299999999981537,0,0
"06-MAR-2023 22:35","06-MAR-2023 22:34:04",702,0,15.321,293.916,0,0,15.3214,0,293.9158,0.000200000000006639,-4e-04,0
"06-MAR-2023 22:35","06-MAR-2023 22:34:04",705,0,0,292.997,0,0,0,0,292.9968,0.000200000000006639,0,0
"06-MAR-2023 22:35","06-MAR-2023 22:34:04",706,0,0,292.999,0,0,0,0,292.9995,-0.000499999999988177,0,0
"06-MAR-2023 22:35","06-MAR-2023 22:34:04",707,0,0,292.959,0,0,0,0,292.9591,-9.99999999748979e-05,0,0
"06-MAR-2023 22:35","06-MAR-2023 22:34:04",708,0,0,291.501,0,0,0,0,291.5009,9.99999999748979e-05,0,0
"06-MAR-2023 22:35","06-MAR-2023 22:34:04",709,0,0,291.502,0,0,0,0,291.5018,0.000200000000006639,0,0
"06-MAR-2023 22:35","06-MAR-2023 22:34:04",711,0,51.251,278.01,0,0,51.2505,0,278.0102,-0.000200000000006639,5e-04,0
"06-MAR-2023 22:35","06-MAR-2023 22:34:04",712,0,0,274.998,0,0,0,0,274.9978,0.000200000000006639,0,0
"06-MAR-2023 22:35","06-MAR-2023 22:34:04",713,0,0,275.545,0,0,0,0,275.5452,-0.000200000000006639,0,0
"06-MAR-2023 22:35","06-MAR-2023 22:34:04",714,0,0,277.462,0,0,0,0,277.4619,9.99999999748979e-05,0,0
"06-MAR-2023 22:35","06-MAR-2023 22:34:04",716,0,53.371,296.301,0,0,53.3712,0,296.3008,0.000200000000006639,-2e-04,0
"06-MAR-2023 22:35","06-MAR-2023 22:34:04",717,0,0,297.914,0,0,0,0,297.9137,0.000299999999981537,0,0
"06-MAR-2023 22:35","06-MAR-2023 22:34:04",718,0,0,297.802,0,0,0,0,297.8017,0.000300000000038381,0,0
"06-MAR-2023 22:35","06-MAR-2023 22:34:04",719,0,0,295.782,0,0,0,0,295.782,0,0,0
"06-MAR-2023 22:35","06-MAR-2023 22:34:04",72,0,68.088,265.306,0,0,68.088,0,265.3064,-0.000400000000013279,0,0
"06-MAR-2023 22:35","06-MAR-2023 22:34:04",720,0,0,278.01,0,0,0,0,278.0102,-0.000200000000006639,0,0
"06-MAR-2023 22:35","06-MAR-2023 22:34:04",721,0,0,294.304,0,0,0,0,294.3038,0.000199999999949796,0,0
"06-MAR-2023 22:35","06-MAR-2023 22:34:04",722,15.714,0,294.304,0,0,0,15.7143,294.3038,0.000199999999949796,0,-3e-04
"06-MAR-2023 22:35","06-MAR-2023 22:34:04",723,15.714,0,294.304,0,0,0,15.7143,294.3038,0.000199999999949796,0,-3e-04
"06-MAR-2023 22:35","06-MAR-2023 22:34:04",724,15.714,0,294.304,0,0,0,15.7143,294.3038,0.000199999999949796,0,-3e-04
"06-MAR-2023 22:35","06-MAR-2023 22:34:04",725,15.714,0,294.304,0,0,0,15.7143,294.3038,0.000199999999949796,0,-3e-04
"06-MAR-2023 22:35","06-MAR-2023 22:34:04",726,15.714,0,294.304,0,0,0,15.7143,294.3038,0.000199999999949796,0,-3e-04
"06-MAR-2023 22:35","06-MAR-2023 22:34:04",727,15.714,0,294.304,0,0,0,15.7143,294.3038,0.000199999999949796,0,-3e-04
"06-MAR-2023 22:35","06-MAR-2023 22:34:04",728,15.714,0,294.304,0,0,0,15.7143,294.3038,0.000199999999949796,0,-3e-04
"06-MAR-2023 22:35","06-MAR-2023 22:34:04",729,0,0,294.304,0,0,0,0,294.3038,0.000199999999949796,0,0
"06-MAR-2023 22:35","06-MAR-2023 22:34:04",73,0,6,264.732,0,0,6,0,264.732,0,0,0
"06-MAR-2023 22:35","06-MAR-2023 22:34:04",730,0,0,286.729,0,0,0,0,286.7295,-0.000499999999988177,0,0
"06-MAR-2023 22:35","06-MAR-2023 22:34:04",731,0,25.803,296.096,0,0,25.8028,0,296.0958,0.000200000000006639,2e-04,0
"06-MAR-2023 22:35","06-MAR-2023 22:34:04",732,0,0,295.85,0,0,0,0,295.8502,-0.000199999999949796,0,0
"06-MAR-2023 22:35","06-MAR-2023 22:34:04",734,0.004,0,269.868,0,0,0,0.0037,269.868,0,0,3e-04
"06-MAR-2023 22:35","06-MAR-2023 22:34:04",735,0.004,0,269.868,0,0,0,0.0037,269.868,0,0,3e-04
"06-MAR-2023 22:35","06-MAR-2023 22:34:04",736,0.004,0,269.868,0,0,0,0.0037,269.868,0,0,3e-04
"06-MAR-2023 22:35","06-MAR-2023 22:34:04",737,32,0,272.056,0,0,0,32,272.0555,0.000499999999988177,0,0
"06-MAR-2023 22:35","06-MAR-2023 22:34:04",738,32,0,272.056,0,0,0,32,272.0555,0.000499999999988177,0,0
"06-MAR-2023 22:35","06-MAR-2023 22:34:04",739,32,0,272.056,0,0,0,32,272.0555,0.000499999999988177,0,0
"06-MAR-2023 22:35","06-MAR-2023 22:34:04",740,32,0,272.056,0,0,0,32,272.0555,0.000499999999988177,0,0
"06-MAR-2023 22:35","06-MAR-2023 22:34:04",741,32,0,272.056,0,0,0,32,272.0555,0.000499999999988177,0,0
"06-MAR-2023 22:35","06-MAR-2023 22:34:04",742,0,0,269.375,0,0,0,0,269.3751,-9.99999999748979e-05,0,0
"06-MAR-2023 22:35","06-MAR-2023 22:34:04",743,0,0,269.868,0,0,0,0,269.868,0,0,0
"06-MAR-2023 22:35","06-MAR-2023 22:34:04",744,0,0,272.056,0,0,0,0,272.0555,0.000499999999988177,0,0
"06-MAR-2023 22:35","06-MAR-2023 22:34:04",745,0,29.831,278.067,0,0,29.831,0,278.0674,-0.000400000000013279,0,0
"06-MAR-2023 22:35","06-MAR-2023 22:34:04",746,0,0,277.624,0,0,0,0,277.6241,-9.99999999748979e-05,0,0
"06-MAR-2023 22:35","06-MAR-2023 22:34:04",747,0,0,277.47,0,0,0,0,277.4704,-0.000399999999956435,0,0
"06-MAR-2023 22:35","06-MAR-2023 22:34:04",748,0,579.3,298.024,0,0,579.3,0,298.0235,0.000499999999988177,0,0
"06-MAR-2023 22:35","06-MAR-2023 22:34:04",749,7.63,0,296.096,0,0,0,7.63,296.0958,0.000200000000006639,0,0
"06-MAR-2023 22:35","06-MAR-2023 22:34:04",750,0,0,278.01,0,0,0,0,278.0102,-0.000200000000006639,0,0
"06-MAR-2023 22:35","06-MAR-2023 22:34:04",751,22,0,274.636,0,0,0,22,274.6363,-0.000299999999981537,0,0
"06-MAR-2023 22:35","06-MAR-2023 22:34:04",752,0,0,264.764,0,0,0,0,264.7638,0.000200000000006639,0,0
"06-MAR-2023 22:35","06-MAR-2023 22:34:04",753,0,77.4,263.765,0,0,77.4,0,263.7648,0.000200000000006639,0,0
"06-MAR-2023 22:35","06-MAR-2023 22:34:04",754,0,0,265.652,0,0,0,0,265.6523,-0.000300000000038381,0,0
"06-MAR-2023 22:35","06-MAR-2023 22:34:04",755,0,0,239.697,0,0,0,0,239.6973,-0.000300000000009959,0,0
"06-MAR-2023 22:35","06-MAR-2023 22:34:04",756,0,17.771,250.309,0,0,17.7713,0,250.3086,0.000399999999984857,-3e-04,0
"06-MAR-2023 22:35","06-MAR-2023 22:34:04",757,0,18.1,250.165,0,0,18.1,0,250.1648,0.000199999999978218,0,0
"06-MAR-2023 22:35","06-MAR-2023 22:34:04",758,0,0,269.137,0,0,0,0,269.1373,-0.000299999999981537,0,0
"06-MAR-2023 22:35","06-MAR-2023 22:34:04",759,0,10.023,264.039,0,0,10.0234,0,264.039,0,-4e-04,0
"06-MAR-2023 22:35","06-MAR-2023 22:34:04",76,0,32.581,264.164,0,0,32.5813,0,264.1642,-0.000200000000006639,-3e-04,0
"06-MAR-2023 22:35","06-MAR-2023 22:34:04",760,32,0,249.688,0,0,0,32,249.6877,0.000299999999981537,0,0
"06-MAR-2023 22:35","06-MAR-2023 22:34:04",761,0,0,251.015,0,0,0,0,251.0154,-0.000400000000013279,0,0
"06-MAR-2023 22:35","06-MAR-2023 22:34:04",762,0,0,252.089,0,0,0,0,252.0889,0.00010000000000332,0,0
"06-MAR-2023 22:35","06-MAR-2023 22:34:04",763,0,10.212,259.294,0,0,10.2122,0,259.2936,0.000399999999956435,-2e-04,0
"06-MAR-2023 22:35","06-MAR-2023 22:34:04",764,0,0,258.682,0,0,0,0,258.6823,-0.000299999999981537,0,0
"06-MAR-2023 22:35","06-MAR-2023 22:34:04",765,0,0,262.106,0,0,0,0,262.1064,-0.000400000000013279,0,0
"06-MAR-2023 22:35","06-MAR-2023 22:34:04",766,2.89,0,263.33,0,0,0,2.89,263.3299,9.99999999748979e-05,0,0
"06-MAR-2023 22:35","06-MAR-2023 22:34:04",767,0,3.754,280.761,0,0,3.7542,0,280.7612,-0.000199999999949796,-2e-04,0
"06-MAR-2023 22:35","06-MAR-2023 22:34:04",768,19.342,0,258.437,0,0,0,19.3421,258.4373,-0.000299999999981537,0,-1e-04
"06-MAR-2023 22:35","06-MAR-2023 22:34:04",769,0,0,272.685,0,0,0,0,272.6853,-0.000299999999981537,0,0
"06-MAR-2023 22:35","06-MAR-2023 22:34:04",77,0,0,264.189,0,0,0,0,264.1893,-0.000299999999981537,0,0
"06-MAR-2023 22:35","06-MAR-2023 22:34:04",770,0,0,273.265,0,0,0,0,273.2653,-0.000300000000038381,0,0
"06-MAR-2023 22:35","06-MAR-2023 22:34:04",771,0,0,264.607,0,0,0,0,264.6072,-0.000199999999949796,0,0
"06-MAR-2023 22:35","06-MAR-2023 22:34:04",772,0,0,264.462,0,0,0,0,264.6015,-0.139499999999998,0,0
"06-MAR-2023 22:35","06-MAR-2023 22:34:04",773,0,0,264.555,0,0,0,0,264.5555,-0.000499999999988177,0,0
"06-MAR-2023 22:35","06-MAR-2023 22:34:04",774,0,0,264.497,0,0,0,0,264.5319,-0.0348999999999933,0,0
"06-MAR-2023 22:35","06-MAR-2023 22:34:04",775,0,0,263.637,0,0,0,0,263.7103,-0.0733000000000175,0,0
"06-MAR-2023 22:35","06-MAR-2023 22:34:04",776,0,0,263.634,0,0,0,0,263.6343,-0.000299999999981537,0,0
"06-MAR-2023 22:35","06-MAR-2023 22:34:04",777,0,0,264.76,0,0,0,0,264.7602,-0.000200000000006639,0,0
"06-MAR-2023 22:35","06-MAR-2023 22:34:04",778,0,0,262.299,0,0,0,0,262.2969,0.00209999999998445,0,0
"06-MAR-2023 22:35","06-MAR-2023 22:34:04",78,0,0,264.183,0,0,0,0,264.1827,0.000299999999981537,0,0
"06-MAR-2023 22:35","06-MAR-2023 22:34:04",783,0,0,264.045,0,0,0,0,263.9377,0.107300000000009,0,0
"06-MAR-2023 22:35","06-MAR-2023 22:34:04",784,0,0,265.231,0,0,0,0,265.2307,0.000299999999981537,0,0
"06-MAR-2023 22:35","06-MAR-2023 22:34:04",785,0,0,264.127,0,0,0,0,264.127,0,0,0
"06-MAR-2023 22:35","06-MAR-2023 22:34:04",786,0,0,264.094,0,0,0,0,264.1827,-0.0887000000000171,0,0
"06-MAR-2023 22:35","06-MAR-2023 22:34:04",787,0,0,263.772,0,0,0,0,264.0322,-0.260199999999998,0,0
"06-MAR-2023 22:35","06-MAR-2023 22:34:04",788,0,0,264.066,0,0,0,0,264.0662,-0.000200000000006639,0,0
"06-MAR-2023 22:35","06-MAR-2023 22:34:04",789,0,0,263.933,0,0,0,0,264.036,-0.103000000000009,0,0
"06-MAR-2023 22:35","06-MAR-2023 22:34:04",79,0,0,264.343,0,0,0,0,264.3425,0.00050000000004502,0,0
"06-MAR-2023 22:35","06-MAR-2023 22:34:04",790,0,0,264.064,0,0,0,0,264.064,0,0,0
"06-MAR-2023 22:35","06-MAR-2023 22:34:04",791,0,0,259.826,0,0,0,0,259.8258,0.000200000000006639,0,0
"06-MAR-2023 22:35","06-MAR-2023 22:34:04",792,0,0,249.226,0,0,0,0,249.1099,0.116099999999989,0,0
"06-MAR-2023 22:35","06-MAR-2023 22:34:04",793,0,0,248.941,0,0,0,0,249.0298,-0.088799999999992,0,0
"06-MAR-2023 22:35","06-MAR-2023 22:34:04",794,0,0,249.522,0,0,0,0,249.522,0,0,0
"06-MAR-2023 22:35","06-MAR-2023 22:34:04",795,0,0,249.707,0,0,0,0,249.7071,-0.00010000000000332,0,0
"06-MAR-2023 22:35","06-MAR-2023 22:34:04",796,0,0,247.009,0,0,0,0,247.0606,-0.0516000000000076,0,0
"06-MAR-2023 22:35","06-MAR-2023 22:34:04",797,0,0,252.677,0,0,0,0,252.7368,-0.0597999999999956,0,0
"06-MAR-2023 22:35","06-MAR-2023 22:34:04",798,0,0,252.791,0,0,0,0,252.7309,0.0601000000000056,0,0
"06-MAR-2023 22:35","06-MAR-2023 22:34:04",799,0,0,251.147,0,0,0,0,251.232,-0.085000000000008,0,0
"06-MAR-2023 22:35","06-MAR-2023 22:34:04",80,0,0,263.451,0,0,0,0,263.4514,-0.000399999999956435,0,0
"06-MAR-2023 22:35","06-MAR-2023 22:34:04",800,0,0,251.214,0,0,0,0,251.2138,0.000200000000006639,0,0
"06-MAR-2023 22:35","06-MAR-2023 22:34:04",801,0,0,250.787,0,0,0,0,252.0471,-1.26009999999999,0,0
"06-MAR-2023 22:35","06-MAR-2023 22:34:04",802,0,0,250.65,0,0,0,0,252.0471,-1.39709999999999,0,0
"06-MAR-2023 22:35","06-MAR-2023 22:34:04",803,0,0,257.421,0,0,0,0,257.5583,-0.137299999999982,0,0
"06-MAR-2023 22:35","06-MAR-2023 22:34:04",804,0,0,257.59,0,0,0,0,257.5903,-0.000300000000038381,0,0
"06-MAR-2023 22:35","06-MAR-2023 22:34:04",805,0,0,260.198,0,0,0,0,260.2679,-0.0699000000000183,0,0
"06-MAR-2023 22:35","06-MAR-2023 22:34:04",806,0,0,260.198,0,0,0,0,260.1985,-0.00050000000004502,0,0
"06-MAR-2023 22:35","06-MAR-2023 22:34:04",807,0,0,263.112,0,0,0,0,263.1972,-0.0851999999999862,0,0
"06-MAR-2023 22:35","06-MAR-2023 22:34:04",808,0,0,278.952,0,0,0,0,278.9524,-0.000400000000013279,0,0
"06-MAR-2023 22:35","06-MAR-2023 22:34:04",809,0,0,278.86,0,0,0,0,278.9234,-0.0634000000000015,0,0
"06-MAR-2023 22:35","06-MAR-2023 22:34:04",81,0,0,263.457,0,0,0,0,263.4574,-0.000400000000013279,0,0
"06-MAR-2023 22:35","06-MAR-2023 22:34:04",810,0,0,281.155,0,0,0,0,283.4488,-2.29380000000003,0,0
"06-MAR-2023 22:35","06-MAR-2023 22:34:04",811,0,0,283.752,0,0,0,0,283.7518,0.000200000000006639,0,0
"06-MAR-2023 22:35","06-MAR-2023 22:34:04",812,0,0,280.877,0,0,0,0,280.5386,0.338400000000036,0,0
"06-MAR-2023 22:35","06-MAR-2023 22:34:04",813,0,0,280.853,0,0,0,0,280.8531,-9.99999999748979e-05,0,0
"06-MAR-2023 22:35","06-MAR-2023 22:34:04",814,0,0,280.78,0,0,0,0,280.7798,0.000199999999949796,0,0
"06-MAR-2023 22:35","06-MAR-2023 22:34:04",815,0,0,276.154,0,0,0,0,276.1877,-0.0337000000000103,0,0
"06-MAR-2023 22:35","06-MAR-2023 22:34:04",816,0,0,276.016,0,0,0,0,276.0927,-0.0766999999999598,0,0
"06-MAR-2023 22:35","06-MAR-2023 22:34:04",817,0,0,271.485,0,0,0,0,271.4846,0.000400000000013279,0,0
"06-MAR-2023 22:35","06-MAR-2023 22:34:04",818,0,0,271.484,0,0,0,0,271.4844,-0.000400000000013279,0,0
"06-MAR-2023 22:35","06-MAR-2023 22:34:04",819,0,0,266.945,0,0,0,0,266.9451,-0.000100000000031741,0,0
"06-MAR-2023 22:35","06-MAR-2023 22:34:04",82,0,0,263.449,0,0,0,0,263.4486,0.000400000000013279,0,0
"06-MAR-2023 22:35","06-MAR-2023 22:34:04",820,0,0,266.681,0,0,0,0,266.7422,-0.0612000000000421,0,0
"06-MAR-2023 22:35","06-MAR-2023 22:34:04",821,0,0,265.037,0,0,0,0,265.0369,9.99999999748979e-05,0,0
"06-MAR-2023 22:35","06-MAR-2023 22:34:04",822,0,0,288.188,0,0,0,0,288.0572,0.130799999999965,0,0
"06-MAR-2023 22:35","06-MAR-2023 22:34:04",823,0,0,287.875,0,0,0,0,288.0338,-0.158799999999985,0,0
"06-MAR-2023 22:35","06-MAR-2023 22:34:04",824,0,0,260.589,0,0,0,0,260.5895,-0.000499999999988177,0,0
"06-MAR-2023 22:35","06-MAR-2023 22:34:04",825,0,0,261.025,0,0,0,0,260.9,0.125,0,0
"06-MAR-2023 22:35","06-MAR-2023 22:34:04",826,0,0,292.817,0,0,0,0,293.1767,-0.359699999999975,0,0
"06-MAR-2023 22:35","06-MAR-2023 22:34:04",827,0,0,292.923,0,0,0,0,293.0757,-0.152699999999982,0,0
"06-MAR-2023 22:35","06-MAR-2023 22:34:04",828,0,0,274.928,0,0,0,0,274.9284,-0.000400000000013279,0,0
"06-MAR-2023 22:35","06-MAR-2023 22:34:04",829,0,0,298.028,0,0,0,0,297.7993,0.228700000000003,0,0
"06-MAR-2023 22:35","06-MAR-2023 22:34:04",83,0,70.307,263.818,0,0,70.3071,0,263.8179,9.99999999748979e-05,-1e-04,0
"06-MAR-2023 22:35","06-MAR-2023 22:34:04",830,0,0,269.394,0,0,0,0,269.3751,0.0189000000000306,0,0
"06-MAR-2023 22:35","06-MAR-2023 22:34:04",84,0,0,263.309,0,0,0,0,263.3087,0.000300000000038381,0,0
"06-MAR-2023 22:35","06-MAR-2023 22:34:04",87,0,18.459,265.361,0,0,18.4594,0,265.3608,0.000200000000006639,-4e-04,0
"06-MAR-2023 22:35","06-MAR-2023 22:34:04",88,0,0,264.072,0,0,0,0,264.0718,0.000200000000006639,0,0
"06-MAR-2023 22:35","06-MAR-2023 22:34:04",89,0,132.645,264.83,0,0,132.6454,0,264.8303,-0.000300000000038381,-4e-04,0
"06-MAR-2023 22:35","06-MAR-2023 22:34:04",9,0,0,264.405,0,0,0,0,264.4051,-0.000100000000031741,0,0
"06-MAR-2023 22:35","06-MAR-2023 22:34:04",90,0,0,264,0,0,0,0,264.0001,-9.99999999748979e-05,0,0
"06-MAR-2023 22:35","06-MAR-2023 22:34:04",91,0,0,263.984,0,0,0,0,263.9844,-0.000400000000013279,0,0
"06-MAR-2023 22:35","06-MAR-2023 22:34:04",92,0,0,264.032,0,0,0,0,264.0322,-0.000200000000006639,0,0
"06-MAR-2023 22:35","06-MAR-2023 22:34:04",93,0,0,263.902,0,0,0,0,263.9023,-0.000300000000038381,0,0
"06-MAR-2023 22:35","06-MAR-2023 22:34:04",94,0,9.865,264.041,0,0,9.865,0,264.0412,-0.000200000000006639,0,0
"06-MAR-2023 22:35","06-MAR-2023 22:34:04",95,0,44.585,265.88,0,0,44.585,0,265.8803,-0.000299999999981537,0,0
"06-MAR-2023 22:35","06-MAR-2023 22:34:04",96,0,23.806,265.231,0,0,23.8056,0,265.2307,0.000299999999981537,4e-04,0
"06-MAR-2023 22:35","06-MAR-2023 22:34:04",97,0,53.663,263.556,0,0,53.6634,0,263.5559,9.99999999748979e-05,-4e-04,0
"06-MAR-2023 22:35","06-MAR-2023 22:34:04",98,0,0,263.017,0,0,0,0,263.0168,0.000200000000006639,0,0
"06-MAR-2023 22:35","06-MAR-2023 22:34:04",99,0,0,263.244,0,0,0,0,263.244,0,0,0
